PRAGMA foreign_keys=OFF;
BEGIN TRANSACTION;
CREATE TABLE Categories (
    id integer primary key,
    name text,
    display_name text,
    standalone boolean default 0,
    flashcardset_id integer references FlashcardSet(id));
INSERT INTO Categories VALUES(0,'Non-Flashcards',NULL,0,NULL);
INSERT INTO Categories VALUES(1,'Common','Common Phrases',0,12);
INSERT INTO Categories VALUES(2,'Number','Numbers',0,13);
INSERT INTO Categories VALUES(3,'Colors','Colors',1,1);
INSERT INTO Categories VALUES(4,'Pronouns',NULL,0,12);
INSERT INTO Categories VALUES(5,'Family','Family',1,2);
INSERT INTO Categories VALUES(6,'Electronics',NULL,0,4);
INSERT INTO Categories VALUES(7,'Datetime','Date/Time',1,3);
INSERT INTO Categories VALUES(8,'Adjectives',NULL,0,8);
INSERT INTO Categories VALUES(9,'House','Around the House',1,4);
INSERT INTO Categories VALUES(10,'Food','Food/Drink',1,5);
INSERT INTO Categories VALUES(11,'Body','Body Parts',1,6);
INSERT INTO Categories VALUES(13,'Actions',NULL,0,8);
INSERT INTO Categories VALUES(14,'School','School/Work',1,7);
INSERT INTO Categories VALUES(15,'Animals',NULL,0,14);
INSERT INTO Categories VALUES(16,'Misc','Miscellaneous',0,8);
INSERT INTO Categories VALUES(17,'Shopping',NULL,0,8);
INSERT INTO Categories VALUES(18,'Clothing',NULL,0,8);
INSERT INTO Categories VALUES(19,'','All',0,NULL);
INSERT INTO Categories VALUES(20,'Time','Clock Time',0,11);
INSERT INTO Categories VALUES(21,'Phrase','Sentences',0,10);
INSERT INTO Categories VALUES(22,'Weather',NULL,0,NULL);
INSERT INTO Categories VALUES(23,'Outside',NULL,0,14);
INSERT INTO Categories VALUES(26,'Months',NULL,0,3);
INSERT INTO Categories VALUES(27,'Weekdays','Days of the Week',0,3);
INSERT INTO Categories VALUES(28,'Produce','Fruits/Vegetables',0,5);
INSERT INTO Categories VALUES(29,'Meat',NULL,0,5);
INSERT INTO Categories VALUES(30,'Drink',NULL,0,5);
INSERT INTO Categories VALUES(31,'Bathroom',NULL,0,4);
INSERT INTO Categories VALUES(32,'Basics','Basic Words',0,12);
CREATE TABLE English (
    id integer primary key,
    category_id integer,
    word text,
    hidden boolean default 0,
    notes text collate nocase,
    part_of_speech_id integer references PartOfSpeech(id),
    sort integer,
    foreign key(category_id) references Categories(id)
);
INSERT INTO English VALUES(1,1,'hello',0,NULL,NULL,NULL);
INSERT INTO English VALUES(2,1,'thank you',0,NULL,NULL,NULL);
INSERT INTO English VALUES(3,1,'sorry',0,NULL,NULL,NULL);
INSERT INTO English VALUES(4,1,'excuse me',1,NULL,NULL,NULL);
INSERT INTO English VALUES(6,2,'1',0,NULL,NULL,NULL);
INSERT INTO English VALUES(7,2,'2',0,NULL,NULL,NULL);
INSERT INTO English VALUES(8,2,'3',1,NULL,NULL,NULL);
INSERT INTO English VALUES(9,2,'4',1,NULL,NULL,NULL);
INSERT INTO English VALUES(10,2,'5',1,NULL,NULL,NULL);
INSERT INTO English VALUES(11,2,'6',1,NULL,NULL,NULL);
INSERT INTO English VALUES(12,2,'7',1,NULL,NULL,NULL);
INSERT INTO English VALUES(13,2,'8',1,NULL,NULL,NULL);
INSERT INTO English VALUES(14,2,'9',1,NULL,NULL,NULL);
INSERT INTO English VALUES(15,2,'10',1,NULL,NULL,NULL);
INSERT INTO English VALUES(16,2,'0',1,NULL,NULL,NULL);
INSERT INTO English VALUES(17,2,'2',0,'alt',NULL,NULL);
INSERT INTO English VALUES(18,2,'1',0,'alt',NULL,NULL);
INSERT INTO English VALUES(19,3,'color',0,NULL,NULL,1);
INSERT INTO English VALUES(20,3,'black',0,NULL,NULL,2);
INSERT INTO English VALUES(21,3,'white',0,NULL,NULL,2);
INSERT INTO English VALUES(22,3,'red',0,NULL,NULL,2);
INSERT INTO English VALUES(23,28,'orange',0,NULL,NULL,10);
INSERT INTO English VALUES(24,3,'yellow',0,NULL,NULL,2);
INSERT INTO English VALUES(25,3,'green',0,NULL,NULL,2);
INSERT INTO English VALUES(26,3,'blue',0,NULL,NULL,2);
INSERT INTO English VALUES(27,3,'purple',0,NULL,NULL,2);
INSERT INTO English VALUES(28,3,'silver',0,'color',NULL,2);
INSERT INTO English VALUES(29,3,'gold',0,NULL,NULL,2);
INSERT INTO English VALUES(30,3,'gray',0,NULL,NULL,2);
INSERT INTO English VALUES(31,3,'pink',0,NULL,NULL,2);
INSERT INTO English VALUES(32,4,'I',0,NULL,1,1);
INSERT INTO English VALUES(33,4,'you',0,NULL,NULL,1);
INSERT INTO English VALUES(34,4,'he, she, it',0,NULL,NULL,1);
INSERT INTO English VALUES(35,4,'we',0,'including person spoken to',NULL,1);
INSERT INTO English VALUES(36,4,'they',0,NULL,NULL,1);
INSERT INTO English VALUES(37,4,'people',0,NULL,NULL,2);
INSERT INTO English VALUES(38,5,'father',0,'addressing',NULL,NULL);
INSERT INTO English VALUES(39,5,'mother',0,'addressing',NULL,NULL);
INSERT INTO English VALUES(40,5,'child',0,NULL,NULL,NULL);
INSERT INTO English VALUES(41,5,'older brother',0,NULL,NULL,NULL);
INSERT INTO English VALUES(42,5,'younger brother',0,NULL,NULL,NULL);
INSERT INTO English VALUES(43,5,'older sister',0,NULL,NULL,NULL);
INSERT INTO English VALUES(44,5,'younger sister',0,NULL,NULL,NULL);
INSERT INTO English VALUES(45,5,'husband',0,NULL,NULL,NULL);
INSERT INTO English VALUES(46,5,'wife',0,NULL,NULL,NULL);
INSERT INTO English VALUES(47,5,'grandmother',0,NULL,NULL,NULL);
INSERT INTO English VALUES(48,5,'grandfather',0,NULL,NULL,NULL);
INSERT INTO English VALUES(49,5,'grandmother',0,'dad''s mom',NULL,NULL);
INSERT INTO English VALUES(50,5,'grandmother',0,'mom''s mom',NULL,NULL);
INSERT INTO English VALUES(51,5,'grandfather',0,'dad''s dad',NULL,NULL);
INSERT INTO English VALUES(52,5,'grandfather',0,'mom''s dad',NULL,NULL);
INSERT INTO English VALUES(53,5,'cousin',1,'dad''s side',NULL,NULL);
INSERT INTO English VALUES(54,5,'cousin',1,'mom''s side',NULL,NULL);
INSERT INTO English VALUES(55,5,'grandchild',0,NULL,NULL,NULL);
INSERT INTO English VALUES(56,5,'uncle',0,'dad''s older brother',NULL,NULL);
INSERT INTO English VALUES(57,5,'uncle',0,'dad''s younger brother',NULL,NULL);
INSERT INTO English VALUES(58,5,'aunt',0,'dad''s younger brother''s wife',NULL,NULL);
INSERT INTO English VALUES(59,5,'aunt',0,'dad''s older brother''s wife',NULL,NULL);
INSERT INTO English VALUES(60,5,'aunt',0,'dad''s sister',NULL,NULL);
INSERT INTO English VALUES(61,5,'uncle',0,'dad''s sister''s husband',NULL,NULL);
INSERT INTO English VALUES(62,5,'aunt',0,'mom''s sister',NULL,NULL);
INSERT INTO English VALUES(63,5,'uncle',0,'mom''s sister''s husband',NULL,NULL);
INSERT INTO English VALUES(64,5,'uncle',0,'mom''s brother',NULL,NULL);
INSERT INTO English VALUES(65,5,'aunt',0,'mom''s brother''s wife',NULL,NULL);
INSERT INTO English VALUES(66,5,'relative',1,NULL,NULL,NULL);
INSERT INTO English VALUES(67,2,'100',1,NULL,NULL,NULL);
INSERT INTO English VALUES(68,6,'television',0,NULL,NULL,NULL);
INSERT INTO English VALUES(69,6,'computer',0,NULL,NULL,NULL);
INSERT INTO English VALUES(70,6,'phone',0,NULL,NULL,NULL);
INSERT INTO English VALUES(71,2,'11',1,NULL,NULL,NULL);
INSERT INTO English VALUES(72,2,'12',1,NULL,NULL,NULL);
INSERT INTO English VALUES(73,7,'time',1,'hour',NULL,10);
INSERT INTO English VALUES(74,7,'time',1,'30 min',NULL,10);
INSERT INTO English VALUES(75,7,'time',1,'5 min',NULL,10);
INSERT INTO English VALUES(76,7,'afternoon',0,NULL,NULL,4);
INSERT INTO English VALUES(77,7,'noon',1,NULL,NULL,10);
INSERT INTO English VALUES(78,7,'midnight',1,NULL,NULL,10);
INSERT INTO English VALUES(79,7,'evening',1,NULL,NULL,10);
INSERT INTO English VALUES(80,7,'day',0,NULL,NULL,1);
INSERT INTO English VALUES(81,7,'week',0,NULL,NULL,10);
INSERT INTO English VALUES(82,7,'month',0,NULL,NULL,10);
INSERT INTO English VALUES(83,7,'year',0,NULL,NULL,10);
INSERT INTO English VALUES(84,27,'Monday',0,NULL,NULL,1);
INSERT INTO English VALUES(85,27,'Tuesday',0,NULL,NULL,2);
INSERT INTO English VALUES(86,27,'Wednesday',0,NULL,NULL,3);
INSERT INTO English VALUES(87,27,'Thursday',0,NULL,NULL,4);
INSERT INTO English VALUES(88,27,'Friday',0,NULL,NULL,5);
INSERT INTO English VALUES(89,27,'Saturday',0,NULL,NULL,6);
INSERT INTO English VALUES(90,27,'Sunday',0,NULL,NULL,7);
INSERT INTO English VALUES(91,26,'January',0,NULL,NULL,1);
INSERT INTO English VALUES(92,26,'February',0,NULL,NULL,2);
INSERT INTO English VALUES(93,26,'March',0,NULL,NULL,3);
INSERT INTO English VALUES(94,26,'April',0,NULL,NULL,4);
INSERT INTO English VALUES(95,26,'May',0,NULL,NULL,5);
INSERT INTO English VALUES(96,26,'June',0,NULL,NULL,6);
INSERT INTO English VALUES(97,26,'July',0,NULL,NULL,7);
INSERT INTO English VALUES(98,26,'August',0,NULL,NULL,8);
INSERT INTO English VALUES(99,26,'September',0,NULL,NULL,9);
INSERT INTO English VALUES(100,26,'October',0,NULL,NULL,10);
INSERT INTO English VALUES(101,26,'November',0,NULL,NULL,11);
INSERT INTO English VALUES(102,26,'December',0,NULL,NULL,12);
INSERT INTO English VALUES(103,8,'small',0,NULL,NULL,NULL);
INSERT INTO English VALUES(104,8,'big',0,NULL,NULL,NULL);
INSERT INTO English VALUES(105,5,'son',0,NULL,NULL,NULL);
INSERT INTO English VALUES(106,5,'daughter',0,NULL,NULL,NULL);
INSERT INTO English VALUES(107,7,'morning',0,NULL,NULL,4);
INSERT INTO English VALUES(108,7,'tomorrow',0,NULL,NULL,2);
INSERT INTO English VALUES(109,7,'yesterday',0,NULL,NULL,2);
INSERT INTO English VALUES(110,7,'today',0,NULL,NULL,2);
INSERT INTO English VALUES(111,9,'house',0,NULL,NULL,NULL);
INSERT INTO English VALUES(112,10,'rice noodles',0,NULL,NULL,NULL);
INSERT INTO English VALUES(113,8,'old',0,NULL,NULL,NULL);
INSERT INTO English VALUES(114,29,'eggs',0,NULL,NULL,10);
INSERT INTO English VALUES(115,17,'expensive',0,NULL,NULL,NULL);
INSERT INTO English VALUES(116,17,'cheap',0,NULL,NULL,NULL);
INSERT INTO English VALUES(117,11,'eye',0,NULL,NULL,NULL);
INSERT INTO English VALUES(119,4,'what',0,NULL,NULL,3);
INSERT INTO English VALUES(120,11,'hand',0,NULL,NULL,NULL);
INSERT INTO English VALUES(121,30,'water',0,NULL,NULL,NULL);
INSERT INTO English VALUES(122,10,'hungry',0,NULL,NULL,NULL);
INSERT INTO English VALUES(123,11,'hair',0,NULL,NULL,NULL);
INSERT INTO English VALUES(124,8,'pretty',0,NULL,NULL,NULL);
INSERT INTO English VALUES(125,9,'living room',1,NULL,NULL,NULL);
INSERT INTO English VALUES(126,9,'kitchen',1,NULL,NULL,NULL);
INSERT INTO English VALUES(127,31,'restroom',0,'',NULL,NULL);
INSERT INTO English VALUES(128,31,'bathroom',0,'',NULL,NULL);
INSERT INTO English VALUES(129,9,'bedroom',0,NULL,NULL,NULL);
INSERT INTO English VALUES(130,9,'door',0,NULL,NULL,NULL);
INSERT INTO English VALUES(131,9,'room',0,NULL,NULL,NULL);
INSERT INTO English VALUES(132,5,'cousin',0,'older male on dad''s side',NULL,NULL);
INSERT INTO English VALUES(133,5,'cousin',0,'younger male on dad''s side',NULL,NULL);
INSERT INTO English VALUES(134,5,'cousin',0,'younger female on dad''s side',NULL,NULL);
INSERT INTO English VALUES(135,5,'cousin',0,'older female on dad''s side',NULL,NULL);
INSERT INTO English VALUES(136,5,'cousin',0,'older female on mom''s side',NULL,NULL);
INSERT INTO English VALUES(137,5,'cousin',0,'younger female on mom''s side',NULL,NULL);
INSERT INTO English VALUES(138,5,'cousin',0,'younger male on mom''s side',NULL,NULL);
INSERT INTO English VALUES(139,5,'cousin',0,'older male on mom''s side',NULL,NULL);
INSERT INTO English VALUES(140,9,'stairs',0,NULL,NULL,NULL);
INSERT INTO English VALUES(141,9,'window',0,NULL,NULL,NULL);
INSERT INTO English VALUES(142,9,'table',0,NULL,NULL,NULL);
INSERT INTO English VALUES(143,9,'pillow',0,NULL,NULL,NULL);
INSERT INTO English VALUES(144,9,'blanket',0,NULL,NULL,NULL);
INSERT INTO English VALUES(145,9,'fridge',0,NULL,NULL,NULL);
INSERT INTO English VALUES(146,2,'1000',0,NULL,NULL,NULL);
INSERT INTO English VALUES(147,9,'keys',0,'',NULL,NULL);
INSERT INTO English VALUES(148,9,'umbrella',0,'',NULL,NULL);
INSERT INTO English VALUES(149,9,'body pillow',0,NULL,NULL,NULL);
INSERT INTO English VALUES(150,9,'chair',0,NULL,NULL,NULL);
INSERT INTO English VALUES(151,9,'bed',0,NULL,NULL,NULL);
INSERT INTO English VALUES(152,9,'wall',1,NULL,NULL,NULL);
INSERT INTO English VALUES(153,9,'drawers',1,NULL,NULL,NULL);
INSERT INTO English VALUES(154,9,'closet',1,NULL,NULL,NULL);
INSERT INTO English VALUES(155,9,'air conditioner',0,NULL,NULL,NULL);
INSERT INTO English VALUES(156,9,'lamp',1,NULL,NULL,NULL);
INSERT INTO English VALUES(157,9,'stove',0,NULL,NULL,NULL);
INSERT INTO English VALUES(158,9,'garden',1,'vegetable',NULL,NULL);
INSERT INTO English VALUES(159,9,'garden',1,'flower',NULL,NULL);
INSERT INTO English VALUES(160,9,'fan',0,NULL,NULL,NULL);
INSERT INTO English VALUES(161,9,'ground',0,NULL,NULL,NULL);
INSERT INTO English VALUES(162,13,'to wash',0,NULL,NULL,NULL);
INSERT INTO English VALUES(163,9,'washing machine',0,NULL,NULL,NULL);
INSERT INTO English VALUES(164,14,'school',0,NULL,NULL,NULL);
INSERT INTO English VALUES(165,14,'to go to school',0,NULL,NULL,NULL);
INSERT INTO English VALUES(166,29,'fish',0,NULL,NULL,10);
INSERT INTO English VALUES(167,14,'bookbag',0,NULL,NULL,NULL);
INSERT INTO English VALUES(168,28,'banana',0,NULL,NULL,10);
INSERT INTO English VALUES(169,28,'apple',0,NULL,NULL,10);
INSERT INTO English VALUES(170,14,'teacher',0,NULL,NULL,NULL);
INSERT INTO English VALUES(171,14,'principal',1,NULL,NULL,NULL);
INSERT INTO English VALUES(172,14,'student',1,NULL,NULL,NULL);
INSERT INTO English VALUES(173,14,'kindergarten',1,NULL,NULL,NULL);
INSERT INTO English VALUES(174,14,'elementary school',1,NULL,NULL,NULL);
INSERT INTO English VALUES(175,14,'middle school',1,NULL,NULL,NULL);
INSERT INTO English VALUES(176,14,'high school',1,NULL,NULL,NULL);
INSERT INTO English VALUES(177,14,'college',1,NULL,NULL,NULL);
INSERT INTO English VALUES(178,14,'pen',0,NULL,NULL,NULL);
INSERT INTO English VALUES(179,14,'pencil',0,NULL,NULL,NULL);
INSERT INTO English VALUES(180,14,'rubber band',0,'',NULL,NULL);
INSERT INTO English VALUES(181,14,'eraser',1,NULL,NULL,NULL);
INSERT INTO English VALUES(182,14,'paper',0,NULL,NULL,NULL);
INSERT INTO English VALUES(183,14,'book',0,NULL,NULL,NULL);
INSERT INTO English VALUES(184,14,'ruler',1,NULL,NULL,NULL);
INSERT INTO English VALUES(185,14,'calculator',1,NULL,NULL,NULL);
INSERT INTO English VALUES(186,30,'milk',0,NULL,NULL,NULL);
INSERT INTO English VALUES(187,30,'coffee',0,NULL,NULL,NULL);
INSERT INTO English VALUES(188,30,'tea',0,NULL,NULL,NULL);
INSERT INTO English VALUES(189,30,'alcohol',0,NULL,NULL,NULL);
INSERT INTO English VALUES(190,30,'orange juice',0,NULL,NULL,NULL);
INSERT INTO English VALUES(191,31,'to pee',0,'',NULL,NULL);
INSERT INTO English VALUES(192,31,'to poop',0,'',NULL,NULL);
INSERT INTO English VALUES(193,31,'to fart',0,'',NULL,NULL);
INSERT INTO English VALUES(194,10,'to eat',0,NULL,NULL,NULL);
INSERT INTO English VALUES(195,10,'to taste',0,NULL,NULL,NULL);
INSERT INTO English VALUES(196,29,'beef',0,NULL,NULL,10);
INSERT INTO English VALUES(197,15,'chicken',0,NULL,NULL,NULL);
INSERT INTO English VALUES(198,29,'chicken',0,'meat',NULL,10);
INSERT INTO English VALUES(199,29,'pork',0,NULL,NULL,10);
INSERT INTO English VALUES(200,9,'dryer',1,NULL,NULL,NULL);
INSERT INTO English VALUES(201,30,'soda',0,NULL,NULL,NULL);
INSERT INTO English VALUES(203,30,'milk tea',0,NULL,NULL,NULL);
INSERT INTO English VALUES(204,10,'coconut',1,NULL,NULL,NULL);
INSERT INTO English VALUES(205,10,'coconut juice',1,NULL,NULL,NULL);
INSERT INTO English VALUES(206,10,'breakfast',1,NULL,NULL,NULL);
INSERT INTO English VALUES(207,10,'lunch',1,NULL,NULL,NULL);
INSERT INTO English VALUES(208,10,'dinner',1,NULL,NULL,NULL);
INSERT INTO English VALUES(209,29,'duck',0,'meat',NULL,10);
INSERT INTO English VALUES(210,29,'ground meat',0,NULL,NULL,10);
INSERT INTO English VALUES(211,29,'dried, shredded pork',0,NULL,NULL,10);
INSERT INTO English VALUES(212,29,'Chinese sausage',0,NULL,NULL,10);
INSERT INTO English VALUES(214,29,'crab',0,NULL,NULL,10);
INSERT INTO English VALUES(215,29,'shrimp',0,NULL,NULL,10);
INSERT INTO English VALUES(216,28,'vegetables',0,NULL,NULL,1);
INSERT INTO English VALUES(217,28,'chives',0,NULL,NULL,10);
INSERT INTO English VALUES(218,28,'bean sprouts',0,NULL,NULL,10);
INSERT INTO English VALUES(219,28,'winter melon',0,NULL,NULL,10);
INSERT INTO English VALUES(220,8,'cold',0,NULL,NULL,NULL);
INSERT INTO English VALUES(222,28,'eggplant',0,NULL,NULL,10);
INSERT INTO English VALUES(223,10,'lamb',1,'meat',NULL,NULL);
INSERT INTO English VALUES(224,10,'turkey',1,'meat',NULL,NULL);
INSERT INTO English VALUES(225,29,'meatball',0,'beef',NULL,10);
INSERT INTO English VALUES(226,29,'meatball',0,NULL,NULL,10);
INSERT INTO English VALUES(227,10,'butter',0,NULL,NULL,NULL);
INSERT INTO English VALUES(229,10,'seafood',1,NULL,NULL,NULL);
INSERT INTO English VALUES(230,29,'lobster',0,NULL,NULL,10);
INSERT INTO English VALUES(231,16,'seaweed',1,NULL,NULL,NULL);
INSERT INTO English VALUES(232,28,'herbs',0,NULL,NULL,10);
INSERT INTO English VALUES(233,28,'basil',0,NULL,NULL,10);
INSERT INTO English VALUES(234,10,'mint',1,NULL,NULL,NULL);
INSERT INTO English VALUES(236,10,'cilantro',1,NULL,NULL,NULL);
INSERT INTO English VALUES(237,28,'green onion',0,NULL,NULL,10);
INSERT INTO English VALUES(238,28,'garlic',0,NULL,NULL,10);
INSERT INTO English VALUES(239,28,'chili pepper',0,NULL,NULL,10);
INSERT INTO English VALUES(240,28,'mushroom',0,NULL,NULL,10);
INSERT INTO English VALUES(241,28,'wood ear',0,NULL,NULL,10);
INSERT INTO English VALUES(242,28,'beans',0,NULL,NULL,10);
INSERT INTO English VALUES(243,10,'watercress',1,NULL,NULL,NULL);
INSERT INTO English VALUES(244,28,'lettuce',0,NULL,NULL,10);
INSERT INTO English VALUES(245,28,'napa cabbage',0,NULL,NULL,10);
INSERT INTO English VALUES(246,10,'spinach',1,NULL,NULL,NULL);
INSERT INTO English VALUES(247,10,'bamboo',1,NULL,NULL,NULL);
INSERT INTO English VALUES(248,10,'asparagus',1,NULL,NULL,NULL);
INSERT INTO English VALUES(249,28,'carrot',0,NULL,NULL,10);
INSERT INTO English VALUES(250,11,'head',0,NULL,NULL,NULL);
INSERT INTO English VALUES(251,28,'corn',0,NULL,NULL,10);
INSERT INTO English VALUES(252,28,'bitter melon',0,NULL,NULL,10);
INSERT INTO English VALUES(253,28,'tomato',0,NULL,NULL,10);
INSERT INTO English VALUES(254,10,'pumpkin',1,NULL,NULL,NULL);
INSERT INTO English VALUES(255,28,'taro',0,NULL,NULL,10);
INSERT INTO English VALUES(256,10,'fruit',1,NULL,NULL,NULL);
INSERT INTO English VALUES(257,10,'pear',1,NULL,NULL,NULL);
INSERT INTO English VALUES(258,10,'clementine',1,NULL,NULL,NULL);
INSERT INTO English VALUES(259,10,'cantaloupe',1,NULL,NULL,NULL);
INSERT INTO English VALUES(260,28,'durian',0,NULL,NULL,10);
INSERT INTO English VALUES(261,10,'grapefruit',1,NULL,NULL,NULL);
INSERT INTO English VALUES(262,10,'guava',1,NULL,NULL,NULL);
INSERT INTO English VALUES(263,10,'jackfruit',1,NULL,NULL,NULL);
INSERT INTO English VALUES(264,28,'lime',0,NULL,NULL,10);
INSERT INTO English VALUES(265,10,'pomegranate',1,NULL,NULL,NULL);
INSERT INTO English VALUES(266,28,'watermelon',0,NULL,NULL,10);
INSERT INTO English VALUES(267,28,'pineapple',0,NULL,NULL,10);
INSERT INTO English VALUES(268,28,'tofu',0,NULL,NULL,10);
INSERT INTO English VALUES(269,28,'cucumber',0,NULL,NULL,10);
INSERT INTO English VALUES(270,10,'towel gourd',1,NULL,NULL,NULL);
INSERT INTO English VALUES(271,28,'radish',0,NULL,NULL,10);
INSERT INTO English VALUES(273,28,'onion',0,NULL,NULL,10);
INSERT INTO English VALUES(274,28,'papaya',0,NULL,NULL,10);
INSERT INTO English VALUES(275,30,'wine',0,NULL,NULL,NULL);
INSERT INTO English VALUES(276,28,'grapes',0,NULL,NULL,10);
INSERT INTO English VALUES(277,30,'beer',0,NULL,NULL,NULL);
INSERT INTO English VALUES(278,10,'garlic chive cake',0,NULL,NULL,NULL);
INSERT INTO English VALUES(279,8,'hot',0,NULL,NULL,NULL);
INSERT INTO English VALUES(280,32,'name',0,'',NULL,NULL);
INSERT INTO English VALUES(281,4,'who',0,NULL,NULL,3);
INSERT INTO English VALUES(282,4,'when',0,NULL,NULL,3);
INSERT INTO English VALUES(283,4,'where',0,NULL,NULL,3);
INSERT INTO English VALUES(284,4,'how',0,NULL,NULL,3);
INSERT INTO English VALUES(285,4,'we',0,'excluding person spoken to',NULL,1);
INSERT INTO English VALUES(286,11,'hair',0,'on your head',NULL,NULL);
INSERT INTO English VALUES(287,11,'forehead',1,NULL,NULL,NULL);
INSERT INTO English VALUES(288,11,'face',0,NULL,NULL,NULL);
INSERT INTO English VALUES(289,11,'eyebrow',0,NULL,NULL,NULL);
INSERT INTO English VALUES(290,11,'ear',0,NULL,NULL,NULL);
INSERT INTO English VALUES(291,11,'nose',0,NULL,NULL,NULL);
INSERT INTO English VALUES(292,11,'mouth',0,NULL,NULL,NULL);
INSERT INTO English VALUES(293,11,'tongue',0,NULL,NULL,NULL);
INSERT INTO English VALUES(294,11,'teeth',0,NULL,NULL,NULL);
INSERT INTO English VALUES(295,11,'chin',1,'',NULL,NULL);
INSERT INTO English VALUES(296,11,'neck',0,'',NULL,NULL);
INSERT INTO English VALUES(297,11,'throat',0,'',NULL,NULL);
INSERT INTO English VALUES(298,32,'to know',0,'',2,NULL);
INSERT INTO English VALUES(299,28,'lotus root',0,'',NULL,10);
INSERT INTO English VALUES(300,11,'shoulder',1,'',NULL,NULL);
INSERT INTO English VALUES(301,11,'finger',0,'',NULL,NULL);
INSERT INTO English VALUES(302,10,'rice',0,'',NULL,NULL);
INSERT INTO English VALUES(303,11,'foot',0,'',NULL,NULL);
INSERT INTO English VALUES(304,11,'toe',1,'',NULL,NULL);
INSERT INTO English VALUES(305,11,'butt',0,'',NULL,NULL);
INSERT INTO English VALUES(306,10,'ice',0,'',NULL,NULL);
INSERT INTO English VALUES(307,30,'lemonade',0,'',NULL,NULL);
INSERT INTO English VALUES(308,11,'waist',1,'',NULL,NULL);
INSERT INTO English VALUES(309,10,'egg noodles',0,'',NULL,NULL);
INSERT INTO English VALUES(310,10,'congee',0,'',NULL,NULL);
INSERT INTO English VALUES(311,10,'bread',0,'',NULL,NULL);
INSERT INTO English VALUES(312,10,'soup',0,'',NULL,NULL);
INSERT INTO English VALUES(313,32,'to do',0,'',NULL,NULL);
INSERT INTO English VALUES(314,32,'bad',0,'',NULL,NULL);
INSERT INTO English VALUES(315,32,'good',0,'',NULL,NULL);
INSERT INTO English VALUES(316,14,'library',1,'',NULL,NULL);
INSERT INTO English VALUES(317,10,'strawberry',1,'',NULL,NULL);
INSERT INTO English VALUES(318,14,'scissors',0,'',NULL,NULL);
INSERT INTO English VALUES(319,16,'is not',1,'',NULL,NULL);
INSERT INTO English VALUES(320,16,'how many',1,'',NULL,NULL);
INSERT INTO English VALUES(321,17,'money',0,NULL,NULL,NULL);
INSERT INTO English VALUES(322,32,'to be at',0,'',NULL,NULL);
INSERT INTO English VALUES(323,32,'to go',0,'',NULL,NULL);
INSERT INTO English VALUES(324,16,'front',1,'',NULL,NULL);
INSERT INTO English VALUES(325,16,'back',1,'',NULL,NULL);
INSERT INTO English VALUES(326,17,'store',0,'',NULL,NULL);
INSERT INTO English VALUES(327,8,'tall',0,'',NULL,NULL);
INSERT INTO English VALUES(328,4,'this',0,'',NULL,4);
INSERT INTO English VALUES(329,17,'dollar',0,'',NULL,NULL);
INSERT INTO English VALUES(330,17,'to buy',0,'',NULL,NULL);
INSERT INTO English VALUES(331,10,'thirsty',0,'',NULL,NULL);
INSERT INTO English VALUES(332,13,'to want',0,'',NULL,NULL);
INSERT INTO English VALUES(333,18,'clothes',0,'',NULL,NULL);
INSERT INTO English VALUES(334,18,'shirt',0,'',NULL,NULL);
INSERT INTO English VALUES(335,18,'pants',0,'',NULL,NULL);
INSERT INTO English VALUES(336,18,'shoe',0,'',NULL,NULL);
INSERT INTO English VALUES(337,18,'sock',0,'',NULL,NULL);
INSERT INTO English VALUES(338,32,'to like',0,'',NULL,NULL);
INSERT INTO English VALUES(339,8,'short',0,'length',NULL,NULL);
INSERT INTO English VALUES(340,8,'short',1,'height',NULL,NULL);
INSERT INTO English VALUES(341,32,'yes',0,'that''s right',NULL,NULL);
INSERT INTO English VALUES(342,14,'to graduate',1,'',NULL,NULL);
INSERT INTO English VALUES(343,16,'age',1,'',NULL,NULL);
INSERT INTO English VALUES(344,10,'ice cream',0,'',NULL,NULL);
INSERT INTO English VALUES(345,14,'to learn',0,'',NULL,NULL);
INSERT INTO English VALUES(346,32,'to say',0,'',NULL,NULL);
INSERT INTO English VALUES(347,7,'time',0,'',NULL,10);
INSERT INTO English VALUES(348,32,'to have',0,'',NULL,NULL);
INSERT INTO English VALUES(349,32,'no',0,'don''t have',NULL,NULL);
INSERT INTO English VALUES(350,32,'yes',0,'to have',NULL,NULL);
INSERT INTO English VALUES(351,32,'no',0,'that''s not right',NULL,NULL);
INSERT INTO English VALUES(352,29,'meat',0,'',NULL,1);
INSERT INTO English VALUES(353,5,'great grandmother',0,'',NULL,NULL);
INSERT INTO English VALUES(354,5,'great grandfather',0,'',NULL,NULL);
INSERT INTO English VALUES(355,5,'aunt',0,'dad''s oldest sister',NULL,NULL);
INSERT INTO English VALUES(356,16,'Teochew language',1,'',NULL,NULL);
INSERT INTO English VALUES(357,28,'ginger',0,'',NULL,10);
INSERT INTO English VALUES(358,16,'movie',0,'',NULL,NULL);
INSERT INTO English VALUES(359,23,'outside',0,'',NULL,NULL);
INSERT INTO English VALUES(360,16,'park',1,'',NULL,NULL);
INSERT INTO English VALUES(361,11,'stomach',0,'',NULL,NULL);
INSERT INTO English VALUES(362,23,'to rain',0,'',NULL,NULL);
INSERT INTO English VALUES(363,14,'to write',0,'',NULL,NULL);
INSERT INTO English VALUES(364,6,'cell phone',0,'',NULL,NULL);
INSERT INTO English VALUES(365,10,'fish sauce',0,'',NULL,NULL);
INSERT INTO English VALUES(366,23,'tree',1,'',NULL,NULL);
INSERT INTO English VALUES(367,7,'night',0,'',NULL,4);
INSERT INTO English VALUES(368,10,'oil',0,'',NULL,NULL);
INSERT INTO English VALUES(369,10,'soy sauce',0,'',NULL,NULL);
INSERT INTO English VALUES(370,10,'salt',0,'',NULL,NULL);
INSERT INTO English VALUES(371,10,'black pepper',0,'',NULL,NULL);
INSERT INTO English VALUES(372,10,'sugar',0,'',NULL,NULL);
INSERT INTO English VALUES(373,10,'msg',0,'',NULL,NULL);
INSERT INTO English VALUES(374,13,'to love',0,'',NULL,NULL);
INSERT INTO English VALUES(375,10,'to cook',1,'',NULL,NULL);
INSERT INTO English VALUES(376,8,'long',0,'',NULL,NULL);
INSERT INTO English VALUES(377,8,'slow',0,'',NULL,NULL);
INSERT INTO English VALUES(378,8,'fragrant',0,'',NULL,NULL);
INSERT INTO English VALUES(379,10,'spoon',0,'',NULL,NULL);
INSERT INTO English VALUES(380,10,'chopsticks',0,'',NULL,NULL);
INSERT INTO English VALUES(381,10,'knife',0,'',NULL,NULL);
INSERT INTO English VALUES(382,10,'fork',0,'',NULL,NULL);
INSERT INTO English VALUES(383,16,'doctor',0,'',NULL,NULL);
INSERT INTO English VALUES(384,15,'dog',0,'',NULL,NULL);
INSERT INTO English VALUES(385,15,'cat',0,'',NULL,NULL);
INSERT INTO English VALUES(386,15,'mouse',0,'',NULL,NULL);
INSERT INTO English VALUES(387,15,'horse',0,'',NULL,NULL);
INSERT INTO English VALUES(388,15,'bird',0,'',NULL,NULL);
INSERT INTO English VALUES(389,15,'duck',0,'',NULL,NULL);
INSERT INTO English VALUES(390,15,'mosquito',0,'',NULL,NULL);
INSERT INTO English VALUES(391,23,'flower',0,'',NULL,NULL);
INSERT INTO English VALUES(392,15,'dragon',0,'',NULL,NULL);
INSERT INTO English VALUES(393,15,'cow',0,'',NULL,NULL);
INSERT INTO English VALUES(394,13,'to cry',0,'',NULL,NULL);
INSERT INTO English VALUES(395,13,'to hate',0,'',NULL,NULL);
INSERT INTO English VALUES(396,31,'poop',0,'',NULL,NULL);
INSERT INTO English VALUES(397,9,'to sleep',0,'',NULL,NULL);
INSERT INTO English VALUES(398,8,'sleepy',0,'',NULL,NULL);
INSERT INTO English VALUES(399,11,'booger',0,'',NULL,NULL);
INSERT INTO English VALUES(400,32,'to come',0,'',NULL,NULL);
INSERT INTO English VALUES(401,13,'to help',0,'',NULL,NULL);
INSERT INTO English VALUES(402,16,'Chinese people',0,'',NULL,NULL);
INSERT INTO English VALUES(403,32,'no',0,'don''t want',NULL,NULL);
INSERT INTO English VALUES(404,8,'dirty',0,'',NULL,NULL);
INSERT INTO English VALUES(405,4,'that',0,'',NULL,4);
INSERT INTO English VALUES(406,32,'many',0,'',NULL,NULL);
INSERT INTO English VALUES(407,32,'don''t',0,'',NULL,NULL);
INSERT INTO English VALUES(408,32,'yes',0,'to want',NULL,NULL);
INSERT INTO English VALUES(409,13,'to sit',0,'',NULL,NULL);
INSERT INTO English VALUES(410,16,'fire',1,'',NULL,NULL);
INSERT INTO English VALUES(411,13,'to laugh',0,'',NULL,NULL);
INSERT INTO English VALUES(412,32,'to ask',0,'',NULL,NULL);
INSERT INTO English VALUES(413,13,'to win',0,'',NULL,NULL);
INSERT INTO English VALUES(414,17,'bank',0,'',NULL,NULL);
INSERT INTO English VALUES(415,13,'to pray',0,'',NULL,NULL);
INSERT INTO English VALUES(416,13,'to play',0,'',NULL,NULL);
INSERT INTO English VALUES(417,16,'male',0,'',NULL,NULL);
INSERT INTO English VALUES(418,16,'female',0,'',NULL,NULL);
INSERT INTO English VALUES(419,15,'sheep',0,'',NULL,NULL);
INSERT INTO English VALUES(420,13,'melt',1,'',NULL,NULL);
INSERT INTO English VALUES(421,13,'to run',0,'',NULL,NULL);
INSERT INTO English VALUES(422,16,'company',1,'',NULL,NULL);
INSERT INTO English VALUES(423,31,'to shower',0,'',NULL,NULL);
INSERT INTO English VALUES(424,5,'friend',0,'',NULL,NULL);
INSERT INTO English VALUES(425,18,'shorts',0,'',NULL,NULL);
INSERT INTO English VALUES(426,18,'jacket',0,'',NULL,NULL);
INSERT INTO English VALUES(427,5,'teenager',1,'',NULL,NULL);
INSERT INTO English VALUES(428,10,'cooked',0,'',NULL,NULL);
INSERT INTO English VALUES(429,8,'crazy',0,'',NULL,NULL);
INSERT INTO English VALUES(430,10,'chewy',0,'',NULL,NULL);
INSERT INTO English VALUES(431,28,'black olive',0,'',NULL,10);
INSERT INTO English VALUES(432,14,'to cut',0,'with scissors',NULL,NULL);
INSERT INTO English VALUES(433,3,'dark',0,'shade of color',NULL,3);
INSERT INTO English VALUES(434,16,'powder',0,'',NULL,NULL);
INSERT INTO English VALUES(435,17,'money',0,'silver, coins',NULL,NULL);
INSERT INTO English VALUES(436,5,'father',0,'referring to',NULL,NULL);
INSERT INTO English VALUES(437,5,'mother',0,'referring to',NULL,NULL);
INSERT INTO English VALUES(438,3,'dark red',0,'',NULL,3);
INSERT INTO English VALUES(439,3,'light',0,'shade of color',NULL,3);
INSERT INTO English VALUES(440,3,'light blue',0,'',NULL,3);
INSERT INTO English VALUES(441,7,'day after tomorrow',0,'',NULL,3);
INSERT INTO English VALUES(442,16,'Cambodia',0,'',NULL,NULL);
INSERT INTO English VALUES(443,23,'dark',0,'to describe weather',NULL,NULL);
INSERT INTO English VALUES(444,7,'late',0,'at night',NULL,4);
INSERT INTO English VALUES(445,7,'tonight',0,'',NULL,4);
INSERT INTO English VALUES(446,8,'fast',0,'',NULL,NULL);
INSERT INTO English VALUES(447,11,'bone',0,'',NULL,NULL);
INSERT INTO English VALUES(448,7,'day time',0,'',NULL,4);
INSERT INTO English VALUES(449,3,'orange',0,'color',NULL,2);
INSERT INTO English VALUES(450,13,'to look',0,'',NULL,NULL);
INSERT INTO English VALUES(451,16,'free time',0,'',NULL,NULL);
INSERT INTO English VALUES(452,8,'busy',0,'',NULL,NULL);
INSERT INTO English VALUES(453,31,'pee',0,'',NULL,NULL);
INSERT INTO English VALUES(454,32,'the same',0,'',NULL,NULL);
INSERT INTO English VALUES(455,10,'bowl',0,'',NULL,NULL);
INSERT INTO English VALUES(456,23,'winter',0,'',NULL,NULL);
INSERT INTO English VALUES(457,23,'summer',0,'',NULL,NULL);
INSERT INTO English VALUES(458,32,'a little',0,'',NULL,NULL);
INSERT INTO English VALUES(459,8,'dry',0,'',NULL,NULL);
INSERT INTO English VALUES(460,31,'towel',0,'',NULL,NULL);
INSERT INTO English VALUES(461,31,'face towel',0,'',NULL,NULL);
INSERT INTO English VALUES(462,13,'to lose',0,'',NULL,NULL);
INSERT INTO English VALUES(463,18,'wristwatch',0,'',NULL,NULL);
INSERT INTO English VALUES(464,18,'bracelet',0,'',NULL,NULL);
INSERT INTO English VALUES(465,18,'ring',0,'',NULL,NULL);
INSERT INTO English VALUES(466,18,'dress',0,'',NULL,NULL);
INSERT INTO English VALUES(467,7,'day before yesterday',0,'',NULL,NULL);
INSERT INTO English VALUES(468,5,'cousin',0,'',NULL,NULL);
INSERT INTO English VALUES(469,15,'squirrel',0,'',NULL,NULL);
INSERT INTO English VALUES(470,31,'to brush teeth',0,'',NULL,NULL);
INSERT INTO English VALUES(471,31,'toothbrush',0,'',NULL,NULL);
INSERT INTO English VALUES(472,31,'toothpaste',0,'',NULL,NULL);
INSERT INTO English VALUES(473,32,'must',0,'',NULL,NULL);
INSERT INTO English VALUES(474,32,'then',0,'',NULL,NULL);
INSERT INTO English VALUES(475,15,'rabbit',0,'',NULL,NULL);
INSERT INTO English VALUES(476,13,'to wait',0,'',NULL,NULL);
INSERT INTO English VALUES(477,14,'to work a job',0,'',NULL,NULL);
INSERT INTO English VALUES(478,15,'fly',0,'insect',NULL,NULL);
INSERT INTO English VALUES(479,13,'to wipe',0,'',NULL,NULL);
INSERT INTO English VALUES(480,31,'toilet paper',0,'',NULL,NULL);
INSERT INTO English VALUES(481,16,'pound',0,'lb.',NULL,NULL);
INSERT INTO English VALUES(482,8,'far',0,'',NULL,NULL);
INSERT INTO English VALUES(483,32,'quite',0,'',NULL,NULL);
CREATE TABLE Teochew (
    id         integer primary key,
    english_id integer,
    pengim     text,
    chinese    text, no_tone_change boolean default 0,
    tag_question boolean default 0,
    dialect text,
    hidden_from_flashcards boolean default 0,
    foreign key(english_id) references English(id)
);
INSERT INTO Teochew VALUES(1,1,'leu2 ho2','汝好',0,0,NULL,0);
INSERT INTO Teochew VALUES(2,2,'joi7 sia7','㩼谢',0,0,NULL,0);
INSERT INTO Teochew VALUES(3,3,'dui32 m67 ju6','对唔住',0,0,NULL,0);
INSERT INTO Teochew VALUES(4,4,'mo26 i32 seu1','孬意思',0,0,NULL,1);
INSERT INTO Teochew VALUES(5,5,'ua2 jai1','我知',0,0,NULL,0);
INSERT INTO Teochew VALUES(6,6,'jek8','一',0,0,NULL,0);
INSERT INTO Teochew VALUES(7,7,'no6','二',0,0,NULL,0);
INSERT INTO Teochew VALUES(8,8,'san1','三',0,0,NULL,0);
INSERT INTO Teochew VALUES(9,9,'si3','四',0,0,NULL,0);
INSERT INTO Teochew VALUES(10,10,'ngou6','五',0,0,NULL,0);
INSERT INTO Teochew VALUES(11,11,'lak8','六',0,0,NULL,0);
INSERT INTO Teochew VALUES(13,13,'boih4','八',0,0,NULL,0);
INSERT INTO Teochew VALUES(14,14,'gao2','九',0,0,NULL,0);
INSERT INTO Teochew VALUES(15,15,'jap8','十',0,0,NULL,0);
INSERT INTO Teochew VALUES(16,16,'kang3','空',0,0,NULL,1);
INSERT INTO Teochew VALUES(17,17,'yi6','二',0,0,NULL,0);
INSERT INTO Teochew VALUES(19,19,'sek4','色',0,0,NULL,0);
INSERT INTO Teochew VALUES(20,20,'ou1','乌',0,0,NULL,1);
INSERT INTO Teochew VALUES(21,21,'beh8','白',0,0,NULL,1);
INSERT INTO Teochew VALUES(22,22,'ang5','红',0,0,NULL,1);
INSERT INTO Teochew VALUES(23,23,'gan1','柑',0,0,NULL,0);
INSERT INTO Teochew VALUES(24,24,'eung5','黄',0,0,NULL,1);
INSERT INTO Teochew VALUES(25,25,'chen1','青',0,0,NULL,1);
INSERT INTO Teochew VALUES(26,26,'nam5','蓝',0,0,NULL,1);
INSERT INTO Teochew VALUES(27,27,'ji2','紫',0,0,NULL,1);
INSERT INTO Teochew VALUES(29,29,'gim1','金',0,0,NULL,1);
INSERT INTO Teochew VALUES(30,30,'hui1','灰',0,0,NULL,1);
INSERT INTO Teochew VALUES(31,31,'hung26 ang5','粉红',0,0,NULL,1);
INSERT INTO Teochew VALUES(32,32,'ua2','我',1,0,NULL,0);
INSERT INTO Teochew VALUES(33,33,'leu2','汝',1,0,NULL,0);
INSERT INTO Teochew VALUES(34,34,'i1','伊',1,0,NULL,0);
INSERT INTO Teochew VALUES(35,35,'nang2','俺',0,0,NULL,0);
INSERT INTO Teochew VALUES(36,36,'i1 nang7','伊人',0,0,NULL,0);
INSERT INTO Teochew VALUES(37,37,'nang7','人',0,0,NULL,0);
INSERT INTO Teochew VALUES(38,38,'ba1','爸',0,0,NULL,0);
INSERT INTO Teochew VALUES(39,39,'ma5','妈',0,0,NULL,0);
INSERT INTO Teochew VALUES(40,40,'gian2','囝',0,0,NULL,0);
INSERT INTO Teochew VALUES(41,41,'hian1','兄',0,0,NULL,0);
INSERT INTO Teochew VALUES(42,42,'di6','弟',0,0,NULL,0);
INSERT INTO Teochew VALUES(43,43,'je2','姐',0,0,NULL,0);
INSERT INTO Teochew VALUES(44,44,'mue6','妹',0,0,NULL,0);
INSERT INTO Teochew VALUES(45,45,'ang1','翁',0,0,NULL,0);
INSERT INTO Teochew VALUES(46,46,'bhou2','母',0,0,NULL,0);
INSERT INTO Teochew VALUES(47,47,'ma2','妈',0,0,NULL,0);
INSERT INTO Teochew VALUES(48,48,'gong1','公',0,0,NULL,0);
INSERT INTO Teochew VALUES(49,49,'lai67 ma2','内妈',0,0,NULL,0);
INSERT INTO Teochew VALUES(50,50,'ghua7 ma2','外妈',0,0,NULL,0);
INSERT INTO Teochew VALUES(51,51,'lai67 gong1','内公',0,0,NULL,0);
INSERT INTO Teochew VALUES(52,52,'ghua7 gong1','外公',0,0,NULL,0);
INSERT INTO Teochew VALUES(53,53,'tang5','堂',0,0,NULL,1);
INSERT INTO Teochew VALUES(54,54,'bio2','表',0,0,NULL,1);
INSERT INTO Teochew VALUES(55,55,'sung1','孙',0,0,NULL,0);
INSERT INTO Teochew VALUES(56,56,'beh4','伯',0,0,NULL,0);
INSERT INTO Teochew VALUES(57,57,'jek4','叔',0,0,NULL,0);
INSERT INTO Teochew VALUES(58,58,'sim2','婶',0,0,NULL,0);
INSERT INTO Teochew VALUES(59,59,'m2','姆',0,0,NULL,0);
INSERT INTO Teochew VALUES(60,60,'gou1','姑',0,0,NULL,0);
INSERT INTO Teochew VALUES(61,61,'dion6','丈',0,0,NULL,0);
INSERT INTO Teochew VALUES(62,62,'i5','姨',0,0,NULL,0);
INSERT INTO Teochew VALUES(63,63,'dion6','丈',0,0,NULL,0);
INSERT INTO Teochew VALUES(64,64,'gu6','舅',0,0,NULL,0);
INSERT INTO Teochew VALUES(65,65,'gim6','妗',0,0,NULL,0);
INSERT INTO Teochew VALUES(66,66,'cheng1 chek4','亲戚',0,0,NULL,1);
INSERT INTO Teochew VALUES(67,68,'diang67 si6','电视',0,0,NULL,0);
INSERT INTO Teochew VALUES(68,69,'diang67 nao2','电脑',0,0,NULL,0);
INSERT INTO Teochew VALUES(69,70,'diang67 ue7','电话',0,0,NULL,0);
INSERT INTO Teochew VALUES(70,71,'jap84 ik4','十一',0,0,NULL,0);
INSERT INTO Teochew VALUES(71,72,'jap84 yi6','十二',0,0,NULL,0);
INSERT INTO Teochew VALUES(72,73,'diam2','点',0,0,NULL,0);
INSERT INTO Teochew VALUES(73,74,'buan3','半',0,0,NULL,0);
INSERT INTO Teochew VALUES(74,75,'dah4','搭',0,0,NULL,0);
INSERT INTO Teochew VALUES(75,76,'e7 gua3','下旰',0,0,NULL,0);
INSERT INTO Teochew VALUES(76,77,'yik84 dao3','日昼',0,0,NULL,1);
INSERT INTO Teochew VALUES(77,78,'buan32 me5','半暝',0,0,NULL,1);
INSERT INTO Teochew VALUES(78,79,'me57 heung1 gian2','暝昏囝',0,0,NULL,1);
INSERT INTO Teochew VALUES(80,81,'loi26 bai3','礼拜',0,0,NULL,0);
INSERT INTO Teochew VALUES(81,82,'ghueh8','月',0,0,NULL,0);
INSERT INTO Teochew VALUES(82,83,'ni5','年',0,0,NULL,0);
INSERT INTO Teochew VALUES(83,84,'loi26 bai32 ik4','礼拜一',0,0,NULL,0);
INSERT INTO Teochew VALUES(84,85,'loi26 bai32 yi6','礼拜二',0,0,NULL,0);
INSERT INTO Teochew VALUES(85,86,'loi26 bai32 san1','礼拜三',0,0,NULL,0);
INSERT INTO Teochew VALUES(86,87,'loi26 bai32 si3','礼拜四',0,0,NULL,0);
INSERT INTO Teochew VALUES(87,88,'loi26 bai32 ngou6','礼拜五',0,0,NULL,0);
INSERT INTO Teochew VALUES(88,89,'loi26 bai32 lak8','礼拜六',0,0,NULL,0);
INSERT INTO Teochew VALUES(91,92,'yi67 ghueh84','二月',0,0,NULL,0);
INSERT INTO Teochew VALUES(92,93,'san1 ghueh84','三月',0,0,NULL,0);
INSERT INTO Teochew VALUES(93,94,'si32 ghueh84','四月',0,0,NULL,0);
INSERT INTO Teochew VALUES(94,95,'ngou67 ghueh84','五月',0,0,NULL,0);
INSERT INTO Teochew VALUES(95,96,'lak84 ghueh84','六月',0,0,NULL,0);
INSERT INTO Teochew VALUES(96,97,'chik48 ghueh84','七月',0,0,NULL,0);
INSERT INTO Teochew VALUES(97,98,'boih48 ghueh84','八月',0,0,NULL,0);
INSERT INTO Teochew VALUES(98,99,'gao26 ghueh84','九月',0,0,NULL,0);
INSERT INTO Teochew VALUES(99,100,'jap84 ghueh84','十月',0,0,NULL,0);
INSERT INTO Teochew VALUES(101,102,'jap84 yi67 ghueh84','十二月',0,0,NULL,0);
INSERT INTO Teochew VALUES(102,103,'soi3','细',0,0,NULL,0);
INSERT INTO Teochew VALUES(103,104,'dua7','大',0,0,NULL,0);
INSERT INTO Teochew VALUES(104,105,'da1 bou1 gian2','丈夫囝',0,0,NULL,0);
INSERT INTO Teochew VALUES(105,105,'dao1 gian2','逗囝',0,0,NULL,0);
INSERT INTO Teochew VALUES(106,106,'ja1 bhou26 gian2','㜁𡚸囝',0,0,NULL,0);
INSERT INTO Teochew VALUES(107,106,'jao26 gian2','走囝',0,0,NULL,0);
INSERT INTO Teochew VALUES(108,107,'meung57 ki26 ja2','眠起早',0,0,NULL,0);
INSERT INTO Teochew VALUES(109,107,'meung57 ki2','眠起',0,0,NULL,0);
INSERT INTO Teochew VALUES(110,107,'meung57 ja2','眠早',0,0,NULL,0);
INSERT INTO Teochew VALUES(111,107,'me26 ja2','猛早',0,0,NULL,0);
INSERT INTO Teochew VALUES(112,108,'mua32 ki2','明起',0,0,NULL,0);
INSERT INTO Teochew VALUES(113,108,'ma32 ki2','明起',0,0,NULL,0);
INSERT INTO Teochew VALUES(114,108,'ma32 yik8','明日',0,0,NULL,0);
INSERT INTO Teochew VALUES(115,109,'ja1 yik8','昨日',0,0,NULL,0);
INSERT INTO Teochew VALUES(116,109,'jao1 yik8','昨日',0,0,NULL,0);
INSERT INTO Teochew VALUES(118,110,'gim1 yik8','今日',0,0,'diojiu',1);
INSERT INTO Teochew VALUES(119,111,'chu3','厝',0,0,NULL,0);
INSERT INTO Teochew VALUES(120,111,'lai6','内',0,0,NULL,0);
INSERT INTO Teochew VALUES(121,112,'gue26 diao5','粿条',0,0,NULL,0);
INSERT INTO Teochew VALUES(122,113,'lao6','老',0,0,NULL,0);
INSERT INTO Teochew VALUES(123,114,'neung6','卵',0,0,NULL,0);
INSERT INTO Teochew VALUES(124,115,'gui3','贵',0,0,NULL,0);
INSERT INTO Teochew VALUES(125,116,'pin1','便',0,0,NULL,0);
INSERT INTO Teochew VALUES(126,117,'mak8','目',0,0,NULL,0);
INSERT INTO Teochew VALUES(128,119,'mih48 gai5','乜个',0,0,NULL,0);
INSERT INTO Teochew VALUES(129,120,'chiu2','手',0,0,NULL,0);
INSERT INTO Teochew VALUES(130,121,'jui2','水',0,0,NULL,0);
INSERT INTO Teochew VALUES(131,122,'dou2 kung3','肚困',0,0,NULL,0);
INSERT INTO Teochew VALUES(132,123,'mo5','毛',0,0,NULL,0);
INSERT INTO Teochew VALUES(133,124,'ngia2','雅',0,0,NULL,0);
INSERT INTO Teochew VALUES(134,125,'keh48 tian1','客厅',0,0,NULL,1);
INSERT INTO Teochew VALUES(135,126,'dou57 bang5','厨房',0,0,NULL,1);
INSERT INTO Teochew VALUES(136,127,'che32 so2','厕所',0,0,NULL,0);
INSERT INTO Teochew VALUES(137,128,'ek84 be5','浴扒',0,0,NULL,0);
INSERT INTO Teochew VALUES(138,25,'lek8','绿',0,0,NULL,1);
INSERT INTO Teochew VALUES(139,130,'meung5','门',0,0,NULL,0);
INSERT INTO Teochew VALUES(140,129,'uk84 bang5','夗房',0,0,NULL,0);
INSERT INTO Teochew VALUES(141,131,'bang5','房',0,0,NULL,0);
INSERT INTO Teochew VALUES(142,67,'beh4','百',0,0,NULL,0);
INSERT INTO Teochew VALUES(143,39,'ma57 ma5','妈妈',0,0,NULL,1);
INSERT INTO Teochew VALUES(144,38,'ba57 ba5','爸爸',0,0,NULL,1);
INSERT INTO Teochew VALUES(145,132,'tang57 hian1','堂兄',0,0,NULL,1);
INSERT INTO Teochew VALUES(146,133,'tang57 di6','堂弟',0,0,NULL,1);
INSERT INTO Teochew VALUES(147,134,'tang57 mue6','堂妹',0,0,NULL,1);
INSERT INTO Teochew VALUES(148,135,'tang57 je2','堂姐',0,0,NULL,1);
INSERT INTO Teochew VALUES(149,136,'bio26 je2','表姐',0,0,NULL,1);
INSERT INTO Teochew VALUES(150,137,'bio26 mue6','表妹',0,0,NULL,1);
INSERT INTO Teochew VALUES(151,138,'bio26 di6','表弟',0,0,NULL,1);
INSERT INTO Teochew VALUES(152,139,'bio26 hian1','表兄',0,0,NULL,1);
INSERT INTO Teochew VALUES(154,81,'jek84 loi26 bai3','一礼拜',0,0,NULL,0);
INSERT INTO Teochew VALUES(155,82,'jek84 ghueh8','一月',0,0,NULL,0);
INSERT INTO Teochew VALUES(156,83,'jek84 ni5','一年',0,0,NULL,0);
INSERT INTO Teochew VALUES(157,140,'lao57 tui1','楼梯',0,0,NULL,0);
INSERT INTO Teochew VALUES(158,141,'teng1 meung5','窗门',0,0,NULL,0);
INSERT INTO Teochew VALUES(159,142,'cheung5','床',0,0,NULL,0);
INSERT INTO Teochew VALUES(160,143,'jim26 tao5','枕头',0,0,NULL,0);
INSERT INTO Teochew VALUES(161,144,'pue6','被',0,0,NULL,0);
INSERT INTO Teochew VALUES(162,145,'seung1 du5','霜橱',0,0,NULL,0);
INSERT INTO Teochew VALUES(163,146,'jek84 chain1','一千',0,0,NULL,0);
INSERT INTO Teochew VALUES(164,147,'so26 si5','锁匙',0,0,NULL,0);
INSERT INTO Teochew VALUES(165,148,'hou67 jia1','雨遮',0,0,NULL,0);
INSERT INTO Teochew VALUES(166,149,'ka1 puang5','脚蟠',0,0,NULL,0);
INSERT INTO Teochew VALUES(167,150,'in2','椅',0,0,NULL,0);
INSERT INTO Teochew VALUES(168,151,'pou1','铺',0,0,NULL,0);
INSERT INTO Teochew VALUES(169,150,'gao1 in2','高椅',0,0,NULL,0);
INSERT INTO Teochew VALUES(170,152,'chion5','墙',0,0,NULL,1);
INSERT INTO Teochew VALUES(171,152,'tou57 chion5','涂墙',0,0,NULL,1);
INSERT INTO Teochew VALUES(172,153,'geh4','格',0,0,NULL,1);
INSERT INTO Teochew VALUES(173,154,'du5','橱',0,0,NULL,1);
INSERT INTO Teochew VALUES(174,155,'liang57 gi1','凉机',0,0,NULL,0);
INSERT INTO Teochew VALUES(175,155,'ne26 ki3','冷气',0,0,NULL,0);
INSERT INTO Teochew VALUES(176,155,'ne26 ki32 gi1','冷气机',0,0,NULL,0);
INSERT INTO Teochew VALUES(177,156,'deng1','灯',0,0,NULL,1);
INSERT INTO Teochew VALUES(178,157,'lou5','炉',0,0,NULL,0);
INSERT INTO Teochew VALUES(179,158,'chai32 heung5','菜园',0,0,NULL,1);
INSERT INTO Teochew VALUES(180,159,'hue1 heung5','花园',0,0,NULL,1);
INSERT INTO Teochew VALUES(181,160,'huang1 sin3','风扇',0,0,NULL,0);
INSERT INTO Teochew VALUES(182,161,'tou57 e6','涂下',0,0,NULL,0);
INSERT INTO Teochew VALUES(183,162,'soi2','洗',0,0,NULL,0);
INSERT INTO Teochew VALUES(184,163,'soi26 san1 gi1','洗衫机',0,0,NULL,0);
INSERT INTO Teochew VALUES(185,164,'hak84 hao6','学校',0,0,NULL,0);
INSERT INTO Teochew VALUES(186,165,'tak84 jeu1','读书',0,0,NULL,0);
INSERT INTO Teochew VALUES(187,166,'heu5','鱼',0,0,NULL,0);
INSERT INTO Teochew VALUES(188,167,'jeu1 bao1','书包',0,0,NULL,0);
INSERT INTO Teochew VALUES(189,168,'geng1 jio1','弓蕉',0,0,NULL,0);
INSERT INTO Teochew VALUES(190,169,'ping57 gue2','苹果',0,0,NULL,0);
INSERT INTO Teochew VALUES(191,170,'lao67 seu1','老师',0,0,NULL,0);
INSERT INTO Teochew VALUES(192,170,'sing1 sen1','先生',0,0,NULL,0);
INSERT INTO Teochew VALUES(193,171,'hao67 jiang2','校长',0,0,NULL,1);
INSERT INTO Teochew VALUES(194,172,'hak84 seng1','学生',0,0,NULL,1);
INSERT INTO Teochew VALUES(195,173,'iun32 jin26 heung5','幼稚园',0,0,NULL,1);
INSERT INTO Teochew VALUES(196,174,'siao26 hak8','小学',0,0,NULL,1);
INSERT INTO Teochew VALUES(197,175,'cho1 dong1','初中',0,0,NULL,1);
INSERT INTO Teochew VALUES(198,176,'gao1 dong1','高中',0,0,NULL,1);
INSERT INTO Teochew VALUES(199,177,'dai67 hak8','大学',0,0,NULL,1);
INSERT INTO Teochew VALUES(200,178,'bik4','笔',0,0,NULL,0);
INSERT INTO Teochew VALUES(201,179,'ing57 bik4','铅笔',0,0,NULL,0);
INSERT INTO Teochew VALUES(202,180,'chiu7 ni5','树奶',0,0,NULL,0);
INSERT INTO Teochew VALUES(203,181,'chiu7 ni57 yeu2','树泥耳',0,0,NULL,1);
INSERT INTO Teochew VALUES(204,182,'jua2','纸',0,0,NULL,0);
INSERT INTO Teochew VALUES(205,183,'jeu1','书',0,0,NULL,0);
INSERT INTO Teochew VALUES(206,183,'pou6','簿',0,0,NULL,0);
INSERT INTO Teochew VALUES(207,184,'geh48 chioh4','格尺',0,0,NULL,1);
INSERT INTO Teochew VALUES(208,185,'goi32 seung32 gi1','计算机',0,0,NULL,1);
INSERT INTO Teochew VALUES(209,186,'ghu57 ni6','牛奶',0,0,NULL,0);
INSERT INTO Teochew VALUES(210,187,'gu1 bi5','咖啡',0,0,NULL,0);
INSERT INTO Teochew VALUES(211,188,'de5','茶',0,0,NULL,0);
INSERT INTO Teochew VALUES(212,189,'jiu2','酒',0,0,NULL,0);
INSERT INTO Teochew VALUES(213,190,'gan1 jap4','柑汁',0,0,NULL,0);
INSERT INTO Teochew VALUES(214,191,'bang32 yio7','放尿',0,0,NULL,0);
INSERT INTO Teochew VALUES(215,192,'bang32 sai2','放屎',0,0,NULL,0);
INSERT INTO Teochew VALUES(216,193,'bang32 pui3','放屁',0,0,NULL,0);
INSERT INTO Teochew VALUES(217,194,'jiah8','食',0,0,NULL,0);
INSERT INTO Teochew VALUES(218,195,'chi3','试',0,0,NULL,0);
INSERT INTO Teochew VALUES(219,195,'chi32 jiah8','试食',0,0,NULL,0);
INSERT INTO Teochew VALUES(220,196,'ghu57 bhah4','牛肉',0,0,NULL,0);
INSERT INTO Teochew VALUES(221,197,'goi1','鸡',0,0,NULL,0);
INSERT INTO Teochew VALUES(222,198,'goi1 bhah4','鸡肉',0,0,NULL,0);
INSERT INTO Teochew VALUES(223,199,'deu1 bhah4','猪肉',0,0,NULL,0);
INSERT INTO Teochew VALUES(224,200,'chue1 gi1','吹机',0,0,NULL,1);
INSERT INTO Teochew VALUES(225,201,'gan1 jui2','柑水',0,0,NULL,0);
INSERT INTO Teochew VALUES(226,201,'ki32 jui2','汽水',0,0,NULL,0);
INSERT INTO Teochew VALUES(227,203,'ni67 de5','奶茶',0,0,NULL,0);
INSERT INTO Teochew VALUES(228,204,'ia57 ji2','椰子',0,0,NULL,1);
INSERT INTO Teochew VALUES(229,205,'ia57 ji26 jui2','椰子水',0,0,NULL,1);
INSERT INTO Teochew VALUES(230,206,'ja26 chang1','早餐',0,0,NULL,1);
INSERT INTO Teochew VALUES(231,207,'dong1 ngou26 chang1','中午餐',0,0,NULL,1);
INSERT INTO Teochew VALUES(232,208,'men57 chang1','夜餐',0,0,NULL,1);
INSERT INTO Teochew VALUES(233,209,'ah48 bhah4','鸭肉',0,0,NULL,0);
INSERT INTO Teochew VALUES(234,210,'bhah48 cho3','肉脞',0,0,NULL,0);
INSERT INTO Teochew VALUES(235,211,'bhah48 yong5','肉绒',0,0,NULL,0);
INSERT INTO Teochew VALUES(236,212,'guang32 chiang5','灌肠',0,0,NULL,0);
INSERT INTO Teochew VALUES(237,212,'lah84 chiang5','腊肠',0,0,NULL,0);
INSERT INTO Teochew VALUES(238,214,'hoi6','蟹',0,0,NULL,0);
INSERT INTO Teochew VALUES(239,215,'he5','虾',0,0,NULL,0);
INSERT INTO Teochew VALUES(240,216,'chai3','菜',0,0,NULL,0);
INSERT INTO Teochew VALUES(241,217,'gu26 chai3','韭菜',0,0,NULL,0);
INSERT INTO Teochew VALUES(242,218,'dao7 ghe5','豆芽',0,0,NULL,0);
INSERT INTO Teochew VALUES(243,219,'dang1 gue1','冬瓜',0,0,NULL,0);
INSERT INTO Teochew VALUES(244,220,'ngang5','凝',0,0,NULL,0);
INSERT INTO Teochew VALUES(245,220,'liang5','凉',0,0,NULL,0);
INSERT INTO Teochew VALUES(246,222,'gio5','茄',0,0,NULL,0);
INSERT INTO Teochew VALUES(247,20,'ou1 sek4','乌色',0,0,NULL,0);
INSERT INTO Teochew VALUES(248,21,'beh84 sek4','白色',0,0,NULL,0);
INSERT INTO Teochew VALUES(249,22,'ang57 sek4','红色',0,0,NULL,0);
INSERT INTO Teochew VALUES(250,449,'gan1 sek4','柑色',0,0,NULL,0);
INSERT INTO Teochew VALUES(251,24,'eung57 sek4','黄色',0,0,NULL,0);
INSERT INTO Teochew VALUES(252,25,'chen1 sek4','青色',0,0,NULL,0);
INSERT INTO Teochew VALUES(253,25,'lek84 sek4','绿色',0,0,NULL,0);
INSERT INTO Teochew VALUES(254,26,'nam57 sek4','蓝色',0,0,NULL,0);
INSERT INTO Teochew VALUES(255,27,'ji26 sek4','紫色',0,0,NULL,0);
INSERT INTO Teochew VALUES(257,29,'gim1 sek4','金色',0,0,NULL,0);
INSERT INTO Teochew VALUES(258,30,'hui1 sek4','灰色',0,0,NULL,0);
INSERT INTO Teochew VALUES(259,31,'hung26 ang57 sek4','粉红色',0,0,NULL,0);
INSERT INTO Teochew VALUES(260,223,'ion57 bhah4','羊肉',0,0,NULL,1);
INSERT INTO Teochew VALUES(261,224,'hue26 goi1 bhah4','火鸡肉',0,0,NULL,1);
INSERT INTO Teochew VALUES(262,224,'ang57 mo57 goi1 bhah4','红毛鸡肉',0,0,NULL,1);
INSERT INTO Teochew VALUES(263,225,'ghu57 bhah48 in5','牛肉圆',0,0,NULL,0);
INSERT INTO Teochew VALUES(264,226,'bhah48 in5','肉圆',0,0,NULL,0);
INSERT INTO Teochew VALUES(265,227,'eung57 iu5','黄油',0,0,NULL,0);
INSERT INTO Teochew VALUES(266,227,'ghu57 iu5','牛油',0,0,NULL,0);
INSERT INTO Teochew VALUES(267,229,'hai26 chin1','海鲜',0,0,NULL,1);
INSERT INTO Teochew VALUES(268,230,'leng57 he5','龙虾',0,0,NULL,0);
INSERT INTO Teochew VALUES(269,231,'hai26 dua3','海带',0,0,NULL,1);
INSERT INTO Teochew VALUES(270,232,'chao26 gian2','草囝',0,0,NULL,0);
INSERT INTO Teochew VALUES(271,233,'gim1 buk48 huang3','金不换',0,0,NULL,0);
INSERT INTO Teochew VALUES(272,234,'bo57 ho3','薄荷',0,0,NULL,1);
INSERT INTO Teochew VALUES(274,236,'uang57 sui1','芫荽',0,0,NULL,1);
INSERT INTO Teochew VALUES(275,237,'chang1','葱',0,0,NULL,0);
INSERT INTO Teochew VALUES(276,238,'seung32 tao5','蒜头',0,0,NULL,0);
INSERT INTO Teochew VALUES(277,239,'hiam1 jio1','莶椒',0,0,NULL,0);
INSERT INTO Teochew VALUES(278,240,'gou1','菇',0,0,NULL,0);
INSERT INTO Teochew VALUES(279,241,'bhak84 yeu2','木耳',0,0,NULL,0);
INSERT INTO Teochew VALUES(280,242,'dao7','豆',0,0,NULL,0);
INSERT INTO Teochew VALUES(281,243,'sai1 ion57 chai3','西洋菜',0,0,NULL,1);
INSERT INTO Teochew VALUES(282,244,'pang1 chai3','芳菜',0,0,NULL,0);
INSERT INTO Teochew VALUES(283,245,'beh84 chai3','白菜',0,0,NULL,0);
INSERT INTO Teochew VALUES(284,246,'bue1 leng57 chai3','菠薐菜',0,0,NULL,1);
INSERT INTO Teochew VALUES(285,247,'sung2','笋',0,0,NULL,1);
INSERT INTO Teochew VALUES(286,248,'lou57 sung2','芦笋',0,0,NULL,1);
INSERT INTO Teochew VALUES(287,249,'ang57 chai32 tao5','红菜头',0,0,NULL,0);
INSERT INTO Teochew VALUES(288,250,'tao5','头',0,0,NULL,0);
INSERT INTO Teochew VALUES(289,251,'huang1 bheh8','番麦',0,0,NULL,0);
INSERT INTO Teochew VALUES(290,252,'kou26 gue1','苦瓜',0,0,NULL,0);
INSERT INTO Teochew VALUES(291,253,'ang57 mo57 gio5','红毛茄',0,0,NULL,0);
INSERT INTO Teochew VALUES(292,254,'huang1 gue1','番瓜',0,0,NULL,1);
INSERT INTO Teochew VALUES(293,255,'ou7','芋',0,0,NULL,0);
INSERT INTO Teochew VALUES(294,256,'chen1 gue2','青果',0,0,NULL,1);
INSERT INTO Teochew VALUES(295,257,'lai5','梨',0,0,NULL,1);
INSERT INTO Teochew VALUES(296,258,'gek4','橘',0,0,NULL,1);
INSERT INTO Teochew VALUES(297,259,'pang1 gue1','芳瓜',0,0,NULL,1);
INSERT INTO Teochew VALUES(298,260,'tou57 liang5','涂凉',0,0,NULL,0);
INSERT INTO Teochew VALUES(299,261,'iu7','柚',0,0,NULL,1);
INSERT INTO Teochew VALUES(300,262,'bhak84 gian2','木囝',0,0,NULL,1);
INSERT INTO Teochew VALUES(301,263,'bo1 lo57 bhik8','菠萝蜜',0,0,NULL,1);
INSERT INTO Teochew VALUES(302,264,'seung1 gan1','酸柑',0,0,NULL,0);
INSERT INTO Teochew VALUES(303,265,'sioh84 liu5','石榴',0,0,NULL,1);
INSERT INTO Teochew VALUES(304,266,'si1 gue1','西瓜',0,0,NULL,0);
INSERT INTO Teochew VALUES(305,267,'ang57 lai5','红梨',0,0,NULL,0);
INSERT INTO Teochew VALUES(306,268,'dao7 hu7','豆腐',0,0,NULL,0);
INSERT INTO Teochew VALUES(307,269,'diao32 gue1','吊瓜',0,0,NULL,0);
INSERT INTO Teochew VALUES(308,270,'gak48 gue1','角瓜',0,0,NULL,1);
INSERT INTO Teochew VALUES(309,271,'chai32 tao5','菜头',0,0,NULL,0);
INSERT INTO Teochew VALUES(310,239,'hiam1 jio1 gian2','莶椒囝',0,0,NULL,0);
INSERT INTO Teochew VALUES(311,273,'ang57 chang1','红葱',0,0,NULL,0);
INSERT INTO Teochew VALUES(312,274,'la7 hong5','??',0,0,NULL,0);
INSERT INTO Teochew VALUES(313,274,'bhak84 gue1','木瓜',0,0,NULL,0);
INSERT INTO Teochew VALUES(314,274,'ni67 gue1','奶瓜',0,0,NULL,0);
INSERT INTO Teochew VALUES(315,275,'pu57 do57 jiu2','葡萄酒',0,0,NULL,0);
INSERT INTO Teochew VALUES(316,276,'pu57 do5','葡萄',0,0,NULL,0);
INSERT INTO Teochew VALUES(317,277,'bhik84 jiu2','蜜酒',0,0,NULL,0);
INSERT INTO Teochew VALUES(318,278,'gu26 chai32 gue2','韭菜粿',0,0,NULL,0);
INSERT INTO Teochew VALUES(319,279,'yuah8','热',0,0,NULL,0);
INSERT INTO Teochew VALUES(320,280,'mian5','名',0,0,NULL,0);
INSERT INTO Teochew VALUES(321,281,'di7 diang5','底谁',0,0,NULL,0);
INSERT INTO Teochew VALUES(322,282,'diang1 si5','当时',0,0,NULL,0);
INSERT INTO Teochew VALUES(323,283,'di7 go3','底块',0,0,NULL,0);
INSERT INTO Teochew VALUES(324,284,'jo32 ni5','做呢',0,0,NULL,0);
INSERT INTO Teochew VALUES(325,285,'uang2','阮',0,0,NULL,0);
INSERT INTO Teochew VALUES(326,286,'tao57 mo5','头毛',0,0,NULL,0);
INSERT INTO Teochew VALUES(327,287,'hiah84 tao5','额头',0,0,NULL,1);
INSERT INTO Teochew VALUES(328,288,'ming7','面',0,0,NULL,0);
INSERT INTO Teochew VALUES(329,289,'mak84 bhai5','目眉',0,0,NULL,0);
INSERT INTO Teochew VALUES(330,290,'hin6','耳',0,0,NULL,0);
INSERT INTO Teochew VALUES(331,291,'pin7','鼻',0,0,NULL,0);
INSERT INTO Teochew VALUES(332,292,'chui3','嘴',0,0,NULL,0);
INSERT INTO Teochew VALUES(333,293,'jih8','舌',0,0,NULL,0);
INSERT INTO Teochew VALUES(334,294,'ghe5','牙',0,0,NULL,0);
INSERT INTO Teochew VALUES(335,294,'ki2','齿',0,0,NULL,0);
INSERT INTO Teochew VALUES(336,295,'e67 hai5','下颏',0,0,NULL,1);
INSERT INTO Teochew VALUES(337,296,'am6','颔',0,0,NULL,0);
INSERT INTO Teochew VALUES(338,297,'ao57 leng5','喉咙',0,0,NULL,0);
INSERT INTO Teochew VALUES(339,298,'jai1','知',0,0,NULL,0);
INSERT INTO Teochew VALUES(340,299,'nai57 gao6','莲厚',0,0,NULL,0);
INSERT INTO Teochew VALUES(341,300,'gain1 tao5','肩头',0,0,NULL,1);
INSERT INTO Teochew VALUES(342,301,'chiu26 jain2','手指',0,0,NULL,0);
INSERT INTO Teochew VALUES(343,302,'beung7','饭',0,0,NULL,0);
INSERT INTO Teochew VALUES(344,303,'ka1','脚',0,0,NULL,0);
INSERT INTO Teochew VALUES(345,304,'ka1 jain2','脚指',0,0,NULL,1);
INSERT INTO Teochew VALUES(346,305,'ka1 cheung1','尻川',0,0,NULL,0);
INSERT INTO Teochew VALUES(347,306,'bian1 seung1','冰霜',0,0,NULL,0);
INSERT INTO Teochew VALUES(348,307,'seung1 gan1 jui2','酸柑水',0,0,NULL,0);
INSERT INTO Teochew VALUES(349,308,'io1','腰',0,0,NULL,1);
INSERT INTO Teochew VALUES(350,309,'mi7','麵',0,0,NULL,0);
INSERT INTO Teochew VALUES(351,310,'mue5','糜',0,0,NULL,0);
INSERT INTO Teochew VALUES(352,311,'mi7 bao1','麵包',0,0,NULL,0);
INSERT INTO Teochew VALUES(353,312,'teung1','汤',0,0,NULL,0);
INSERT INTO Teochew VALUES(354,313,'mueh8','物',0,0,NULL,0);
INSERT INTO Teochew VALUES(355,314,'mo2','孬',0,1,NULL,0);
INSERT INTO Teochew VALUES(356,315,'ho2','好',0,0,NULL,0);
INSERT INTO Teochew VALUES(357,316,'dou57 jeu1 guang2','图书馆',0,0,NULL,1);
INSERT INTO Teochew VALUES(358,316,'dou57 jeu1 gek8','图书局',0,0,NULL,1);
INSERT INTO Teochew VALUES(359,317,'chao26 bhue5','草莓',0,0,NULL,1);
INSERT INTO Teochew VALUES(360,318,'ga1 do1','铰刀',0,0,NULL,0);
INSERT INTO Teochew VALUES(361,319,'m6','唔',0,0,NULL,0);
INSERT INTO Teochew VALUES(362,321,'jin5','钱',0,0,NULL,0);
INSERT INTO Teochew VALUES(363,320,'gui2','几',0,0,NULL,0);
INSERT INTO Teochew VALUES(364,321,'lui1','镭',0,0,NULL,0);
INSERT INTO Teochew VALUES(365,322,'do6','在',0,0,NULL,1);
INSERT INTO Teochew VALUES(366,323,'keu3','去',0,0,NULL,0);
INSERT INTO Teochew VALUES(367,324,'jain5','前',0,0,NULL,0);
INSERT INTO Teochew VALUES(368,325,'ao6','后',0,0,NULL,0);
INSERT INTO Teochew VALUES(369,326,'chi6','市',0,0,NULL,0);
INSERT INTO Teochew VALUES(370,327,'guin5','危',0,0,NULL,0);
INSERT INTO Teochew VALUES(371,328,'ji2 gai5','只个',0,0,NULL,0);
INSERT INTO Teochew VALUES(372,329,'kou1','箍',0,0,NULL,0);
INSERT INTO Teochew VALUES(373,330,'bhoi2','买',0,0,NULL,0);
INSERT INTO Teochew VALUES(374,331,'ao5 da1','喉灱',0,0,NULL,0);
INSERT INTO Teochew VALUES(375,332,'ain3','欲',0,0,NULL,0);
INSERT INTO Teochew VALUES(376,297,'ao5','喉',0,0,NULL,0);
INSERT INTO Teochew VALUES(377,333,'san1 kou3','衫裤',0,0,NULL,0);
INSERT INTO Teochew VALUES(378,334,'san1','衫',0,0,NULL,0);
INSERT INTO Teochew VALUES(379,335,'kou3','裤',0,0,NULL,0);
INSERT INTO Teochew VALUES(380,336,'oi5','鞋',0,0,NULL,0);
INSERT INTO Teochew VALUES(381,337,'ghueh8','袜',0,0,NULL,0);
INSERT INTO Teochew VALUES(382,338,'hah8','合',0,0,NULL,0);
INSERT INTO Teochew VALUES(383,339,'do2','短',0,0,NULL,0);
INSERT INTO Teochew VALUES(384,340,'oi2','矮',0,0,NULL,1);
INSERT INTO Teochew VALUES(385,341,'si6','是',0,0,NULL,0);
INSERT INTO Teochew VALUES(386,342,'bek84 ngiap8','毕业',0,0,NULL,1);
INSERT INTO Teochew VALUES(387,343,'hue3','岁',0,0,NULL,0);
INSERT INTO Teochew VALUES(388,344,'ga7 lem1','??',0,0,NULL,0);
INSERT INTO Teochew VALUES(389,345,'oh8','学',0,0,NULL,0);
INSERT INTO Teochew VALUES(390,346,'dan3','呾',0,0,NULL,0);
INSERT INTO Teochew VALUES(391,347,'si57 gang1','时间',0,0,NULL,0);
INSERT INTO Teochew VALUES(392,348,'u6','有',0,0,NULL,0);
INSERT INTO Teochew VALUES(393,349,'bho5','无',0,1,NULL,0);
INSERT INTO Teochew VALUES(394,350,'u6','有',0,0,NULL,0);
INSERT INTO Teochew VALUES(395,351,'m67 si6','唔是',0,0,NULL,0);
INSERT INTO Teochew VALUES(396,352,'bhah4','肉',0,0,NULL,0);
INSERT INTO Teochew VALUES(397,353,'lao67 ma2','老妈',0,0,NULL,0);
INSERT INTO Teochew VALUES(398,354,'lao67 gong1','老公',0,0,NULL,0);
INSERT INTO Teochew VALUES(399,355,'dua7 gou1','大姑',0,0,NULL,1);
INSERT INTO Teochew VALUES(400,356,'dio57 jiu1 ue7','潮州話',0,0,NULL,0);
INSERT INTO Teochew VALUES(401,357,'gion1','薑',0,0,NULL,0);
INSERT INTO Teochew VALUES(402,358,'diang67 hi3','电戏',0,0,NULL,0);
INSERT INTO Teochew VALUES(403,359,'kao6 bain5','口爿',0,0,NULL,0);
INSERT INTO Teochew VALUES(404,360,'gong1 heung5','公园',0,0,NULL,1);
INSERT INTO Teochew VALUES(405,361,'dou2','肚',0,0,NULL,0);
INSERT INTO Teochew VALUES(406,362,'loh84 hou6','落雨',0,0,NULL,0);
INSERT INTO Teochew VALUES(407,363,'sia26 yi7','写字',0,0,NULL,0);
INSERT INTO Teochew VALUES(408,364,'chiu26 diang67 ue7','手电话',0,0,NULL,0);
INSERT INTO Teochew VALUES(409,365,'heu57 jui2','鱼水',0,0,NULL,0);
INSERT INTO Teochew VALUES(410,366,'chiu7','树',0,0,NULL,1);
INSERT INTO Teochew VALUES(411,108,'ma32 ja2','明早',0,0,NULL,0);
INSERT INTO Teochew VALUES(413,367,'me5','暝',0,0,NULL,0);
INSERT INTO Teochew VALUES(414,110,'gian26 yik8','囝日',0,0,NULL,0);
INSERT INTO Teochew VALUES(415,368,'iu5','油',0,0,NULL,0);
INSERT INTO Teochew VALUES(416,369,'si7 iu5','豉油',0,0,NULL,0);
INSERT INTO Teochew VALUES(417,370,'iam5','盐',0,0,NULL,0);
INSERT INTO Teochew VALUES(418,371,'hou57 jio1','胡椒',0,0,NULL,0);
INSERT INTO Teochew VALUES(419,372,'teung5','糖',0,0,NULL,0);
INSERT INTO Teochew VALUES(420,373,'bhi7 jeng1','味精',0,0,NULL,0);
INSERT INTO Teochew VALUES(421,374,'sioh4','惜',0,0,NULL,0);
INSERT INTO Teochew VALUES(422,375,'jeu2','煮',0,0,NULL,1);
INSERT INTO Teochew VALUES(423,376,'deung5','长',0,0,NULL,0);
INSERT INTO Teochew VALUES(424,377,'mang7','慢',0,0,NULL,0);
INSERT INTO Teochew VALUES(425,378,'pang1','芳',0,0,NULL,0);
INSERT INTO Teochew VALUES(426,379,'teung1 si5','汤匙',0,0,NULL,0);
INSERT INTO Teochew VALUES(427,380,'deu7','箸',0,0,NULL,0);
INSERT INTO Teochew VALUES(428,381,'do1','刀',0,0,NULL,0);
INSERT INTO Teochew VALUES(429,382,'che1','叉',0,0,NULL,0);
INSERT INTO Teochew VALUES(430,383,'ui1 seng1','医生',0,0,NULL,0);
INSERT INTO Teochew VALUES(431,384,'gao2','狗',0,0,NULL,0);
INSERT INTO Teochew VALUES(432,385,'ngiao1','猫',0,0,NULL,0);
INSERT INTO Teochew VALUES(433,386,'ngiao26 cheu2','猫鼠',0,0,NULL,0);
INSERT INTO Teochew VALUES(434,387,'bhe2','马',0,0,NULL,0);
INSERT INTO Teochew VALUES(435,388,'jiao2','鸟',0,0,NULL,0);
INSERT INTO Teochew VALUES(436,389,'ah4','鸭',0,0,NULL,0);
INSERT INTO Teochew VALUES(437,390,'mang2','蠓',0,0,NULL,0);
INSERT INTO Teochew VALUES(438,391,'hue1','花',0,0,NULL,0);
INSERT INTO Teochew VALUES(439,392,'leng5','龙',0,0,NULL,0);
INSERT INTO Teochew VALUES(440,393,'ghu5','牛',0,0,NULL,0);
INSERT INTO Teochew VALUES(441,394,'kao3','哭',0,0,NULL,0);
INSERT INTO Teochew VALUES(442,395,'lou2','恼',0,0,NULL,0);
INSERT INTO Teochew VALUES(443,396,'sai2','屎',0,0,NULL,0);
INSERT INTO Teochew VALUES(444,397,'in6','夗',0,0,NULL,0);
INSERT INTO Teochew VALUES(445,397,'uk8','夗',0,0,NULL,0);
INSERT INTO Teochew VALUES(446,398,'mak8 siap4','目涩',0,0,NULL,0);
INSERT INTO Teochew VALUES(447,399,'pin7 sai2','鼻屎',0,0,NULL,0);
INSERT INTO Teochew VALUES(448,400,'lai5','来',0,0,NULL,0);
INSERT INTO Teochew VALUES(449,401,'sio1 hu6','相辅',0,0,NULL,0);
INSERT INTO Teochew VALUES(450,402,'deung57 nang5','唐人',0,0,NULL,0);
INSERT INTO Teochew VALUES(452,404,'chi1 ghi5','凄疑',0,0,NULL,0);
INSERT INTO Teochew VALUES(453,405,'heu2 gai5','许个',0,0,NULL,0);
INSERT INTO Teochew VALUES(454,406,'joi7','㩼',0,0,NULL,0);
INSERT INTO Teochew VALUES(455,403,'mai3','嫑',0,0,NULL,0);
INSERT INTO Teochew VALUES(456,407,'mai3','勿',0,0,NULL,0);
INSERT INTO Teochew VALUES(457,408,'ain3','欲',0,0,NULL,0);
INSERT INTO Teochew VALUES(458,409,'jo6','坐',0,0,NULL,0);
INSERT INTO Teochew VALUES(459,410,'hue2','火',0,0,NULL,1);
INSERT INTO Teochew VALUES(460,411,'chio3','笑',0,0,NULL,0);
INSERT INTO Teochew VALUES(461,412,'meung7','问',0,0,NULL,0);
INSERT INTO Teochew VALUES(462,413,'ian5','赢',0,0,NULL,0);
INSERT INTO Teochew VALUES(463,414,'nging57 hang5','银行',0,0,NULL,0);
INSERT INTO Teochew VALUES(464,415,'bai3','拜',0,0,NULL,0);
INSERT INTO Teochew VALUES(465,416,'seung2','耍',0,0,NULL,0);
INSERT INTO Teochew VALUES(466,417,'da1 bou1','丈夫',0,0,NULL,0);
INSERT INTO Teochew VALUES(467,418,'ja1 bhou2','㜁𡚸',0,0,NULL,0);
INSERT INTO Teochew VALUES(468,419,'ion5','羊',0,0,NULL,0);
INSERT INTO Teochew VALUES(469,420,'ion5','溶',0,0,NULL,1);
INSERT INTO Teochew VALUES(470,421,'jao2','走',0,0,NULL,0);
INSERT INTO Teochew VALUES(471,422,'gong1 si1','公司',0,0,NULL,1);
INSERT INTO Teochew VALUES(472,423,'jang57 ek8','灇浴',0,0,NULL,0);
INSERT INTO Teochew VALUES(473,40,'nou1 gian2','孥囝',0,0,NULL,0);
INSERT INTO Teochew VALUES(474,424,'peng57 iu2','朋友',0,0,NULL,0);
INSERT INTO Teochew VALUES(475,425,'do26 kou3','短裤',0,0,NULL,0);
INSERT INTO Teochew VALUES(476,426,'ngang57 san1','凝衫',0,0,NULL,0);
INSERT INTO Teochew VALUES(477,427,'chen1 ni5','青年',0,0,NULL,1);
INSERT INTO Teochew VALUES(478,428,'sek8','熟',0,0,NULL,0);
INSERT INTO Teochew VALUES(479,429,'siao2','痟',0,0,NULL,0);
INSERT INTO Teochew VALUES(480,430,'yung7','韧',0,0,NULL,0);
INSERT INTO Teochew VALUES(481,431,'ou1 nam2','乌榄',0,0,NULL,0);
INSERT INTO Teochew VALUES(482,429,'siao26 siao2','痟痟',0,0,NULL,1);
INSERT INTO Teochew VALUES(483,432,'ga1','铰',0,0,NULL,0);
INSERT INTO Teochew VALUES(485,28,'nging57 sek4','银色',0,0,NULL,0);
INSERT INTO Teochew VALUES(486,30,'pin7 hung1 sek4','鼻薰色',0,0,NULL,0);
INSERT INTO Teochew VALUES(487,27,'gio57 sek4','茄色',0,0,NULL,0);
INSERT INTO Teochew VALUES(488,433,'chim1','深',0,0,NULL,0);
INSERT INTO Teochew VALUES(489,434,'hung2','粉',0,0,NULL,0);
INSERT INTO Teochew VALUES(491,435,'nging5','银',0,0,NULL,0);
INSERT INTO Teochew VALUES(492,436,'be6','父',0,0,NULL,0);
INSERT INTO Teochew VALUES(493,38,'ba5','爸',0,0,NULL,0);
INSERT INTO Teochew VALUES(494,39,'ma1','妈',0,0,NULL,0);
INSERT INTO Teochew VALUES(495,437,'ai5','嫒',0,0,NULL,0);
INSERT INTO Teochew VALUES(496,12,'chik4','七',0,0,NULL,0);
INSERT INTO Teochew VALUES(497,438,'chim1 ang57 sek4','深红色',0,0,NULL,0);
INSERT INTO Teochew VALUES(498,439,'chiang2','浅',0,0,NULL,0);
INSERT INTO Teochew VALUES(499,440,'chiang26 nam57 sek4','浅蓝色',0,0,NULL,0);
INSERT INTO Teochew VALUES(500,18,'ik4','一',0,0,NULL,0);
INSERT INTO Teochew VALUES(502,91,'jian1 ghueh84','正月',0,0,NULL,0);
INSERT INTO Teochew VALUES(503,80,'yik8','日',0,0,NULL,0);
INSERT INTO Teochew VALUES(504,80,'jek84 yik8','一日',0,0,NULL,0);
INSERT INTO Teochew VALUES(505,91,'ik48 ghueh84','一月',0,0,NULL,0);
INSERT INTO Teochew VALUES(506,101,'jap84 ik48 ghueh84','十一月',0,0,NULL,0);
INSERT INTO Teochew VALUES(507,90,'loi26 bai32 yik8','礼拜日',0,0,NULL,0);
INSERT INTO Teochew VALUES(508,110,'ging1 yik8','今日',0,0,NULL,0);
INSERT INTO Teochew VALUES(509,441,'ao6 yik84','后日',0,0,NULL,0);
INSERT INTO Teochew VALUES(510,442,'gao1 miang5','高棉',0,0,NULL,0);
INSERT INTO Teochew VALUES(511,443,'am3','暗',0,0,NULL,0);
INSERT INTO Teochew VALUES(512,444,'am3','暗',0,0,NULL,0);
INSERT INTO Teochew VALUES(513,444,'yik8 am3','日暗',0,0,NULL,0);
INSERT INTO Teochew VALUES(514,445,'ging1 me5','今暝',0,0,NULL,0);
INSERT INTO Teochew VALUES(515,446,'me2','猛',0,0,NULL,0);
INSERT INTO Teochew VALUES(516,446,'me26 me2','猛猛',0,0,NULL,1);
INSERT INTO Teochew VALUES(517,447,'guk4','骨',0,0,NULL,0);
INSERT INTO Teochew VALUES(518,367,'me5 gua3','暝旰',0,0,NULL,0);
INSERT INTO Teochew VALUES(519,448,'yik8 gua3','日旰',0,0,NULL,0);
INSERT INTO Teochew VALUES(520,450,'toin2','睇',0,0,NULL,0);
INSERT INTO Teochew VALUES(521,195,'chi32 toin2','试睇',0,0,NULL,0);
INSERT INTO Teochew VALUES(522,451,'ain5','闲',0,0,NULL,0);
INSERT INTO Teochew VALUES(523,452,'m67 ain5','唔闲',0,0,NULL,0);
INSERT INTO Teochew VALUES(524,453,'yio7','尿',0,0,NULL,0);
INSERT INTO Teochew VALUES(525,454,'ben57 ion7','平样',0,0,NULL,0);
INSERT INTO Teochew VALUES(526,455,'uan2','碗',0,0,NULL,0);
INSERT INTO Teochew VALUES(527,456,'tin1 si57 ngang5','天时凝',0,0,NULL,0);
INSERT INTO Teochew VALUES(528,457,'tin1 si57 yuah8','天时热',0,0,NULL,0);
INSERT INTO Teochew VALUES(529,458,'dih48 gian2','滴囝',0,0,NULL,0);
INSERT INTO Teochew VALUES(530,458,'suk48 gian2','屑囝',0,0,NULL,0);
INSERT INTO Teochew VALUES(531,459,'da1','灱',0,0,NULL,0);
INSERT INTO Teochew VALUES(532,460,'jui26 bou3','水布',0,0,NULL,0);
INSERT INTO Teochew VALUES(533,461,'ming7 bou3','面布',0,0,NULL,0);
INSERT INTO Teochew VALUES(534,462,'su1','输',0,0,NULL,0);
INSERT INTO Teochew VALUES(535,463,'chiu26 bio1','手表',0,0,NULL,0);
INSERT INTO Teochew VALUES(536,464,'chiu26 soh4','手索',0,0,NULL,0);
INSERT INTO Teochew VALUES(537,465,'chiu26 ji2','手只',0,0,NULL,0);
INSERT INTO Teochew VALUES(538,466,'gung5','裙',0,0,NULL,0);
INSERT INTO Teochew VALUES(539,467,'jain5 yik84','前日',0,0,NULL,0);
INSERT INTO Teochew VALUES(540,468,'bio2','表',0,0,NULL,0);
INSERT INTO Teochew VALUES(541,469,'song57 cheu2','松鼠',0,0,NULL,0);
INSERT INTO Teochew VALUES(542,470,'chiu32 ki2','漱齿',0,0,NULL,0);
INSERT INTO Teochew VALUES(543,471,'ki26 chiu3','齿漱',0,0,NULL,0);
INSERT INTO Teochew VALUES(544,472,'ghe57 go1','牙膏',0,0,NULL,0);
INSERT INTO Teochew VALUES(545,473,'dioh8','着',0,0,NULL,1);
INSERT INTO Teochew VALUES(546,474,'dioh8','着',0,0,NULL,1);
INSERT INTO Teochew VALUES(547,475,'tou3','兔',0,0,NULL,0);
INSERT INTO Teochew VALUES(548,475,'beh84 tou3','白兔',0,0,NULL,0);
INSERT INTO Teochew VALUES(549,476,'dang2','等',0,0,NULL,0);
INSERT INTO Teochew VALUES(550,477,'joh48 gang1','作工',0,0,NULL,0);
INSERT INTO Teochew VALUES(551,477,'joh48 kang1 kue3','作工课',0,0,NULL,0);
INSERT INTO Teochew VALUES(552,478,'hou57 sing5','胡蝇',0,0,NULL,0);
INSERT INTO Teochew VALUES(553,479,'chik4','拭',0,0,NULL,0);
INSERT INTO Teochew VALUES(554,480,'chik48 ka1 cheung1 jua2','拭尻川纸',0,0,NULL,0);
INSERT INTO Teochew VALUES(555,481,'bong7','磅',0,0,NULL,0);
INSERT INTO Teochew VALUES(556,482,'heung6','远',0,0,NULL,0);
INSERT INTO Teochew VALUES(557,483,'hoh4','好',0,0,NULL,1);
CREATE TABLE Chinese (
    id          integer primary key,
    simplified  text,
    traditional text,
    meaning     text
, pengim text);
INSERT INTO Chinese VALUES(1,'汝',NULL,'you','leu2');
INSERT INTO Chinese VALUES(2,'好',NULL,'good','ho2');
INSERT INTO Chinese VALUES(3,'㩼',NULL,'many, much','joi7');
INSERT INTO Chinese VALUES(5,'谢','謝','thanks','sia7');
INSERT INTO Chinese VALUES(6,'对','對',NULL,'dui3');
INSERT INTO Chinese VALUES(7,'唔',NULL,NULL,'im6');
INSERT INTO Chinese VALUES(8,'住',NULL,NULL,'ju6');
INSERT INTO Chinese VALUES(9,'内',NULL,NULL,'lai6');
INSERT INTO Chinese VALUES(10,'孬',NULL,'bad','mo2');
INSERT INTO Chinese VALUES(11,'意',NULL,NULL,'i3');
INSERT INTO Chinese VALUES(12,'思',NULL,NULL,'seu1');
INSERT INTO Chinese VALUES(13,'我',NULL,'I','ua2');
INSERT INTO Chinese VALUES(14,'知',NULL,'know','jai1');
INSERT INTO Chinese VALUES(15,'乌','烏','black','ou1');
INSERT INTO Chinese VALUES(16,'白',NULL,'white','beh8');
INSERT INTO Chinese VALUES(17,'红','紅','red','ang5');
INSERT INTO Chinese VALUES(18,'柑',NULL,'orange, mandarine, tangerine','gan1');
INSERT INTO Chinese VALUES(19,'黄','黃','yellow','eung5');
INSERT INTO Chinese VALUES(20,'青',NULL,'green, blue','chen1');
INSERT INTO Chinese VALUES(21,'绿','綠','green','lek8');
INSERT INTO Chinese VALUES(22,'蓝','藍','blue','nam5');
INSERT INTO Chinese VALUES(23,'紫',NULL,'purple','ji2');
INSERT INTO Chinese VALUES(25,'金',NULL,'gold','gim1');
INSERT INTO Chinese VALUES(26,'灰',NULL,'gray','hui1');
INSERT INTO Chinese VALUES(27,'粉',NULL,'powder','hung2');
INSERT INTO Chinese VALUES(28,'伊',NULL,'he, she, it','i1');
INSERT INTO Chinese VALUES(29,'人',NULL,'person, people','nang5');
INSERT INTO Chinese VALUES(30,'人',NULL,'person, people','nang7');
INSERT INTO Chinese VALUES(31,'俺',NULL,'we','nang2');
INSERT INTO Chinese VALUES(32,'爸',NULL,'father, dad','ba1');
INSERT INTO Chinese VALUES(33,'爸',NULL,'father, dad','ba5');
INSERT INTO Chinese VALUES(34,'妈','媽','mom','ma1');
INSERT INTO Chinese VALUES(35,'妈','媽','mom','ma2');
INSERT INTO Chinese VALUES(36,'妈','媽','mom','ma5');
INSERT INTO Chinese VALUES(37,'外',NULL,NULL,'ghua7');
INSERT INTO Chinese VALUES(38,'囝',NULL,NULL,'gian2');
INSERT INTO Chinese VALUES(39,'大',NULL,'big','dua7');
INSERT INTO Chinese VALUES(40,'大',NULL,NULL,'da1');
INSERT INTO Chinese VALUES(41,'大',NULL,NULL,'dai6');
INSERT INTO Chinese VALUES(42,'学','學',NULL,'hak8');
INSERT INTO Chinese VALUES(43,'校',NULL,NULL,'hao6');
INSERT INTO Chinese VALUES(44,'长','長',NULL,'jiang2');
INSERT INTO Chinese VALUES(45,'兄',NULL,NULL,'hian1');
INSERT INTO Chinese VALUES(46,'弟',NULL,NULL,'di6');
INSERT INTO Chinese VALUES(47,'堂',NULL,NULL,'tang5');
INSERT INTO Chinese VALUES(48,'表',NULL,NULL,'bio2');
INSERT INTO Chinese VALUES(49,'姐',NULL,NULL,'je2');
INSERT INTO Chinese VALUES(50,'妹',NULL,NULL,'mue6');
INSERT INTO Chinese VALUES(51,'翁',NULL,NULL,'ang1');
INSERT INTO Chinese VALUES(52,'姆',NULL,NULL,'m2');
INSERT INTO Chinese VALUES(53,'母',NULL,NULL,'bhou2');
INSERT INTO Chinese VALUES(54,'公',NULL,NULL,'gong1');
INSERT INTO Chinese VALUES(55,'孙','孫',NULL,'sung1');
INSERT INTO Chinese VALUES(56,'伯',NULL,NULL,'beh4');
INSERT INTO Chinese VALUES(57,'叔',NULL,NULL,'jek4');
INSERT INTO Chinese VALUES(58,'丈',NULL,NULL,'dion6');
INSERT INTO Chinese VALUES(59,'舅',NULL,NULL,'gu6');
INSERT INTO Chinese VALUES(60,'婶','嬸',NULL,'sim2');
INSERT INTO Chinese VALUES(61,'姑',NULL,NULL,'gou1');
INSERT INTO Chinese VALUES(62,'姨',NULL,NULL,'i5');
INSERT INTO Chinese VALUES(63,'妗',NULL,NULL,'gim6');
INSERT INTO Chinese VALUES(64,'亲','親',NULL,'cheng1');
INSERT INTO Chinese VALUES(65,'戚',NULL,NULL,'chek4');
INSERT INTO Chinese VALUES(66,'电','電',NULL,'diang6');
INSERT INTO Chinese VALUES(67,'视','視',NULL,'si6');
INSERT INTO Chinese VALUES(68,'脑','腦',NULL,'nao2');
INSERT INTO Chinese VALUES(69,'话','話',NULL,'ue7');
INSERT INTO Chinese VALUES(71,'礼','禮',NULL,'loi2');
INSERT INTO Chinese VALUES(72,'拜',NULL,NULL,'bai3');
INSERT INTO Chinese VALUES(74,'十',NULL,NULL,'jap8');
INSERT INTO Chinese VALUES(75,'二',NULL,NULL,'yi6');
INSERT INTO Chinese VALUES(76,'三',NULL,NULL,'san1');
INSERT INTO Chinese VALUES(77,'四',NULL,NULL,'si3');
INSERT INTO Chinese VALUES(78,'五',NULL,NULL,'ngou6');
INSERT INTO Chinese VALUES(79,'六',NULL,NULL,'lak8');
INSERT INTO Chinese VALUES(80,'月',NULL,NULL,'ghueh8');
INSERT INTO Chinese VALUES(82,'八',NULL,NULL,'boih4');
INSERT INTO Chinese VALUES(83,'九',NULL,NULL,'gao2');
INSERT INTO Chinese VALUES(84,'年',NULL,NULL,'ni5');
INSERT INTO Chinese VALUES(85,'细','細',NULL,'soi3');
INSERT INTO Chinese VALUES(86,'夫',NULL,NULL,'bou1');
INSERT INTO Chinese VALUES(87,'逗',NULL,NULL,'dao1');
INSERT INTO Chinese VALUES(88,'今',NULL,NULL,'gim1');
INSERT INTO Chinese VALUES(90,'厝',NULL,NULL,'chu3');
INSERT INTO Chinese VALUES(91,'条','條',NULL,'diao5');
INSERT INTO Chinese VALUES(92,'老',NULL,NULL,'lao6');
INSERT INTO Chinese VALUES(93,'师','師',NULL,'seu1');
INSERT INTO Chinese VALUES(94,'先',NULL,NULL,'sing1');
INSERT INTO Chinese VALUES(95,'生',NULL,NULL,'sen1');
INSERT INTO Chinese VALUES(96,'鸡','鷄',NULL,'goi1');
INSERT INTO Chinese VALUES(97,'肉',NULL,NULL,'bhah4');
INSERT INTO Chinese VALUES(98,'猪','豬',NULL,'deu1');
INSERT INTO Chinese VALUES(99,'吹',NULL,NULL,'chue1');
INSERT INTO Chinese VALUES(100,'机','機',NULL,'gi1');
INSERT INTO Chinese VALUES(101,'汽',NULL,NULL,'ki3');
INSERT INTO Chinese VALUES(102,'水',NULL,NULL,'jui2');
INSERT INTO Chinese VALUES(103,'奶',NULL,NULL,'ni6');
INSERT INTO Chinese VALUES(104,'茶',NULL,NULL,'de5');
INSERT INTO Chinese VALUES(105,'椰',NULL,NULL,'ia5');
INSERT INTO Chinese VALUES(106,'子',NULL,NULL,'ji2');
INSERT INTO Chinese VALUES(107,'早',NULL,NULL,'ja2');
INSERT INTO Chinese VALUES(108,'餐',NULL,NULL,'chang1');
INSERT INTO Chinese VALUES(109,'中',NULL,NULL,'dong1');
INSERT INTO Chinese VALUES(110,'午',NULL,NULL,'ngou2');
INSERT INTO Chinese VALUES(111,'夜',NULL,NULL,'men5');
INSERT INTO Chinese VALUES(112,'鸭','鴨',NULL,'ah4');
INSERT INTO Chinese VALUES(113,'脞',NULL,NULL,'cho3');
INSERT INTO Chinese VALUES(114,'绒','絨',NULL,'yong5');
INSERT INTO Chinese VALUES(115,'灌',NULL,NULL,'guang3');
INSERT INTO Chinese VALUES(116,'肠','腸',NULL,'chiang5');
INSERT INTO Chinese VALUES(117,'腊','臘',NULL,'lah8');
INSERT INTO Chinese VALUES(118,'蟹',NULL,NULL,'hoi6');
INSERT INTO Chinese VALUES(119,'虾','蝦',NULL,'he5');
INSERT INTO Chinese VALUES(120,'菜',NULL,NULL,'chai3');
INSERT INTO Chinese VALUES(121,'韭',NULL,NULL,'gu2');
INSERT INTO Chinese VALUES(122,'豆',NULL,NULL,'dao7');
INSERT INTO Chinese VALUES(123,'芽',NULL,NULL,'ghe5');
INSERT INTO Chinese VALUES(124,'冬',NULL,NULL,'dang1');
INSERT INTO Chinese VALUES(125,'瓜',NULL,NULL,'gue1');
INSERT INTO Chinese VALUES(126,'凝',NULL,NULL,'ngang5');
INSERT INTO Chinese VALUES(127,'凉','涼',NULL,'liang5');
INSERT INTO Chinese VALUES(128,'茄',NULL,NULL,'gio5');
INSERT INTO Chinese VALUES(129,'色',NULL,NULL,'sek4');
INSERT INTO Chinese VALUES(130,'羊',NULL,NULL,'ion5');
INSERT INTO Chinese VALUES(131,'火',NULL,NULL,'hue2');
INSERT INTO Chinese VALUES(132,'毛',NULL,NULL,'mo5');
INSERT INTO Chinese VALUES(133,'牛',NULL,NULL,'ghu5');
INSERT INTO Chinese VALUES(134,'圆','圓',NULL,'in5');
INSERT INTO Chinese VALUES(135,'油',NULL,NULL,'iu5');
INSERT INTO Chinese VALUES(136,'海',NULL,NULL,'hai2');
INSERT INTO Chinese VALUES(137,'鲜','鮮',NULL,'chin1');
INSERT INTO Chinese VALUES(138,'龙','龍',NULL,'leng5');
INSERT INTO Chinese VALUES(139,'带','帶',NULL,'dua3');
INSERT INTO Chinese VALUES(140,'草',NULL,NULL,'chao2');
INSERT INTO Chinese VALUES(141,'不',NULL,NULL,'buk4');
INSERT INTO Chinese VALUES(142,'换','換',NULL,'huang3');
INSERT INTO Chinese VALUES(143,'薄',NULL,NULL,'bo5');
INSERT INTO Chinese VALUES(144,'荷',NULL,NULL,'ho5');
INSERT INTO Chinese VALUES(145,'芫',NULL,NULL,'uang5');
INSERT INTO Chinese VALUES(146,'荽',NULL,NULL,'sui1');
INSERT INTO Chinese VALUES(147,'葱','蔥',NULL,'chang1');
INSERT INTO Chinese VALUES(148,'蒜',NULL,NULL,'seung3');
INSERT INTO Chinese VALUES(149,'头','頭',NULL,'tao5');
INSERT INTO Chinese VALUES(150,'莶','薟',NULL,'hiam1');
INSERT INTO Chinese VALUES(151,'椒',NULL,NULL,'jio1');
INSERT INTO Chinese VALUES(152,'菇',NULL,NULL,'gou1');
INSERT INTO Chinese VALUES(153,'木',NULL,NULL,'bhak8');
INSERT INTO Chinese VALUES(154,'耳',NULL,NULL,'yeu2');
INSERT INTO Chinese VALUES(155,'西',NULL,NULL,'sai1');
INSERT INTO Chinese VALUES(156,'洋',NULL,NULL,'ion5');
INSERT INTO Chinese VALUES(157,'芳',NULL,NULL,'pang1');
INSERT INTO Chinese VALUES(158,'菠',NULL,NULL,'bue1');
INSERT INTO Chinese VALUES(159,'薐',NULL,NULL,'leng5');
INSERT INTO Chinese VALUES(160,'笋','筍',NULL,'sung2');
INSERT INTO Chinese VALUES(161,'芦','蘆',NULL,'lou5');
INSERT INTO Chinese VALUES(162,'番',NULL,NULL,'huang1');
INSERT INTO Chinese VALUES(163,'麦','麥',NULL,'bheh8');
INSERT INTO Chinese VALUES(164,'苦',NULL,NULL,'kou2');
INSERT INTO Chinese VALUES(165,'芋',NULL,NULL,'ou7');
INSERT INTO Chinese VALUES(166,'果',NULL,NULL,'gue2');
INSERT INTO Chinese VALUES(167,'梨',NULL,NULL,'lai5');
INSERT INTO Chinese VALUES(168,'橘',NULL,NULL,'gek4');
INSERT INTO Chinese VALUES(169,'涂','塗',NULL,'tou5');
INSERT INTO Chinese VALUES(170,'柚',NULL,NULL,'iu7');
INSERT INTO Chinese VALUES(171,'菠',NULL,NULL,'bo1');
INSERT INTO Chinese VALUES(172,'萝','蘿',NULL,'lo5');
INSERT INTO Chinese VALUES(173,'蜜',NULL,NULL,'bhik8');
INSERT INTO Chinese VALUES(174,'酸',NULL,NULL,'seung1');
INSERT INTO Chinese VALUES(175,'石',NULL,NULL,'sioh8');
INSERT INTO Chinese VALUES(176,'榴',NULL,NULL,'liu5');
INSERT INTO Chinese VALUES(177,'西',NULL,NULL,'si1');
INSERT INTO Chinese VALUES(178,'茄',NULL,NULL,'gia1');
INSERT INTO Chinese VALUES(179,'腐',NULL,NULL,'hu7');
INSERT INTO Chinese VALUES(180,'吊',NULL,NULL,'diao3');
INSERT INTO Chinese VALUES(181,'角',NULL,NULL,'gak4');
INSERT INTO Chinese VALUES(183,'啦',NULL,NULL,'la7');
INSERT INTO Chinese VALUES(184,'荭','葒',NULL,'hong5');
INSERT INTO Chinese VALUES(185,'葡',NULL,NULL,'pu5');
INSERT INTO Chinese VALUES(186,'萄',NULL,NULL,'do5');
INSERT INTO Chinese VALUES(187,'酒',NULL,NULL,'jiu2');
INSERT INTO Chinese VALUES(189,'粿',NULL,NULL,'gue2');
INSERT INTO Chinese VALUES(190,'热','熱',NULL,'yuah8');
INSERT INTO Chinese VALUES(191,'名',NULL,NULL,'mian5');
INSERT INTO Chinese VALUES(192,'底',NULL,NULL,'di7');
INSERT INTO Chinese VALUES(193,'滇',NULL,NULL,'diang1');
INSERT INTO Chinese VALUES(194,'个','個',NULL,'gai5');
INSERT INTO Chinese VALUES(195,'时','時',NULL,'si5');
INSERT INTO Chinese VALUES(196,'块','塊',NULL,'go3');
INSERT INTO Chinese VALUES(197,'怎',NULL,NULL,'jo3');
INSERT INTO Chinese VALUES(198,'呢',NULL,NULL,'ni5');
INSERT INTO Chinese VALUES(199,'阮',NULL,NULL,'uang2');
INSERT INTO Chinese VALUES(200,'额','額',NULL,'hiah8');
INSERT INTO Chinese VALUES(201,'面',NULL,NULL,'ming7');
INSERT INTO Chinese VALUES(202,'目',NULL,NULL,'mak8');
INSERT INTO Chinese VALUES(203,'眉',NULL,NULL,'bhai5');
INSERT INTO Chinese VALUES(204,'耳',NULL,NULL,'hin6');
INSERT INTO Chinese VALUES(205,'鼻',NULL,NULL,'pin7');
INSERT INTO Chinese VALUES(206,'嘴',NULL,NULL,'chui3');
INSERT INTO Chinese VALUES(207,'舌',NULL,NULL,'jih8');
INSERT INTO Chinese VALUES(208,'牙',NULL,NULL,'ghe5');
INSERT INTO Chinese VALUES(209,'齿','齒',NULL,'ki2');
INSERT INTO Chinese VALUES(210,'下',NULL,NULL,'e6');
INSERT INTO Chinese VALUES(211,'颏','頦',NULL,'hai5');
INSERT INTO Chinese VALUES(212,'颔','頷',NULL,'am6');
INSERT INTO Chinese VALUES(213,'喉',NULL,NULL,'ao5');
INSERT INTO Chinese VALUES(214,'咙','嚨',NULL,'leng5');
INSERT INTO Chinese VALUES(215,'莲','蓮',NULL,'nai5');
INSERT INTO Chinese VALUES(216,'厚',NULL,NULL,'gao6');
INSERT INTO Chinese VALUES(217,'肩',NULL,NULL,'gain1');
INSERT INTO Chinese VALUES(218,'手',NULL,NULL,'chiu2');
INSERT INTO Chinese VALUES(219,'指',NULL,NULL,'jain2');
INSERT INTO Chinese VALUES(220,'饭','飯',NULL,'beung7');
INSERT INTO Chinese VALUES(221,'脚','腳',NULL,'ka1');
INSERT INTO Chinese VALUES(222,'尻',NULL,NULL,'ka1');
INSERT INTO Chinese VALUES(223,'川',NULL,NULL,'cheung1');
INSERT INTO Chinese VALUES(224,'冰',NULL,NULL,'bian1');
INSERT INTO Chinese VALUES(225,'霜',NULL,NULL,'seung1');
INSERT INTO Chinese VALUES(226,'腰',NULL,NULL,'io1');
INSERT INTO Chinese VALUES(227,'麵',NULL,NULL,'mi7');
INSERT INTO Chinese VALUES(228,'糜',NULL,NULL,'mue5');
INSERT INTO Chinese VALUES(229,'包',NULL,NULL,'bao1');
INSERT INTO Chinese VALUES(230,'汤','湯',NULL,'teung1');
INSERT INTO Chinese VALUES(231,'物',NULL,NULL,'mueh8');
INSERT INTO Chinese VALUES(232,'图','圖',NULL,'dou5');
INSERT INTO Chinese VALUES(233,'书','書',NULL,'jeu1');
INSERT INTO Chinese VALUES(234,'馆','館',NULL,'guang2');
INSERT INTO Chinese VALUES(235,'局',NULL,NULL,'gek8');
INSERT INTO Chinese VALUES(236,'莓',NULL,NULL,'bhue5');
INSERT INTO Chinese VALUES(237,'铰','鉸',NULL,'ga1');
INSERT INTO Chinese VALUES(238,'刀',NULL,NULL,'do1');
INSERT INTO Chinese VALUES(239,'唔',NULL,NULL,'m6');
INSERT INTO Chinese VALUES(240,'钱','錢',NULL,'jin5');
INSERT INTO Chinese VALUES(241,'镭','鐳',NULL,'lui1');
INSERT INTO Chinese VALUES(242,'几','幾',NULL,'gui2');
INSERT INTO Chinese VALUES(243,'在',NULL,NULL,'do6');
INSERT INTO Chinese VALUES(244,'去',NULL,NULL,'keu3');
INSERT INTO Chinese VALUES(245,'前',NULL,NULL,'jain5');
INSERT INTO Chinese VALUES(246,'后','後',NULL,'ao6');
INSERT INTO Chinese VALUES(247,'市',NULL,NULL,'chi6');
INSERT INTO Chinese VALUES(248,'食',NULL,NULL,'jiah8');
INSERT INTO Chinese VALUES(249,'试','試',NULL,'chi3');
INSERT INTO Chinese VALUES(250,'放',NULL,NULL,'bang3');
INSERT INTO Chinese VALUES(251,'尿',NULL,NULL,'yio7');
INSERT INTO Chinese VALUES(252,'屎',NULL,NULL,'sai2');
INSERT INTO Chinese VALUES(253,'屁',NULL,NULL,'pui3');
INSERT INTO Chinese VALUES(254,'蜀',NULL,NULL,'jek8');
INSERT INTO Chinese VALUES(255,'危',NULL,NULL,'guin5');
INSERT INTO Chinese VALUES(256,'只',NULL,NULL,'ji2');
INSERT INTO Chinese VALUES(257,'箍',NULL,NULL,'kou1');
INSERT INTO Chinese VALUES(258,'买','買',NULL,'bhoi2');
INSERT INTO Chinese VALUES(259,'灱',NULL,NULL,'da1');
INSERT INTO Chinese VALUES(260,'欲','慾',NULL,'ain3');
INSERT INTO Chinese VALUES(261,'衫',NULL,NULL,'san1');
INSERT INTO Chinese VALUES(262,'裤','褲',NULL,'kou3');
INSERT INTO Chinese VALUES(263,'鞋',NULL,NULL,'oi5');
INSERT INTO Chinese VALUES(264,'袜','襪',NULL,'ghueh8');
INSERT INTO Chinese VALUES(265,'合',NULL,NULL,'hah8');
INSERT INTO Chinese VALUES(266,'短',NULL,NULL,'do2');
INSERT INTO Chinese VALUES(267,'矮',NULL,NULL,'oi2');
INSERT INTO Chinese VALUES(268,'是',NULL,NULL,'si6');
INSERT INTO Chinese VALUES(269,'毕','畢',NULL,'bek8');
INSERT INTO Chinese VALUES(270,'业','業',NULL,'ngiap8');
INSERT INTO Chinese VALUES(271,'岁','歲',NULL,'hue3');
INSERT INTO Chinese VALUES(272,'学','學',NULL,'oh8');
INSERT INTO Chinese VALUES(273,'呾',NULL,NULL,'dan3');
INSERT INTO Chinese VALUES(274,'间','間',NULL,'gang1');
INSERT INTO Chinese VALUES(275,'有',NULL,NULL,'u6');
INSERT INTO Chinese VALUES(276,'无','無',NULL,'bho5');
INSERT INTO Chinese VALUES(277,'一',NULL,NULL,'jek8');
INSERT INTO Chinese VALUES(278,'两','兩',NULL,'no6');
INSERT INTO Chinese VALUES(279,'二',NULL,NULL,'no6');
INSERT INTO Chinese VALUES(280,'潮',NULL,NULL,'dio5');
INSERT INTO Chinese VALUES(281,'州',NULL,NULL,'jiu1');
INSERT INTO Chinese VALUES(282,'話',NULL,NULL,'ue7');
INSERT INTO Chinese VALUES(283,'薑',NULL,NULL,'gion1');
INSERT INTO Chinese VALUES(284,'戏','戲',NULL,'hi3');
INSERT INTO Chinese VALUES(285,'口',NULL,NULL,'kao6');
INSERT INTO Chinese VALUES(286,'畔',NULL,NULL,'bain5');
INSERT INTO Chinese VALUES(287,'园','園',NULL,'heung5');
INSERT INTO Chinese VALUES(288,'肚',NULL,NULL,'dou2');
INSERT INTO Chinese VALUES(289,'落',NULL,NULL,'loh8');
INSERT INTO Chinese VALUES(290,'雨',NULL,NULL,'hou6');
INSERT INTO Chinese VALUES(291,'写','寫',NULL,'sia2');
INSERT INTO Chinese VALUES(292,'字',NULL,NULL,'yi7');
INSERT INTO Chinese VALUES(293,'鱼','魚',NULL,'heu5');
INSERT INTO Chinese VALUES(294,'树','樹',NULL,'chiu7');
INSERT INTO Chinese VALUES(295,'明',NULL,NULL,'mua3');
INSERT INTO Chinese VALUES(296,'明',NULL,NULL,'ma3');
INSERT INTO Chinese VALUES(297,'明',NULL,NULL,'meng5');
INSERT INTO Chinese VALUES(298,'暝',NULL,NULL,'me5');
INSERT INTO Chinese VALUES(299,'豉',NULL,NULL,'si7');
INSERT INTO Chinese VALUES(300,'盐','鹽',NULL,'iam5');
INSERT INTO Chinese VALUES(301,'胡',NULL,NULL,'hou5');
INSERT INTO Chinese VALUES(302,'糖',NULL,NULL,'teung5');
INSERT INTO Chinese VALUES(303,'味',NULL,NULL,'bhi7');
INSERT INTO Chinese VALUES(304,'精',NULL,NULL,'jeng1');
INSERT INTO Chinese VALUES(305,'惜',NULL,NULL,'sioh4');
INSERT INTO Chinese VALUES(306,'煮',NULL,NULL,'jeu2');
INSERT INTO Chinese VALUES(307,'长','長',NULL,'deung5');
INSERT INTO Chinese VALUES(308,'慢',NULL,NULL,'mang7');
INSERT INTO Chinese VALUES(309,'匙',NULL,NULL,'si5');
INSERT INTO Chinese VALUES(310,'箸',NULL,NULL,'deu7');
INSERT INTO Chinese VALUES(311,'叉',NULL,NULL,'che1');
INSERT INTO Chinese VALUES(312,'医','醫',NULL,'ui1');
INSERT INTO Chinese VALUES(313,'生',NULL,NULL,'seng1');
INSERT INTO Chinese VALUES(314,'狗',NULL,NULL,'gao2');
INSERT INTO Chinese VALUES(315,'猫','貓',NULL,'ngiao1');
INSERT INTO Chinese VALUES(316,'猫','貓',NULL,'ngiao2');
INSERT INTO Chinese VALUES(317,'鼠',NULL,NULL,'cheu2');
INSERT INTO Chinese VALUES(318,'马','馬',NULL,'bhe2');
INSERT INTO Chinese VALUES(319,'鸟','鳥',NULL,'jiao2');
INSERT INTO Chinese VALUES(320,'蠓',NULL,NULL,'mang2');
INSERT INTO Chinese VALUES(321,'花',NULL,NULL,'hue1');
INSERT INTO Chinese VALUES(322,'哭',NULL,NULL,'kao3');
INSERT INTO Chinese VALUES(323,'恼','惱',NULL,'lou2');
INSERT INTO Chinese VALUES(324,'夗',NULL,NULL,'in6');
INSERT INTO Chinese VALUES(325,'夗',NULL,NULL,'uk8');
INSERT INTO Chinese VALUES(326,'涩','澀',NULL,'siap4');
INSERT INTO Chinese VALUES(327,'来','來',NULL,'lai5');
INSERT INTO Chinese VALUES(328,'相',NULL,NULL,'sio1');
INSERT INTO Chinese VALUES(329,'辅','輔',NULL,'hu6');
INSERT INTO Chinese VALUES(330,'唐',NULL,NULL,'deung5');
INSERT INTO Chinese VALUES(331,'勿',NULL,NULL,'mai3');
INSERT INTO Chinese VALUES(332,'凄','淒',NULL,'chi1');
INSERT INTO Chinese VALUES(333,'疑',NULL,NULL,'ghi5');
INSERT INTO Chinese VALUES(334,'许','許',NULL,'heu2');
INSERT INTO Chinese VALUES(335,'嫑',NULL,NULL,'mai3');
INSERT INTO Chinese VALUES(336,'坐',NULL,NULL,'jo6');
INSERT INTO Chinese VALUES(337,'笑',NULL,NULL,'chio3');
INSERT INTO Chinese VALUES(338,'问','問',NULL,'meung7');
INSERT INTO Chinese VALUES(339,'赢','贏',NULL,'ian5');
INSERT INTO Chinese VALUES(340,'行',NULL,NULL,'hang5');
INSERT INTO Chinese VALUES(341,'耍',NULL,NULL,'seung2');
INSERT INTO Chinese VALUES(342,'㜁',NULL,NULL,'ja1');
INSERT INTO Chinese VALUES(343,'𡚸',NULL,NULL,'bhou2');
INSERT INTO Chinese VALUES(344,'溶',NULL,NULL,'ion5');
INSERT INTO Chinese VALUES(345,'走',NULL,NULL,'jao2');
INSERT INTO Chinese VALUES(346,'司',NULL,NULL,'si1');
INSERT INTO Chinese VALUES(347,'浴',NULL,NULL,'ek8');
INSERT INTO Chinese VALUES(348,'昼','晝',NULL,'dao3');
INSERT INTO Chinese VALUES(349,'旰',NULL,NULL,'gua3');
INSERT INTO Chinese VALUES(350,'昏',NULL,NULL,'heung1');
INSERT INTO Chinese VALUES(351,'孥',NULL,NULL,'nou1');
INSERT INTO Chinese VALUES(352,'朋',NULL,NULL,'peng5');
INSERT INTO Chinese VALUES(353,'友',NULL,NULL,'iu2');
INSERT INTO Chinese VALUES(354,'熟',NULL,NULL,'sek8');
INSERT INTO Chinese VALUES(355,'痟',NULL,NULL,'siao2');
INSERT INTO Chinese VALUES(356,'韧','韌',NULL,'yung7');
INSERT INTO Chinese VALUES(357,'榄','欖',NULL,'nam2');
INSERT INTO Chinese VALUES(358,'银',NULL,NULL,'nging5');
INSERT INTO Chinese VALUES(359,'薰',NULL,NULL,'hung1');
INSERT INTO Chinese VALUES(360,'深',NULL,NULL,'chim1');
INSERT INTO Chinese VALUES(361,'父',NULL,NULL,'be6');
INSERT INTO Chinese VALUES(362,'嫒','嬡',NULL,'ai5');
INSERT INTO Chinese VALUES(363,'七',NULL,NULL,'chik4');
INSERT INTO Chinese VALUES(364,'浅','淺',NULL,'chiang2');
INSERT INTO Chinese VALUES(365,'一',NULL,NULL,'ik4');
INSERT INTO Chinese VALUES(366,'正',NULL,NULL,'jian1');
INSERT INTO Chinese VALUES(367,'日',NULL,NULL,'yik8');
INSERT INTO Chinese VALUES(368,'今',NULL,NULL,'ging1');
INSERT INTO Chinese VALUES(369,'高',NULL,NULL,'gao1');
INSERT INTO Chinese VALUES(370,'棉',NULL,NULL,'miang5');
INSERT INTO Chinese VALUES(371,'冷',NULL,NULL,'ne2');
INSERT INTO Chinese VALUES(372,'气','氣',NULL,'ki3');
INSERT INTO Chinese VALUES(373,'扒',NULL,NULL,'be5');
INSERT INTO Chinese VALUES(374,'铺','鋪',NULL,'pou1');
INSERT INTO Chinese VALUES(375,'房',NULL,NULL,'bang5');
INSERT INTO Chinese VALUES(376,'被',NULL,NULL,'pue6');
INSERT INTO Chinese VALUES(377,'蟠',NULL,NULL,'puang5');
INSERT INTO Chinese VALUES(378,'椅',NULL,NULL,'in2');
INSERT INTO Chinese VALUES(379,'门','門',NULL,'meung5');
INSERT INTO Chinese VALUES(380,'风','風',NULL,'huang1');
INSERT INTO Chinese VALUES(381,'扇','搧',NULL,'sin3');
INSERT INTO Chinese VALUES(382,'橱','櫥',NULL,'du5');
INSERT INTO Chinese VALUES(383,'枕',NULL,NULL,'jim2');
INSERT INTO Chinese VALUES(384,'厕','廁',NULL,'che3');
INSERT INTO Chinese VALUES(385,'所',NULL,NULL,'so2');
INSERT INTO Chinese VALUES(386,'床','牀',NULL,'cheung5');
INSERT INTO Chinese VALUES(387,'灇',NULL,NULL,'jang5');
INSERT INTO Chinese VALUES(388,'洗',NULL,NULL,'soi2');
INSERT INTO Chinese VALUES(389,'窗',NULL,NULL,'teng1');
INSERT INTO Chinese VALUES(390,'暗',NULL,NULL,'am3');
INSERT INTO Chinese VALUES(391,'猛',NULL,NULL,'me2');
INSERT INTO Chinese VALUES(392,'骨',NULL,NULL,'guk4');
INSERT INTO Chinese VALUES(393,'簿',NULL,NULL,'pou6');
INSERT INTO Chinese VALUES(394,'纸','紙',NULL,'jua2');
INSERT INTO Chinese VALUES(395,'笔','筆',NULL,'bik4');
INSERT INTO Chinese VALUES(396,'铅','鉛',NULL,'ing5');
INSERT INTO Chinese VALUES(397,'读','讀',NULL,'tak8');
INSERT INTO Chinese VALUES(398,'困',NULL,NULL,'kung3');
INSERT INTO Chinese VALUES(399,'苹','蘋',NULL,'ping5');
INSERT INTO Chinese VALUES(400,'弓',NULL,NULL,'geng1');
INSERT INTO Chinese VALUES(401,'卵',NULL,NULL,'neung6');
INSERT INTO Chinese VALUES(402,'咖',NULL,NULL,'ga1');
INSERT INTO Chinese VALUES(403,'啡',NULL,NULL,'hui1');
INSERT INTO Chinese VALUES(404,'汁',NULL,NULL,'jap4');
INSERT INTO Chinese VALUES(405,'乜',NULL,NULL,'mih4');
INSERT INTO Chinese VALUES(406,'当','當',NULL,'diang1');
INSERT INTO Chinese VALUES(407,'谁','誰',NULL,'diang5');
INSERT INTO Chinese VALUES(408,'做',NULL,NULL,'jo3');
INSERT INTO Chinese VALUES(409,'雅',NULL,NULL,'ngia2');
INSERT INTO Chinese VALUES(410,'锁','鎖',NULL,'so2');
INSERT INTO Chinese VALUES(411,'遮',NULL,NULL,'jia1');
INSERT INTO Chinese VALUES(412,'睇',NULL,NULL,'toin2');
INSERT INTO Chinese VALUES(413,'闲','閑',NULL,'ain5');
INSERT INTO Chinese VALUES(414,'便',NULL,NULL,'pin1');
INSERT INTO Chinese VALUES(415,'贵','貴',NULL,'gui3');
INSERT INTO Chinese VALUES(416,'丈',NULL,NULL,'da1');
INSERT INTO Chinese VALUES(417,'爿',NULL,NULL,'bain5');
INSERT INTO Chinese VALUES(418,'点','點',NULL,'diam2');
INSERT INTO Chinese VALUES(419,'空',NULL,NULL,'kang3');
INSERT INTO Chinese VALUES(420,'半',NULL,NULL,'buan3');
INSERT INTO Chinese VALUES(421,'算',NULL,NULL,'seung3');
INSERT INTO Chinese VALUES(422,'计','計',NULL,'goi3');
INSERT INTO Chinese VALUES(423,'尺',NULL,NULL,'chioh4');
INSERT INTO Chinese VALUES(424,'格',NULL,NULL,'geh4');
INSERT INTO Chinese VALUES(425,'泥',NULL,NULL,'ni5');
INSERT INTO Chinese VALUES(426,'初',NULL,NULL,'cho1');
INSERT INTO Chinese VALUES(427,'小',NULL,NULL,'siao2');
INSERT INTO Chinese VALUES(428,'稚',NULL,NULL,'jin2');
INSERT INTO Chinese VALUES(429,'幼',NULL,NULL,'iun3');
INSERT INTO Chinese VALUES(430,'蕉',NULL,NULL,'jio1');
INSERT INTO Chinese VALUES(431,'炉','爐',NULL,'lou5');
INSERT INTO Chinese VALUES(432,'灯','燈',NULL,'deng1');
INSERT INTO Chinese VALUES(433,'墙','牆',NULL,'chion5');
INSERT INTO Chinese VALUES(434,'千',NULL,NULL,'chain1');
INSERT INTO Chinese VALUES(435,'梯',NULL,NULL,'tui1');
INSERT INTO Chinese VALUES(436,'楼','樓',NULL,'lao5');
INSERT INTO Chinese VALUES(437,'百',NULL,NULL,'beh4');
INSERT INTO Chinese VALUES(438,'厨','廚',NULL,'dou5');
INSERT INTO Chinese VALUES(439,'客',NULL,NULL,'keh4');
INSERT INTO Chinese VALUES(440,'厅','廳',NULL,'tian1');
INSERT INTO Chinese VALUES(441,'昨',NULL,NULL,'ja1');
INSERT INTO Chinese VALUES(442,'昨',NULL,NULL,'jao1');
INSERT INTO Chinese VALUES(443,'起',NULL,NULL,'ki2');
INSERT INTO Chinese VALUES(444,'眠',NULL,NULL,'meung5');
INSERT INTO Chinese VALUES(445,'搭',NULL,NULL,'dah4');
INSERT INTO Chinese VALUES(446,'平',NULL,NULL,'ben5');
INSERT INTO Chinese VALUES(447,'样','樣',NULL,'ion7');
INSERT INTO Chinese VALUES(448,'碗',NULL,NULL,'uan2');
INSERT INTO Chinese VALUES(449,'天',NULL,NULL,'tin1');
INSERT INTO Chinese VALUES(450,'滴',NULL,NULL,'dih4');
INSERT INTO Chinese VALUES(451,'屑',NULL,NULL,'suk4');
INSERT INTO Chinese VALUES(452,'布',NULL,NULL,'bou3');
INSERT INTO Chinese VALUES(453,'输','輸',NULL,'su1');
INSERT INTO Chinese VALUES(454,'表','錶',NULL,'bio1');
INSERT INTO Chinese VALUES(455,'索',NULL,NULL,'soh4');
INSERT INTO Chinese VALUES(456,'裙',NULL,NULL,'gung5');
INSERT INTO Chinese VALUES(457,'松',NULL,NULL,'song5');
INSERT INTO Chinese VALUES(458,'漱',NULL,NULL,'chiu3');
INSERT INTO Chinese VALUES(459,'膏',NULL,NULL,'go1');
INSERT INTO Chinese VALUES(460,'着','著',NULL,'dioh8');
INSERT INTO Chinese VALUES(461,'兔',NULL,NULL,'tou3');
INSERT INTO Chinese VALUES(462,'等',NULL,NULL,'dang2');
INSERT INTO Chinese VALUES(463,'作',NULL,NULL,'joh4');
INSERT INTO Chinese VALUES(464,'工',NULL,NULL,'gang1');
INSERT INTO Chinese VALUES(465,'工',NULL,NULL,'kang1');
INSERT INTO Chinese VALUES(466,'课','課',NULL,'kue3');
INSERT INTO Chinese VALUES(467,'蝇','蠅',NULL,'sing5');
INSERT INTO Chinese VALUES(468,'拭',NULL,NULL,'chik4');
INSERT INTO Chinese VALUES(469,'磅',NULL,NULL,'bong7');
INSERT INTO Chinese VALUES(470,'远','遠',NULL,'heung6');
INSERT INTO Chinese VALUES(471,'好',NULL,NULL,'hoh4');
CREATE TABLE Synonyms (
    id          integer primary key,
    english_id  integer,
    word        text,
    foreign key(english_id) references English(id)
);
INSERT INTO Synonyms VALUES(1,258,'tangerine');
INSERT INTO Synonyms VALUES(2,211,'pork sung');
INSERT INTO Synonyms VALUES(3,145,'refrigerator');
INSERT INTO Synonyms VALUES(4,241,'black fungus');
INSERT INTO Synonyms VALUES(5,165,'to study');
INSERT INTO Synonyms VALUES(6,201,'soft drink');
INSERT INTO Synonyms VALUES(7,201,'pop');
INSERT INTO Synonyms VALUES(8,278,'chive dumpling');
INSERT INTO Synonyms VALUES(9,104,'large');
INSERT INTO Synonyms VALUES(10,39,'mom');
INSERT INTO Synonyms VALUES(11,38,'dad');
INSERT INTO Synonyms VALUES(12,310,'rice porridge');
INSERT INTO Synonyms VALUES(13,32,'me');
INSERT INTO Synonyms VALUES(14,323,'to leave');
INSERT INTO Synonyms VALUES(15,111,'home');
INSERT INTO Synonyms VALUES(16,13,'eight');
INSERT INTO Synonyms VALUES(17,47,'grandma');
INSERT INTO Synonyms VALUES(18,48,'grandpa');
INSERT INTO Synonyms VALUES(19,70,'telephone');
INSERT INTO Synonyms VALUES(20,270,'luffa');
INSERT INTO Synonyms VALUES(21,427,'adolescent');
INSERT INTO Synonyms VALUES(22,427,'young person');
INSERT INTO Synonyms VALUES(23,40,'kid');
INSERT INTO Synonyms VALUES(24,237,'scallion');
INSERT INTO Synonyms VALUES(25,167,'backpack');
INSERT INTO Synonyms VALUES(26,211,'pork fu');
INSERT INTO Synonyms VALUES(27,354,'great grandpa');
INSERT INTO Synonyms VALUES(28,353,'great grandma');
INSERT INTO Synonyms VALUES(29,116,'inexpensive');
INSERT INTO Synonyms VALUES(30,27,'violet');
INSERT INTO Synonyms VALUES(31,68,'tv');
INSERT INTO Synonyms VALUES(32,44,'little sister');
INSERT INTO Synonyms VALUES(33,30,'grey');
INSERT INTO Synonyms VALUES(34,237,'spring onion');
INSERT INTO Synonyms VALUES(35,1,'hi');
INSERT INTO Synonyms VALUES(36,443,'dim');
INSERT INTO Synonyms VALUES(37,361,'belly');
INSERT INTO Synonyms VALUES(38,358,'film');
INSERT INTO Synonyms VALUES(39,346,'to speak');
INSERT INTO Synonyms VALUES(40,450,'to see');
INSERT INTO Synonyms VALUES(41,450,'to watch');
INSERT INTO Synonyms VALUES(42,450,'to read');
INSERT INTO Synonyms VALUES(43,195,'to try');
INSERT INTO Synonyms VALUES(44,451,'availability');
INSERT INTO Synonyms VALUES(45,473,'have to');
INSERT INTO Synonyms VALUES(46,475,'bunny');
INSERT INTO Synonyms VALUES(47,478,'housefly');
INSERT INTO Synonyms VALUES(49,473,'need to');
INSERT INTO Synonyms VALUES(50,483,'very');
INSERT INTO Synonyms VALUES(51,483,'so');
CREATE TABLE SubCategories (
    id integer primary key,
    category_id integer,
    name text,
    foreign key(category_id) references Categories(id)
);
INSERT INTO SubCategories VALUES(1,NULL,'smallnumber');
INSERT INTO SubCategories VALUES(2,NULL,'personadjective');
INSERT INTO SubCategories VALUES(3,NULL,'drink');
CREATE TABLE Phrases (
    id integer primary key,
    words text,
    sentence text,
    hidden boolean default 0);
INSERT INTO Phrases VALUES(1,'I to_know','I know',0);
INSERT INTO Phrases VALUES(2,'I name','My name is...',0);
INSERT INTO Phrases VALUES(3,'you name what','What is your name?',0);
INSERT INTO Phrases VALUES(4,'you to_do what','What are you doing?',0);
INSERT INTO Phrases VALUES(5,'you good bad','How are you?',0);
INSERT INTO Phrases VALUES(6,'I is_not to_know','I don''t know',0);
INSERT INTO Phrases VALUES(7,'how_many time_(hour)','What time is it?',0);
INSERT INTO Phrases VALUES(8,'you to_be_at where','Where are you?',0);
INSERT INTO Phrases VALUES(9,'you to_go where','Where are you going?',0);
INSERT INTO Phrases VALUES(10,'I to_be_at house-lai6','I am at home',0);
INSERT INTO Phrases VALUES(11,'$smallnumber day front','$smallnumber days ago',1);
INSERT INTO Phrases VALUES(12,'$smallnumber day back','in $smallnumber days',1);
INSERT INTO Phrases VALUES(13,'this| how_many dollar','How much does this cost?',0);
INSERT INTO Phrases VALUES(14,'I to_go store','I''m going to the store',0);
INSERT INTO Phrases VALUES(15,'I to_go to_buy vegetables','I''m going to buy vegetables',0);
INSERT INTO Phrases VALUES(16,'I $personadjective','I''m $personadjective',0);
INSERT INTO Phrases VALUES(17,'I to_want to_eat $drink','I want to drink $drink',0);
INSERT INTO Phrases VALUES(18,'you to_like what color','What color do you like?',0);
INSERT INTO Phrases VALUES(19,'you how_many age','How old are you?',0);
INSERT INTO Phrases VALUES(20,'today-ging1yik8| you to_have time no_(don''t_have)','Do you have time today?',1);
INSERT INTO Phrases VALUES(21,'I to_learn to_say Teochew_language','I am learning to speak Teochew',0);
INSERT INTO Phrases VALUES(22,'you when to_come','When are you coming?',0);
INSERT INTO Phrases VALUES(23,'you to_have free_time no_(don''t_have)','Do you have time?',0);
INSERT INTO Phrases VALUES(24,'I busy','I''m busy',0);
INSERT INTO Phrases VALUES(25,'I 30 age','I''m thirty years old',0);
INSERT INTO Phrases VALUES(26,'I to_wash bowl','I am washing dishes',0);
INSERT INTO Phrases VALUES(27,'I must to_brush_teeth','I have to brush my teeth',0);
CREATE TABLE CategoryLinks (
    id integer primary key,
    subcategory_id integer,
    english_id integer,
    foreign key(subcategory_id) references SubCategories(id),
    foreign key(english_id) references English(id)
);
INSERT INTO CategoryLinks VALUES(1,1,7);
INSERT INTO CategoryLinks VALUES(2,1,8);
INSERT INTO CategoryLinks VALUES(3,1,9);
INSERT INTO CategoryLinks VALUES(4,1,10);
INSERT INTO CategoryLinks VALUES(5,2,122);
INSERT INTO CategoryLinks VALUES(6,2,331);
INSERT INTO CategoryLinks VALUES(7,3,121);
INSERT INTO CategoryLinks VALUES(8,3,187);
INSERT INTO CategoryLinks VALUES(9,3,188);
INSERT INTO CategoryLinks VALUES(10,2,398);
CREATE TABLE Extra (
    id integer primary key,
    english_id integer,
    info text,
    foreign key(english_id) references English(id)
);
INSERT INTO Extra VALUES(1,6,'The original character for 1, pronounced as jēk, is actually 蜀, however you typically see the character 一 instead.');
INSERT INTO Extra VALUES(2,7,'The number 2 by itself is pronounced "no6", but many other words that include a 2 in it will use "yi6(7)". You may also see the character 两 for 2. 两 is only pronounced as "no6", whereas 二 can be pronounced as "no6" or "yi6"');
INSERT INTO Extra VALUES(3,111,'chŭ 厝 refers to a house as a building, whereas lái 内 is more like a home. I have heard both used interchangeably though.');
INSERT INTO Extra VALUES(4,108,replace('Each of these translations starts with the same character (明). This can be pronounced in a variety of different ways. Some of these translations can also be used to mean "tomorrow morning" as "kì 起" means to go up and "jà 早" means early.\n','\n',char(10)));
INSERT INTO Extra VALUES(5,30,'My family never uses the word ''gray'', so it''s not really familiar to me. When I asked my aunt how to say it in Teochew, she said that ''pin7 hung1 sek4'' was like the smoke that comes out of the nose.');
INSERT INTO Extra VALUES(7,47,'Note that you should always just use "ma2" when addressing your grandmother. "lai7 ma2" and "ghua7 ma2" can be used when referring to your grandmother, to be more specific and differentiate when talking to someone else, but it should not be what you call your grandmother.');
INSERT INTO Extra VALUES(8,48,'Note that you should always just use "gong1" when addressing your grandfather. "lai7 gong1" and "ghua7 gong1" can be used when referring to your grandfather, to be more specific and differentiate when talking to someone else, but it should not be what you call your grandfather.');
INSERT INTO Extra VALUES(10,344,replace('**ga lem** originates from the French word crème. We just throw a teochew accent on it (:\n','\n',char(10)));
INSERT INTO Extra VALUES(11,110,replace('囝 is not the "official" character used for "gian" in **gian yik**, but I''m using it because it has the same sound and I''m not sure what a more appropriate character would be.\n','\n',char(10)));
INSERT INTO Extra VALUES(12,274,replace('**la hong** comes from Cambodian ​ល្ហុង, and is often used among Cambodian Teochew speakers.\n','\n',char(10)));
INSERT INTO Extra VALUES(13,281,replace('Alternatively, you may see 底珍 or 底滇 used.\n','\n',char(10)));
INSERT INTO Extra VALUES(14,284,replace('Alternatively, you may see this as 怎呢.\n\nMy recorded pronunciation is a little overly formal; people normally pronounce the first syllable much more quickly.\n','\n',char(10)));
INSERT INTO Extra VALUES(15,180,replace('Alternatively, you might see 树泥.\n','\n',char(10)));
CREATE TABLE PengimAlt (
    id          integer primary key,
    pengim_id   integer,
    beginning   text,
    full        text,
    foreign key(pengim_id) references Pengim(id)
);
INSERT INTO PengimAlt VALUES(1,39,'ch','chek');
INSERT INTO PengimAlt VALUES(2,72,'e','ek');
INSERT INTO PengimAlt VALUES(3,82,'g','geng');
INSERT INTO PengimAlt VALUES(4,196,'ng','ngeng');
INSERT INTO PengimAlt VALUES(5,239,'y','yek');
INSERT INTO PengimAlt VALUES(6,14,'b','bek');
INSERT INTO PengimAlt VALUES(7,246,'e','eng');
INSERT INTO PengimAlt VALUES(8,207,'p','peng');
INSERT INTO PengimAlt VALUES(9,186,'m','meng');
INSERT INTO PengimAlt VALUES(10,23,'bh','bhek');
INSERT INTO PengimAlt VALUES(11,223,'s','seng');
CREATE TABLE Pengim (
    id          integer primary key,
    beginning   text,
    full        text unique
);
INSERT INTO Pengim VALUES(1,'a','ai');
INSERT INTO Pengim VALUES(2,'a','ain');
INSERT INTO Pengim VALUES(3,'a','am');
INSERT INTO Pengim VALUES(4,'a','ang');
INSERT INTO Pengim VALUES(5,'a','ao');
INSERT INTO Pengim VALUES(6,'a','at');
INSERT INTO Pengim VALUES(7,'b','ba');
INSERT INTO Pengim VALUES(8,'b','bai');
INSERT INTO Pengim VALUES(9,'b','bain');
INSERT INTO Pengim VALUES(10,'b','bang');
INSERT INTO Pengim VALUES(11,'b','bao');
INSERT INTO Pengim VALUES(12,'b','be');
INSERT INTO Pengim VALUES(13,'b','beh');
INSERT INTO Pengim VALUES(14,'b','bik');
INSERT INTO Pengim VALUES(15,'b','bet');
INSERT INTO Pengim VALUES(16,'b','beung');
INSERT INTO Pengim VALUES(17,'bh','bhai');
INSERT INTO Pengim VALUES(18,'bh','bhak');
INSERT INTO Pengim VALUES(19,'bh','bhat');
INSERT INTO Pengim VALUES(20,'bh','bhe');
INSERT INTO Pengim VALUES(21,'bh','bhet');
INSERT INTO Pengim VALUES(22,'bh','bhi');
INSERT INTO Pengim VALUES(23,'bh','bhik');
INSERT INTO Pengim VALUES(24,'bh','bho');
INSERT INTO Pengim VALUES(25,'bh','bhoi');
INSERT INTO Pengim VALUES(26,'bh','bhou');
INSERT INTO Pengim VALUES(27,'bh','bhue');
INSERT INTO Pengim VALUES(28,'b','bian');
INSERT INTO Pengim VALUES(29,'b','bio');
INSERT INTO Pengim VALUES(30,'b','bo');
INSERT INTO Pengim VALUES(31,'b','boih');
INSERT INTO Pengim VALUES(32,'b','bou');
INSERT INTO Pengim VALUES(33,'b','bue');
INSERT INTO Pengim VALUES(34,'b','buk');
INSERT INTO Pengim VALUES(35,'ch','chai');
INSERT INTO Pengim VALUES(36,'ch','chang');
INSERT INTO Pengim VALUES(37,'ch','chao');
INSERT INTO Pengim VALUES(38,'ch','che');
INSERT INTO Pengim VALUES(39,'ch','chik');
INSERT INTO Pengim VALUES(40,'ch','chen');
INSERT INTO Pengim VALUES(41,'ch','cheng');
INSERT INTO Pengim VALUES(42,'ch','cheu');
INSERT INTO Pengim VALUES(43,'ch','cheung');
INSERT INTO Pengim VALUES(44,'ch','chi');
INSERT INTO Pengim VALUES(45,'ch','chiang');
INSERT INTO Pengim VALUES(46,'ch','chim');
INSERT INTO Pengim VALUES(47,'ch','chin');
INSERT INTO Pengim VALUES(48,'ch','chio');
INSERT INTO Pengim VALUES(49,'ch','chiu');
INSERT INTO Pengim VALUES(50,'ch','cho');
INSERT INTO Pengim VALUES(51,'ch','chu');
INSERT INTO Pengim VALUES(52,'ch','chue');
INSERT INTO Pengim VALUES(53,'ch','chui');
INSERT INTO Pengim VALUES(54,'d','da');
INSERT INTO Pengim VALUES(55,'d','dai');
INSERT INTO Pengim VALUES(56,'d','dan');
INSERT INTO Pengim VALUES(57,'d','dang');
INSERT INTO Pengim VALUES(58,'d','dao');
INSERT INTO Pengim VALUES(59,'d','de');
INSERT INTO Pengim VALUES(60,'d','deu');
INSERT INTO Pengim VALUES(61,'d','deung');
INSERT INTO Pengim VALUES(62,'d','di');
INSERT INTO Pengim VALUES(63,'d','diang');
INSERT INTO Pengim VALUES(64,'d','diao');
INSERT INTO Pengim VALUES(65,'d','dio');
INSERT INTO Pengim VALUES(66,'d','dion');
INSERT INTO Pengim VALUES(67,'d','do');
INSERT INTO Pengim VALUES(68,'d','dong');
INSERT INTO Pengim VALUES(69,'d','dou');
INSERT INTO Pengim VALUES(70,'d','dua');
INSERT INTO Pengim VALUES(71,'e','e');
INSERT INTO Pengim VALUES(72,'i','ik');
INSERT INTO Pengim VALUES(73,'e','eung');
INSERT INTO Pengim VALUES(74,'g','ga');
INSERT INTO Pengim VALUES(75,'g','gai');
INSERT INTO Pengim VALUES(76,'g','gain');
INSERT INTO Pengim VALUES(77,'g','gak');
INSERT INTO Pengim VALUES(78,'g','gan');
INSERT INTO Pengim VALUES(79,'g','gang');
INSERT INTO Pengim VALUES(80,'g','gao');
INSERT INTO Pengim VALUES(81,'g','gek');
INSERT INTO Pengim VALUES(82,'g','ging');
INSERT INTO Pengim VALUES(83,'gh','ghe');
INSERT INTO Pengim VALUES(84,'gh','ghu');
INSERT INTO Pengim VALUES(85,'gh','ghua');
INSERT INTO Pengim VALUES(86,'gh','ghueh');
INSERT INTO Pengim VALUES(87,'g','gi');
INSERT INTO Pengim VALUES(88,'g','gia');
INSERT INTO Pengim VALUES(89,'g','gian');
INSERT INTO Pengim VALUES(90,'g','gim');
INSERT INTO Pengim VALUES(91,'g','gio');
INSERT INTO Pengim VALUES(92,'g','gion');
INSERT INTO Pengim VALUES(93,'g','go');
INSERT INTO Pengim VALUES(94,'g','goi');
INSERT INTO Pengim VALUES(95,'g','gong');
INSERT INTO Pengim VALUES(96,'g','gou');
INSERT INTO Pengim VALUES(97,'g','gu');
INSERT INTO Pengim VALUES(98,'g','gua');
INSERT INTO Pengim VALUES(99,'g','guang');
INSERT INTO Pengim VALUES(100,'g','gue');
INSERT INTO Pengim VALUES(101,'g','gui');
INSERT INTO Pengim VALUES(102,'g','guin');
INSERT INTO Pengim VALUES(103,'h','hai');
INSERT INTO Pengim VALUES(104,'h','hak');
INSERT INTO Pengim VALUES(105,'h','hang');
INSERT INTO Pengim VALUES(106,'h','hao');
INSERT INTO Pengim VALUES(107,'h','hat');
INSERT INTO Pengim VALUES(108,'h','he');
INSERT INTO Pengim VALUES(109,'h','heu');
INSERT INTO Pengim VALUES(110,'h','heung');
INSERT INTO Pengim VALUES(111,'h','hi');
INSERT INTO Pengim VALUES(112,'h','hiam');
INSERT INTO Pengim VALUES(113,'h','hian');
INSERT INTO Pengim VALUES(114,'h','hiat');
INSERT INTO Pengim VALUES(115,'h','hin');
INSERT INTO Pengim VALUES(116,'h','ho');
INSERT INTO Pengim VALUES(117,'h','hoi');
INSERT INTO Pengim VALUES(118,'h','hong');
INSERT INTO Pengim VALUES(119,'h','hou');
INSERT INTO Pengim VALUES(120,'h','hu');
INSERT INTO Pengim VALUES(121,'h','huang');
INSERT INTO Pengim VALUES(122,'h','hue');
INSERT INTO Pengim VALUES(123,'h','hui');
INSERT INTO Pengim VALUES(124,'h','hung');
INSERT INTO Pengim VALUES(125,'i','i');
INSERT INTO Pengim VALUES(126,'i','ia');
INSERT INTO Pengim VALUES(127,'i','iam');
INSERT INTO Pengim VALUES(128,'i','ian');
INSERT INTO Pengim VALUES(129,'i','im');
INSERT INTO Pengim VALUES(130,'i','in');
INSERT INTO Pengim VALUES(131,'i','io');
INSERT INTO Pengim VALUES(132,'i','ion');
INSERT INTO Pengim VALUES(133,'i','iu');
INSERT INTO Pengim VALUES(134,'j','ja');
INSERT INTO Pengim VALUES(135,'j','jai');
INSERT INTO Pengim VALUES(136,'j','jain');
INSERT INTO Pengim VALUES(137,'j','jao');
INSERT INTO Pengim VALUES(138,'j','jap');
INSERT INTO Pengim VALUES(139,'j','je');
INSERT INTO Pengim VALUES(140,'j','jek');
INSERT INTO Pengim VALUES(141,'j','jeng');
INSERT INTO Pengim VALUES(142,'j','jeu');
INSERT INTO Pengim VALUES(143,'j','ji');
INSERT INTO Pengim VALUES(144,'j','jian');
INSERT INTO Pengim VALUES(145,'j','jiang');
INSERT INTO Pengim VALUES(146,'j','jiao');
INSERT INTO Pengim VALUES(147,'j','jiat');
INSERT INTO Pengim VALUES(148,'j','jin');
INSERT INTO Pengim VALUES(149,'j','jio');
INSERT INTO Pengim VALUES(150,'j','jit');
INSERT INTO Pengim VALUES(151,'j','jiu');
INSERT INTO Pengim VALUES(152,'j','jo');
INSERT INTO Pengim VALUES(153,'j','joi');
INSERT INTO Pengim VALUES(154,'j','ju');
INSERT INTO Pengim VALUES(155,'j','jui');
INSERT INTO Pengim VALUES(156,'k','ka');
INSERT INTO Pengim VALUES(157,'k','kao');
INSERT INTO Pengim VALUES(158,'k','keu');
INSERT INTO Pengim VALUES(159,'k','ki');
INSERT INTO Pengim VALUES(160,'k','kou');
INSERT INTO Pengim VALUES(161,'l','la');
INSERT INTO Pengim VALUES(162,'l','lai');
INSERT INTO Pengim VALUES(163,'l','lak');
INSERT INTO Pengim VALUES(164,'l','lao');
INSERT INTO Pengim VALUES(165,'l','lat');
INSERT INTO Pengim VALUES(166,'l','lek');
INSERT INTO Pengim VALUES(167,'l','leng');
INSERT INTO Pengim VALUES(168,'l','leu');
INSERT INTO Pengim VALUES(169,'l','liang');
INSERT INTO Pengim VALUES(170,'l','liu');
INSERT INTO Pengim VALUES(171,'l','lo');
INSERT INTO Pengim VALUES(172,'l','loi');
INSERT INTO Pengim VALUES(173,'l','lot');
INSERT INTO Pengim VALUES(174,'l','lou');
INSERT INTO Pengim VALUES(175,'l','lui');
INSERT INTO Pengim VALUES(176,'m','m');
INSERT INTO Pengim VALUES(177,'m','ma');
INSERT INTO Pengim VALUES(178,'m','mai');
INSERT INTO Pengim VALUES(179,'m','mak');
INSERT INTO Pengim VALUES(180,'m','mang');
INSERT INTO Pengim VALUES(181,'m','men');
INSERT INTO Pengim VALUES(182,'m','meng');
INSERT INTO Pengim VALUES(183,'m','meung');
INSERT INTO Pengim VALUES(184,'m','mi');
INSERT INTO Pengim VALUES(185,'m','mian');
INSERT INTO Pengim VALUES(186,'m','ming');
INSERT INTO Pengim VALUES(187,'m','mo');
INSERT INTO Pengim VALUES(188,'m','mua');
INSERT INTO Pengim VALUES(189,'m','mue');
INSERT INTO Pengim VALUES(190,'m','muet');
INSERT INTO Pengim VALUES(191,'n','nai');
INSERT INTO Pengim VALUES(192,'n','nam');
INSERT INTO Pengim VALUES(193,'n','nang');
INSERT INTO Pengim VALUES(194,'n','nao');
INSERT INTO Pengim VALUES(195,'ng','ngang');
INSERT INTO Pengim VALUES(196,'ng','nging');
INSERT INTO Pengim VALUES(197,'ng','ngiao');
INSERT INTO Pengim VALUES(198,'ng','ngiap');
INSERT INTO Pengim VALUES(199,'ng','ngou');
INSERT INTO Pengim VALUES(200,'n','ni');
INSERT INTO Pengim VALUES(201,'n','no');
INSERT INTO Pengim VALUES(202,'n','nou');
INSERT INTO Pengim VALUES(203,'o','oi');
INSERT INTO Pengim VALUES(204,'o','ot');
INSERT INTO Pengim VALUES(205,'o','ou');
INSERT INTO Pengim VALUES(206,'p','pang');
INSERT INTO Pengim VALUES(207,'p','ping');
INSERT INTO Pengim VALUES(208,'p','pin');
INSERT INTO Pengim VALUES(209,'p','pu');
INSERT INTO Pengim VALUES(210,'p','pui');
INSERT INTO Pengim VALUES(211,'s','sai');
INSERT INTO Pengim VALUES(212,'s','san');
INSERT INTO Pengim VALUES(213,'s','sek');
INSERT INTO Pengim VALUES(214,'s','sen');
INSERT INTO Pengim VALUES(215,'s','seng');
INSERT INTO Pengim VALUES(216,'s','seu');
INSERT INTO Pengim VALUES(217,'s','seung');
INSERT INTO Pengim VALUES(218,'s','si');
INSERT INTO Pengim VALUES(219,'s','sia');
INSERT INTO Pengim VALUES(220,'s','siao');
INSERT INTO Pengim VALUES(221,'s','siap');
INSERT INTO Pengim VALUES(222,'s','sim');
INSERT INTO Pengim VALUES(223,'s','sing');
INSERT INTO Pengim VALUES(224,'s','sio');
INSERT INTO Pengim VALUES(225,'s','siot');
INSERT INTO Pengim VALUES(226,'s','soi');
INSERT INTO Pengim VALUES(227,'s','sui');
INSERT INTO Pengim VALUES(228,'s','sung');
INSERT INTO Pengim VALUES(229,'t','tang');
INSERT INTO Pengim VALUES(230,'t','tao');
INSERT INTO Pengim VALUES(231,'t','teung');
INSERT INTO Pengim VALUES(232,'t','tou');
INSERT INTO Pengim VALUES(233,'u','u');
INSERT INTO Pengim VALUES(234,'u','ua');
INSERT INTO Pengim VALUES(235,'u','uang');
INSERT INTO Pengim VALUES(236,'u','ue');
INSERT INTO Pengim VALUES(237,'u','ui');
INSERT INTO Pengim VALUES(238,'u','uk');
INSERT INTO Pengim VALUES(239,'y','yik');
INSERT INTO Pengim VALUES(240,'y','yeu');
INSERT INTO Pengim VALUES(241,'y','yi');
INSERT INTO Pengim VALUES(242,'y','yio');
INSERT INTO Pengim VALUES(243,'y','yong');
INSERT INTO Pengim VALUES(244,'y','yuat');
INSERT INTO Pengim VALUES(245,'y','yung');
INSERT INTO Pengim VALUES(246,'i','ing');
INSERT INTO Pengim VALUES(247,'a','ah');
INSERT INTO Pengim VALUES(248,'b','bek');
INSERT INTO Pengim VALUES(249,'bh','bhah');
INSERT INTO Pengim VALUES(250,'bh','bheh');
INSERT INTO Pengim VALUES(251,'b','buan');
INSERT INTO Pengim VALUES(252,'ch','chain');
INSERT INTO Pengim VALUES(253,'ch','chek');
INSERT INTO Pengim VALUES(254,'ch','chioh');
INSERT INTO Pengim VALUES(255,'ch','chion');
INSERT INTO Pengim VALUES(256,'d','dah');
INSERT INTO Pengim VALUES(257,'d','deng');
INSERT INTO Pengim VALUES(258,'d','diam');
INSERT INTO Pengim VALUES(259,'d','du');
INSERT INTO Pengim VALUES(260,'d','dui');
INSERT INTO Pengim VALUES(261,'e','ek');
INSERT INTO Pengim VALUES(262,'g','geh');
INSERT INTO Pengim VALUES(263,'g','geng');
INSERT INTO Pengim VALUES(264,'gh','ghi');
INSERT INTO Pengim VALUES(265,'g','guk');
INSERT INTO Pengim VALUES(266,'h','hah');
INSERT INTO Pengim VALUES(267,'i','iun');
INSERT INTO Pengim VALUES(268,'j','jang');
INSERT INTO Pengim VALUES(269,'j','jia');
INSERT INTO Pengim VALUES(270,'j','jiah');
INSERT INTO Pengim VALUES(271,'j','jih');
INSERT INTO Pengim VALUES(272,'j','jim');
INSERT INTO Pengim VALUES(273,'j','jua');
INSERT INTO Pengim VALUES(274,'k','kang');
INSERT INTO Pengim VALUES(275,'k','keh');
INSERT INTO Pengim VALUES(276,'k','kung');
INSERT INTO Pengim VALUES(277,'l','lah');
INSERT INTO Pengim VALUES(278,'l','loh');
INSERT INTO Pengim VALUES(279,'m','me');
INSERT INTO Pengim VALUES(280,'m','miang');
INSERT INTO Pengim VALUES(281,'m','mih');
INSERT INTO Pengim VALUES(282,'m','mueh');
INSERT INTO Pengim VALUES(283,'n','ne');
INSERT INTO Pengim VALUES(284,'n','neung');
INSERT INTO Pengim VALUES(285,'ng','ngia');
INSERT INTO Pengim VALUES(286,'o','oh');
INSERT INTO Pengim VALUES(287,'p','peng');
INSERT INTO Pengim VALUES(288,'p','pou');
INSERT INTO Pengim VALUES(289,'p','puang');
INSERT INTO Pengim VALUES(290,'p','pue');
INSERT INTO Pengim VALUES(291,'s','sin');
INSERT INTO Pengim VALUES(292,'s','sioh');
INSERT INTO Pengim VALUES(293,'s','so');
INSERT INTO Pengim VALUES(294,'t','tak');
INSERT INTO Pengim VALUES(295,'t','teng');
INSERT INTO Pengim VALUES(296,'t','tian');
INSERT INTO Pengim VALUES(297,'t','toin');
INSERT INTO Pengim VALUES(298,'t','tui');
INSERT INTO Pengim VALUES(299,'y','yuah');
CREATE TABLE FlashcardSet (
    id           integer primary key,
    name         text,
    display_name text,
    hidden boolean default 0,
    sort integer);
INSERT INTO FlashcardSet VALUES(1,'Colors','Colors',0,10);
INSERT INTO FlashcardSet VALUES(2,'Family','Family',0,2);
INSERT INTO FlashcardSet VALUES(3,'Datetime','Date/Time',0,10);
INSERT INTO FlashcardSet VALUES(4,'House','Around the House',0,10);
INSERT INTO FlashcardSet VALUES(5,'Food','Food/Drink',0,10);
INSERT INTO FlashcardSet VALUES(6,'Body','Body Parts',0,10);
INSERT INTO FlashcardSet VALUES(7,'School','School/Work',0,10);
INSERT INTO FlashcardSet VALUES(8,'Misc','Miscellaneous',0,11);
INSERT INTO FlashcardSet VALUES(9,'','All',1,10);
INSERT INTO FlashcardSet VALUES(10,'Phrase','Sentences',1,10);
INSERT INTO FlashcardSet VALUES(11,'Time','Clock Time',1,10);
INSERT INTO FlashcardSet VALUES(12,'Basics','Basics',0,1);
INSERT INTO FlashcardSet VALUES(13,'Number','Numbers',1,NULL);
INSERT INTO FlashcardSet VALUES(14,'Nature','Nature',0,10);
COMMIT;
