PRAGMA foreign_keys=OFF;
BEGIN TRANSACTION;
CREATE TABLE Categories (
    id integer primary key,
    name text,
    display_name text,
    standalone boolean default 0,
    flashcardset_id integer references FlashcardSet(id));
INSERT INTO Categories VALUES(0,'Non-Flashcards',NULL,0,NULL);
INSERT INTO Categories VALUES(1,'Common','Common Phrases',0,12);
INSERT INTO Categories VALUES(2,'Number','Numbers',0,13);
INSERT INTO Categories VALUES(3,'Colors','Colors',1,1);
INSERT INTO Categories VALUES(4,'Pronouns',NULL,0,12);
INSERT INTO Categories VALUES(5,'Family','Family',1,2);
INSERT INTO Categories VALUES(6,'Electronics',NULL,0,4);
INSERT INTO Categories VALUES(7,'Datetime','Date/Time',1,3);
INSERT INTO Categories VALUES(8,'Adjectives',NULL,0,8);
INSERT INTO Categories VALUES(9,'House','Around the House',1,4);
INSERT INTO Categories VALUES(10,'Food','Food/Drink',1,5);
INSERT INTO Categories VALUES(11,'Body','Body Parts',1,6);
INSERT INTO Categories VALUES(13,'Actions',NULL,0,8);
INSERT INTO Categories VALUES(14,'School','School/Work',1,7);
INSERT INTO Categories VALUES(15,'Animals',NULL,0,14);
INSERT INTO Categories VALUES(16,'Misc','Miscellaneous',0,8);
INSERT INTO Categories VALUES(17,'Shopping',NULL,0,8);
INSERT INTO Categories VALUES(18,'Clothing',NULL,0,8);
INSERT INTO Categories VALUES(19,'','All',0,NULL);
INSERT INTO Categories VALUES(20,'Time','Clock Time',0,11);
INSERT INTO Categories VALUES(21,'Phrase','Sentences',0,10);
INSERT INTO Categories VALUES(22,'Weather',NULL,0,NULL);
INSERT INTO Categories VALUES(23,'Outside',NULL,0,14);
INSERT INTO Categories VALUES(26,'Months',NULL,0,3);
INSERT INTO Categories VALUES(27,'Weekdays','Days of the Week',0,3);
INSERT INTO Categories VALUES(28,'Produce','Fruits/Vegetables',0,5);
INSERT INTO Categories VALUES(29,'Meat',NULL,0,5);
INSERT INTO Categories VALUES(30,'Drink',NULL,0,5);
INSERT INTO Categories VALUES(31,'Bathroom',NULL,0,4);
INSERT INTO Categories VALUES(32,'Basics','Basic Words',0,12);
INSERT INTO Categories VALUES(33,'Verbs','Linking/Transitive Verbs',0,12);
INSERT INTO Categories VALUES(34,'Hidden',NULL,0,NULL);
CREATE TABLE English (
    id integer primary key,
    category_id integer,
    word text collate nocase,
    hidden boolean default 0,
    notes text collate nocase,
    sort integer,
    foreign key(category_id) references Categories(id)
);
INSERT INTO English VALUES(1,1,'hello',0,NULL,NULL);
INSERT INTO English VALUES(2,1,'thank you',0,NULL,NULL);
INSERT INTO English VALUES(3,1,'sorry',0,NULL,NULL);
INSERT INTO English VALUES(4,1,'excuse me',1,NULL,NULL);
INSERT INTO English VALUES(6,2,'1',0,NULL,NULL);
INSERT INTO English VALUES(7,2,'2',0,NULL,NULL);
INSERT INTO English VALUES(8,2,'3',0,NULL,NULL);
INSERT INTO English VALUES(9,2,'4',0,NULL,NULL);
INSERT INTO English VALUES(10,2,'5',0,NULL,NULL);
INSERT INTO English VALUES(11,2,'6',0,NULL,NULL);
INSERT INTO English VALUES(12,2,'7',0,NULL,NULL);
INSERT INTO English VALUES(13,2,'8',0,NULL,NULL);
INSERT INTO English VALUES(14,2,'9',0,NULL,NULL);
INSERT INTO English VALUES(15,2,'10',0,NULL,NULL);
INSERT INTO English VALUES(16,2,'0',1,NULL,NULL);
INSERT INTO English VALUES(17,2,'2',0,'alt',NULL);
INSERT INTO English VALUES(18,2,'1',0,'alt',NULL);
INSERT INTO English VALUES(19,3,'color',0,NULL,1);
INSERT INTO English VALUES(20,3,'black',0,NULL,2);
INSERT INTO English VALUES(21,3,'white',0,NULL,2);
INSERT INTO English VALUES(22,3,'red',0,NULL,2);
INSERT INTO English VALUES(23,28,'orange',0,NULL,10);
INSERT INTO English VALUES(24,3,'yellow',0,NULL,2);
INSERT INTO English VALUES(25,3,'green',0,NULL,2);
INSERT INTO English VALUES(26,3,'blue',0,NULL,2);
INSERT INTO English VALUES(27,3,'purple',0,NULL,2);
INSERT INTO English VALUES(28,3,'silver',0,'color',2);
INSERT INTO English VALUES(29,3,'gold',0,NULL,2);
INSERT INTO English VALUES(30,3,'gray',0,NULL,2);
INSERT INTO English VALUES(31,3,'pink',0,NULL,2);
INSERT INTO English VALUES(32,4,'I',0,NULL,1);
INSERT INTO English VALUES(33,4,'you',0,NULL,1);
INSERT INTO English VALUES(34,4,'she',0,NULL,1);
INSERT INTO English VALUES(35,4,'we',0,'including person spoken to',1);
INSERT INTO English VALUES(36,4,'they',0,NULL,1);
INSERT INTO English VALUES(37,4,'people',0,NULL,2);
INSERT INTO English VALUES(38,5,'father',0,'addressing',NULL);
INSERT INTO English VALUES(39,5,'mother',0,'addressing',NULL);
INSERT INTO English VALUES(40,5,'child',0,NULL,NULL);
INSERT INTO English VALUES(41,5,'older brother',0,NULL,NULL);
INSERT INTO English VALUES(42,5,'younger brother',0,NULL,NULL);
INSERT INTO English VALUES(43,5,'older sister',0,NULL,NULL);
INSERT INTO English VALUES(44,5,'younger sister',0,NULL,NULL);
INSERT INTO English VALUES(45,5,'husband',0,NULL,NULL);
INSERT INTO English VALUES(46,5,'wife',0,NULL,NULL);
INSERT INTO English VALUES(47,5,'grandmother',0,NULL,NULL);
INSERT INTO English VALUES(48,5,'grandfather',0,NULL,NULL);
INSERT INTO English VALUES(49,5,'grandmother',0,'dad''s mom',NULL);
INSERT INTO English VALUES(50,5,'grandmother',0,'mom''s mom',NULL);
INSERT INTO English VALUES(51,5,'grandfather',0,'dad''s dad',NULL);
INSERT INTO English VALUES(52,5,'grandfather',0,'mom''s dad',NULL);
INSERT INTO English VALUES(53,5,'cousin',1,'dad''s side',NULL);
INSERT INTO English VALUES(54,5,'cousin',1,'mom''s side',NULL);
INSERT INTO English VALUES(55,5,'grandchild',0,NULL,NULL);
INSERT INTO English VALUES(56,5,'uncle',0,'dad''s older brother',NULL);
INSERT INTO English VALUES(57,5,'uncle',0,'dad''s younger brother',NULL);
INSERT INTO English VALUES(58,5,'aunt',0,'dad''s younger brother''s wife',NULL);
INSERT INTO English VALUES(59,5,'aunt',0,'dad''s older brother''s wife',NULL);
INSERT INTO English VALUES(60,5,'aunt',0,'dad''s sister',NULL);
INSERT INTO English VALUES(61,5,'uncle',0,'dad''s sister''s husband',NULL);
INSERT INTO English VALUES(62,5,'aunt',0,'mom''s sister',NULL);
INSERT INTO English VALUES(63,5,'uncle',0,'mom''s sister''s husband',NULL);
INSERT INTO English VALUES(64,5,'uncle',0,'mom''s brother',NULL);
INSERT INTO English VALUES(65,5,'aunt',0,'mom''s brother''s wife',NULL);
INSERT INTO English VALUES(66,5,'relative',0,NULL,NULL);
INSERT INTO English VALUES(67,2,'100',0,NULL,NULL);
INSERT INTO English VALUES(68,6,'television',0,NULL,NULL);
INSERT INTO English VALUES(69,6,'computer',0,NULL,NULL);
INSERT INTO English VALUES(70,6,'phone',0,NULL,NULL);
INSERT INTO English VALUES(71,2,'11',0,NULL,NULL);
INSERT INTO English VALUES(72,2,'12',0,NULL,NULL);
INSERT INTO English VALUES(73,7,'time',1,'hour',10);
INSERT INTO English VALUES(74,7,'half',0,NULL,10);
INSERT INTO English VALUES(75,7,'time',1,'5 min',10);
INSERT INTO English VALUES(76,7,'afternoon',0,NULL,4);
INSERT INTO English VALUES(77,7,'noon',0,NULL,10);
INSERT INTO English VALUES(78,7,'midnight',0,NULL,10);
INSERT INTO English VALUES(79,7,'evening',0,NULL,10);
INSERT INTO English VALUES(80,7,'day',0,NULL,1);
INSERT INTO English VALUES(81,7,'week',0,NULL,10);
INSERT INTO English VALUES(82,7,'month',0,NULL,10);
INSERT INTO English VALUES(83,7,'year',0,NULL,10);
INSERT INTO English VALUES(84,27,'Monday',0,NULL,1);
INSERT INTO English VALUES(85,27,'Tuesday',0,NULL,2);
INSERT INTO English VALUES(86,27,'Wednesday',0,NULL,3);
INSERT INTO English VALUES(87,27,'Thursday',0,NULL,4);
INSERT INTO English VALUES(88,27,'Friday',0,NULL,5);
INSERT INTO English VALUES(89,27,'Saturday',0,NULL,6);
INSERT INTO English VALUES(90,27,'Sunday',0,NULL,7);
INSERT INTO English VALUES(91,26,'January',0,NULL,1);
INSERT INTO English VALUES(92,26,'February',0,NULL,2);
INSERT INTO English VALUES(93,26,'March',0,NULL,3);
INSERT INTO English VALUES(94,26,'April',0,NULL,4);
INSERT INTO English VALUES(95,26,'May',0,NULL,5);
INSERT INTO English VALUES(96,26,'June',0,NULL,6);
INSERT INTO English VALUES(97,26,'July',0,NULL,7);
INSERT INTO English VALUES(98,26,'August',0,NULL,8);
INSERT INTO English VALUES(99,26,'September',0,NULL,9);
INSERT INTO English VALUES(100,26,'October',0,NULL,10);
INSERT INTO English VALUES(101,26,'November',0,NULL,11);
INSERT INTO English VALUES(102,26,'December',0,NULL,12);
INSERT INTO English VALUES(103,8,'small',0,NULL,NULL);
INSERT INTO English VALUES(104,8,'big',0,NULL,NULL);
INSERT INTO English VALUES(105,5,'son',0,NULL,NULL);
INSERT INTO English VALUES(106,5,'daughter',0,NULL,NULL);
INSERT INTO English VALUES(107,7,'morning',0,NULL,4);
INSERT INTO English VALUES(108,7,'tomorrow',0,NULL,2);
INSERT INTO English VALUES(109,7,'yesterday',0,NULL,2);
INSERT INTO English VALUES(110,7,'today',0,NULL,2);
INSERT INTO English VALUES(111,9,'house',0,NULL,NULL);
INSERT INTO English VALUES(112,10,'rice noodles',0,NULL,NULL);
INSERT INTO English VALUES(113,8,'old',0,NULL,NULL);
INSERT INTO English VALUES(114,29,'eggs',0,NULL,10);
INSERT INTO English VALUES(115,17,'expensive',0,NULL,NULL);
INSERT INTO English VALUES(116,17,'cheap',0,NULL,NULL);
INSERT INTO English VALUES(117,11,'eye',0,NULL,NULL);
INSERT INTO English VALUES(119,4,'what',0,NULL,3);
INSERT INTO English VALUES(120,11,'hand',0,NULL,NULL);
INSERT INTO English VALUES(121,30,'water',0,NULL,NULL);
INSERT INTO English VALUES(122,10,'hungry',0,NULL,NULL);
INSERT INTO English VALUES(123,11,'hair',0,NULL,NULL);
INSERT INTO English VALUES(124,8,'pretty',0,NULL,NULL);
INSERT INTO English VALUES(125,9,'living room',0,NULL,NULL);
INSERT INTO English VALUES(126,9,'kitchen',0,NULL,NULL);
INSERT INTO English VALUES(127,31,'restroom',0,NULL,NULL);
INSERT INTO English VALUES(128,31,'bathroom',0,NULL,NULL);
INSERT INTO English VALUES(129,9,'bedroom',0,NULL,NULL);
INSERT INTO English VALUES(130,9,'door',0,NULL,NULL);
INSERT INTO English VALUES(131,9,'room',0,NULL,NULL);
INSERT INTO English VALUES(132,5,'cousin',0,'older male on dad''s side',NULL);
INSERT INTO English VALUES(133,5,'cousin',0,'younger male on dad''s side',NULL);
INSERT INTO English VALUES(134,5,'cousin',0,'younger female on dad''s side',NULL);
INSERT INTO English VALUES(135,5,'cousin',0,'older female on dad''s side',NULL);
INSERT INTO English VALUES(136,5,'cousin',0,'older female on mom''s side',NULL);
INSERT INTO English VALUES(137,5,'cousin',0,'younger female on mom''s side',NULL);
INSERT INTO English VALUES(138,5,'cousin',0,'younger male on mom''s side',NULL);
INSERT INTO English VALUES(139,5,'cousin',0,'older male on mom''s side',NULL);
INSERT INTO English VALUES(140,9,'stairs',0,NULL,NULL);
INSERT INTO English VALUES(141,9,'window',0,NULL,NULL);
INSERT INTO English VALUES(142,9,'table',0,NULL,NULL);
INSERT INTO English VALUES(143,9,'pillow',0,NULL,NULL);
INSERT INTO English VALUES(144,9,'blanket',0,NULL,NULL);
INSERT INTO English VALUES(145,9,'fridge',0,NULL,NULL);
INSERT INTO English VALUES(146,2,'1000',0,NULL,NULL);
INSERT INTO English VALUES(147,9,'keys',0,NULL,NULL);
INSERT INTO English VALUES(148,9,'umbrella',0,NULL,NULL);
INSERT INTO English VALUES(149,9,'body pillow',0,NULL,NULL);
INSERT INTO English VALUES(150,9,'chair',0,NULL,NULL);
INSERT INTO English VALUES(151,9,'bed',0,NULL,NULL);
INSERT INTO English VALUES(152,9,'wall',1,NULL,NULL);
INSERT INTO English VALUES(153,9,'drawers',1,NULL,NULL);
INSERT INTO English VALUES(154,9,'closet',1,NULL,NULL);
INSERT INTO English VALUES(155,9,'air conditioner',0,NULL,NULL);
INSERT INTO English VALUES(156,9,'lamp',1,NULL,NULL);
INSERT INTO English VALUES(157,9,'stove',0,NULL,NULL);
INSERT INTO English VALUES(158,9,'garden',1,'vegetable',NULL);
INSERT INTO English VALUES(159,9,'garden',1,'flower',NULL);
INSERT INTO English VALUES(160,9,'fan',0,NULL,NULL);
INSERT INTO English VALUES(161,9,'ground',0,NULL,NULL);
INSERT INTO English VALUES(162,13,'to wash',0,NULL,NULL);
INSERT INTO English VALUES(163,9,'washing machine',0,NULL,NULL);
INSERT INTO English VALUES(164,14,'school',0,NULL,NULL);
INSERT INTO English VALUES(165,14,'to go to school',0,NULL,NULL);
INSERT INTO English VALUES(166,29,'fish',0,NULL,10);
INSERT INTO English VALUES(167,14,'bookbag',0,NULL,NULL);
INSERT INTO English VALUES(168,28,'banana',0,NULL,10);
INSERT INTO English VALUES(169,28,'apple',0,NULL,10);
INSERT INTO English VALUES(170,14,'teacher',0,NULL,NULL);
INSERT INTO English VALUES(171,14,'principal',1,NULL,NULL);
INSERT INTO English VALUES(172,14,'student',1,NULL,NULL);
INSERT INTO English VALUES(173,14,'kindergarten',1,NULL,NULL);
INSERT INTO English VALUES(174,14,'elementary school',1,NULL,NULL);
INSERT INTO English VALUES(175,14,'middle school',1,NULL,NULL);
INSERT INTO English VALUES(176,14,'high school',1,NULL,NULL);
INSERT INTO English VALUES(177,14,'college',1,NULL,NULL);
INSERT INTO English VALUES(178,14,'pen',0,NULL,NULL);
INSERT INTO English VALUES(179,14,'pencil',0,NULL,NULL);
INSERT INTO English VALUES(180,14,'rubber band',0,NULL,NULL);
INSERT INTO English VALUES(181,14,'eraser',1,NULL,NULL);
INSERT INTO English VALUES(182,14,'paper',0,NULL,NULL);
INSERT INTO English VALUES(183,14,'book',0,NULL,NULL);
INSERT INTO English VALUES(184,14,'ruler',1,NULL,NULL);
INSERT INTO English VALUES(185,14,'calculator',1,NULL,NULL);
INSERT INTO English VALUES(186,30,'milk',0,NULL,NULL);
INSERT INTO English VALUES(187,30,'coffee',0,NULL,NULL);
INSERT INTO English VALUES(188,30,'tea',0,NULL,NULL);
INSERT INTO English VALUES(189,30,'alcohol',0,NULL,NULL);
INSERT INTO English VALUES(190,30,'orange juice',0,NULL,NULL);
INSERT INTO English VALUES(191,31,'to pee',0,NULL,NULL);
INSERT INTO English VALUES(192,31,'to poop',0,NULL,NULL);
INSERT INTO English VALUES(193,31,'to fart',0,NULL,NULL);
INSERT INTO English VALUES(194,10,'to eat',0,NULL,NULL);
INSERT INTO English VALUES(195,10,'to taste',0,NULL,NULL);
INSERT INTO English VALUES(196,29,'beef',0,NULL,10);
INSERT INTO English VALUES(197,15,'chicken',0,NULL,NULL);
INSERT INTO English VALUES(198,29,'chicken',0,'meat',10);
INSERT INTO English VALUES(199,29,'pork',0,NULL,10);
INSERT INTO English VALUES(200,9,'dryer',1,NULL,NULL);
INSERT INTO English VALUES(201,30,'soda',0,NULL,NULL);
INSERT INTO English VALUES(203,30,'milk tea',0,NULL,NULL);
INSERT INTO English VALUES(204,10,'coconut',1,NULL,NULL);
INSERT INTO English VALUES(205,10,'coconut juice',1,NULL,NULL);
INSERT INTO English VALUES(206,10,'breakfast',0,NULL,NULL);
INSERT INTO English VALUES(207,10,'lunch',1,NULL,NULL);
INSERT INTO English VALUES(208,10,'dinner',1,NULL,NULL);
INSERT INTO English VALUES(209,29,'duck',0,'meat',10);
INSERT INTO English VALUES(210,29,'ground meat',0,NULL,10);
INSERT INTO English VALUES(211,29,'dried, shredded pork',0,NULL,10);
INSERT INTO English VALUES(212,29,'Chinese sausage',0,NULL,10);
INSERT INTO English VALUES(214,29,'crab',0,NULL,10);
INSERT INTO English VALUES(215,29,'shrimp',0,NULL,10);
INSERT INTO English VALUES(216,28,'vegetables',0,NULL,1);
INSERT INTO English VALUES(217,28,'chives',0,NULL,10);
INSERT INTO English VALUES(218,28,'bean sprouts',0,NULL,10);
INSERT INTO English VALUES(219,28,'winter melon',0,NULL,10);
INSERT INTO English VALUES(220,8,'cold',0,NULL,NULL);
INSERT INTO English VALUES(222,28,'eggplant',0,NULL,10);
INSERT INTO English VALUES(223,10,'lamb',1,'meat',NULL);
INSERT INTO English VALUES(224,10,'turkey',1,'meat',NULL);
INSERT INTO English VALUES(225,29,'meatball',0,'beef',10);
INSERT INTO English VALUES(226,29,'meatball',0,NULL,10);
INSERT INTO English VALUES(227,10,'butter',0,NULL,NULL);
INSERT INTO English VALUES(229,10,'seafood',1,NULL,NULL);
INSERT INTO English VALUES(230,29,'lobster',0,NULL,10);
INSERT INTO English VALUES(231,16,'seaweed',1,NULL,NULL);
INSERT INTO English VALUES(232,28,'herbs',0,NULL,10);
INSERT INTO English VALUES(233,28,'basil',0,NULL,10);
INSERT INTO English VALUES(234,10,'mint',1,NULL,NULL);
INSERT INTO English VALUES(236,10,'cilantro',1,NULL,NULL);
INSERT INTO English VALUES(237,28,'green onion',0,NULL,10);
INSERT INTO English VALUES(238,28,'garlic',0,NULL,10);
INSERT INTO English VALUES(239,28,'chili pepper',0,NULL,10);
INSERT INTO English VALUES(240,28,'mushroom',0,NULL,10);
INSERT INTO English VALUES(241,28,'wood ear',0,NULL,10);
INSERT INTO English VALUES(242,28,'beans',0,NULL,10);
INSERT INTO English VALUES(243,10,'watercress',1,NULL,NULL);
INSERT INTO English VALUES(244,28,'lettuce',0,NULL,10);
INSERT INTO English VALUES(245,28,'napa cabbage',0,NULL,10);
INSERT INTO English VALUES(246,10,'spinach',1,NULL,NULL);
INSERT INTO English VALUES(247,10,'bamboo',1,NULL,NULL);
INSERT INTO English VALUES(248,10,'asparagus',1,NULL,NULL);
INSERT INTO English VALUES(249,28,'carrot',0,NULL,10);
INSERT INTO English VALUES(250,11,'head',0,NULL,NULL);
INSERT INTO English VALUES(251,28,'corn',0,NULL,10);
INSERT INTO English VALUES(252,28,'bitter melon',0,NULL,10);
INSERT INTO English VALUES(253,28,'tomato',0,NULL,10);
INSERT INTO English VALUES(254,10,'pumpkin',1,NULL,NULL);
INSERT INTO English VALUES(255,28,'taro',0,NULL,10);
INSERT INTO English VALUES(256,28,'fruit',0,NULL,NULL);
INSERT INTO English VALUES(257,10,'pear',1,NULL,NULL);
INSERT INTO English VALUES(258,10,'clementine',1,NULL,NULL);
INSERT INTO English VALUES(259,10,'cantaloupe',1,NULL,NULL);
INSERT INTO English VALUES(260,28,'durian',0,NULL,10);
INSERT INTO English VALUES(261,10,'grapefruit',1,NULL,NULL);
INSERT INTO English VALUES(262,10,'guava',1,NULL,NULL);
INSERT INTO English VALUES(263,10,'jackfruit',1,NULL,NULL);
INSERT INTO English VALUES(264,28,'lime',0,NULL,10);
INSERT INTO English VALUES(265,10,'pomegranate',1,NULL,NULL);
INSERT INTO English VALUES(266,28,'watermelon',0,NULL,10);
INSERT INTO English VALUES(267,28,'pineapple',0,NULL,10);
INSERT INTO English VALUES(268,28,'tofu',0,NULL,10);
INSERT INTO English VALUES(269,28,'cucumber',0,NULL,10);
INSERT INTO English VALUES(270,10,'towel gourd',1,NULL,NULL);
INSERT INTO English VALUES(271,28,'radish',0,NULL,10);
INSERT INTO English VALUES(273,28,'onion',0,NULL,10);
INSERT INTO English VALUES(274,28,'papaya',0,NULL,10);
INSERT INTO English VALUES(275,30,'wine',0,NULL,NULL);
INSERT INTO English VALUES(276,28,'grapes',0,NULL,10);
INSERT INTO English VALUES(277,30,'beer',0,NULL,NULL);
INSERT INTO English VALUES(278,10,'garlic chive cake',0,NULL,NULL);
INSERT INTO English VALUES(279,8,'hot',0,NULL,NULL);
INSERT INTO English VALUES(280,32,'name',0,NULL,NULL);
INSERT INTO English VALUES(281,4,'who',0,NULL,3);
INSERT INTO English VALUES(282,4,'when',0,NULL,3);
INSERT INTO English VALUES(283,4,'where',0,NULL,3);
INSERT INTO English VALUES(284,4,'how',0,NULL,3);
INSERT INTO English VALUES(285,4,'we',0,'excluding person spoken to',1);
INSERT INTO English VALUES(286,11,'hair',0,'on your head',NULL);
INSERT INTO English VALUES(287,11,'forehead',1,NULL,NULL);
INSERT INTO English VALUES(288,11,'face',0,NULL,NULL);
INSERT INTO English VALUES(289,11,'eyebrow',0,NULL,NULL);
INSERT INTO English VALUES(290,11,'ear',0,NULL,NULL);
INSERT INTO English VALUES(291,11,'nose',0,NULL,NULL);
INSERT INTO English VALUES(292,11,'mouth',0,NULL,NULL);
INSERT INTO English VALUES(293,11,'tongue',0,NULL,NULL);
INSERT INTO English VALUES(294,11,'teeth',0,NULL,NULL);
INSERT INTO English VALUES(295,11,'chin',1,NULL,NULL);
INSERT INTO English VALUES(296,11,'neck',0,NULL,NULL);
INSERT INTO English VALUES(297,11,'throat',0,NULL,NULL);
INSERT INTO English VALUES(298,33,'to know',0,NULL,NULL);
INSERT INTO English VALUES(299,28,'lotus root',0,NULL,10);
INSERT INTO English VALUES(300,11,'shoulder',1,NULL,NULL);
INSERT INTO English VALUES(301,11,'finger',0,NULL,NULL);
INSERT INTO English VALUES(302,10,'rice',0,NULL,NULL);
INSERT INTO English VALUES(303,11,'foot',0,NULL,NULL);
INSERT INTO English VALUES(304,11,'toe',1,NULL,NULL);
INSERT INTO English VALUES(305,11,'butt',0,NULL,NULL);
INSERT INTO English VALUES(306,10,'ice',0,NULL,NULL);
INSERT INTO English VALUES(307,30,'lemonade',0,NULL,NULL);
INSERT INTO English VALUES(308,11,'waist',1,NULL,NULL);
INSERT INTO English VALUES(309,10,'egg noodles',0,NULL,NULL);
INSERT INTO English VALUES(310,10,'congee',0,NULL,NULL);
INSERT INTO English VALUES(311,10,'bread',0,NULL,NULL);
INSERT INTO English VALUES(312,10,'soup',0,NULL,NULL);
INSERT INTO English VALUES(313,33,'to do',0,NULL,NULL);
INSERT INTO English VALUES(314,32,'bad',0,NULL,NULL);
INSERT INTO English VALUES(315,32,'good',0,NULL,NULL);
INSERT INTO English VALUES(316,14,'library',1,NULL,NULL);
INSERT INTO English VALUES(317,10,'strawberry',1,NULL,NULL);
INSERT INTO English VALUES(318,14,'scissors',0,NULL,NULL);
INSERT INTO English VALUES(319,16,'is not',1,NULL,NULL);
INSERT INTO English VALUES(320,16,'how many',1,NULL,NULL);
INSERT INTO English VALUES(321,17,'money',0,NULL,NULL);
INSERT INTO English VALUES(322,33,'to be at',0,NULL,NULL);
INSERT INTO English VALUES(323,33,'to go',0,NULL,NULL);
INSERT INTO English VALUES(324,16,'front',1,NULL,NULL);
INSERT INTO English VALUES(325,16,'back',1,NULL,NULL);
INSERT INTO English VALUES(326,17,'store',0,NULL,NULL);
INSERT INTO English VALUES(327,8,'tall',0,NULL,NULL);
INSERT INTO English VALUES(328,4,'this',0,NULL,4);
INSERT INTO English VALUES(329,17,'dollar',0,NULL,NULL);
INSERT INTO English VALUES(330,17,'to buy',0,NULL,NULL);
INSERT INTO English VALUES(331,10,'thirsty',0,NULL,NULL);
INSERT INTO English VALUES(332,33,'to want',0,NULL,NULL);
INSERT INTO English VALUES(333,18,'clothes',0,NULL,NULL);
INSERT INTO English VALUES(334,18,'shirt',0,NULL,NULL);
INSERT INTO English VALUES(335,18,'pants',0,NULL,NULL);
INSERT INTO English VALUES(336,18,'shoe',0,NULL,NULL);
INSERT INTO English VALUES(337,18,'sock',0,NULL,NULL);
INSERT INTO English VALUES(338,33,'to like',0,NULL,NULL);
INSERT INTO English VALUES(339,8,'short',0,'length',NULL);
INSERT INTO English VALUES(340,8,'short',1,'height',NULL);
INSERT INTO English VALUES(341,32,'yes',0,'that''s right',NULL);
INSERT INTO English VALUES(342,14,'to graduate',1,NULL,NULL);
INSERT INTO English VALUES(343,16,'age',1,NULL,NULL);
INSERT INTO English VALUES(344,10,'ice cream',0,NULL,NULL);
INSERT INTO English VALUES(345,14,'to learn',0,NULL,NULL);
INSERT INTO English VALUES(346,33,'to say',0,NULL,NULL);
INSERT INTO English VALUES(347,7,'time',0,NULL,10);
INSERT INTO English VALUES(348,33,'to have',0,NULL,NULL);
INSERT INTO English VALUES(349,32,'no',0,'don''t have',NULL);
INSERT INTO English VALUES(350,32,'yes',0,'to have',NULL);
INSERT INTO English VALUES(351,32,'no',0,'that''s not right',NULL);
INSERT INTO English VALUES(352,29,'meat',0,NULL,1);
INSERT INTO English VALUES(353,5,'great grandmother',0,NULL,NULL);
INSERT INTO English VALUES(354,5,'great grandfather',0,NULL,NULL);
INSERT INTO English VALUES(355,5,'aunt',0,'dad''s oldest sister',NULL);
INSERT INTO English VALUES(356,16,'Teochew language',1,NULL,NULL);
INSERT INTO English VALUES(357,28,'ginger',0,NULL,10);
INSERT INTO English VALUES(358,16,'movie',0,NULL,NULL);
INSERT INTO English VALUES(359,23,'outside',0,NULL,NULL);
INSERT INTO English VALUES(360,16,'park',1,NULL,NULL);
INSERT INTO English VALUES(361,11,'stomach',0,NULL,NULL);
INSERT INTO English VALUES(362,23,'to rain',0,NULL,NULL);
INSERT INTO English VALUES(363,14,'to write',0,NULL,NULL);
INSERT INTO English VALUES(364,6,'cell phone',0,NULL,NULL);
INSERT INTO English VALUES(365,10,'fish sauce',0,NULL,NULL);
INSERT INTO English VALUES(366,23,'tree',1,NULL,NULL);
INSERT INTO English VALUES(367,7,'night',0,NULL,4);
INSERT INTO English VALUES(368,10,'oil',0,NULL,NULL);
INSERT INTO English VALUES(369,10,'soy sauce',0,NULL,NULL);
INSERT INTO English VALUES(370,10,'salt',0,NULL,NULL);
INSERT INTO English VALUES(371,10,'black pepper',0,NULL,NULL);
INSERT INTO English VALUES(372,10,'sugar',0,NULL,NULL);
INSERT INTO English VALUES(373,10,'msg',0,NULL,NULL);
INSERT INTO English VALUES(374,13,'to love',0,NULL,NULL);
INSERT INTO English VALUES(375,10,'to cook',0,NULL,NULL);
INSERT INTO English VALUES(376,8,'long',0,NULL,NULL);
INSERT INTO English VALUES(377,8,'slow',0,NULL,NULL);
INSERT INTO English VALUES(378,8,'fragrant',0,NULL,NULL);
INSERT INTO English VALUES(379,10,'spoon',0,NULL,NULL);
INSERT INTO English VALUES(380,10,'chopsticks',0,NULL,NULL);
INSERT INTO English VALUES(381,10,'knife',0,NULL,NULL);
INSERT INTO English VALUES(382,10,'fork',0,NULL,NULL);
INSERT INTO English VALUES(383,16,'doctor',0,NULL,NULL);
INSERT INTO English VALUES(384,15,'dog',0,NULL,NULL);
INSERT INTO English VALUES(385,15,'cat',0,NULL,NULL);
INSERT INTO English VALUES(386,15,'mouse',0,NULL,NULL);
INSERT INTO English VALUES(387,15,'horse',0,NULL,NULL);
INSERT INTO English VALUES(388,15,'bird',0,NULL,NULL);
INSERT INTO English VALUES(389,15,'duck',0,NULL,NULL);
INSERT INTO English VALUES(390,15,'mosquito',0,NULL,NULL);
INSERT INTO English VALUES(391,23,'flower',0,NULL,NULL);
INSERT INTO English VALUES(392,15,'dragon',0,NULL,NULL);
INSERT INTO English VALUES(393,15,'cow',0,NULL,NULL);
INSERT INTO English VALUES(394,13,'to cry',0,NULL,NULL);
INSERT INTO English VALUES(395,13,'to hate',0,NULL,NULL);
INSERT INTO English VALUES(396,31,'poop',0,NULL,NULL);
INSERT INTO English VALUES(397,9,'to sleep',0,NULL,NULL);
INSERT INTO English VALUES(398,8,'sleepy',0,NULL,NULL);
INSERT INTO English VALUES(399,11,'booger',0,NULL,NULL);
INSERT INTO English VALUES(400,33,'to come',0,NULL,NULL);
INSERT INTO English VALUES(401,13,'to help',0,NULL,NULL);
INSERT INTO English VALUES(402,16,'Chinese people',0,NULL,NULL);
INSERT INTO English VALUES(403,32,'no',0,'don''t want',NULL);
INSERT INTO English VALUES(404,8,'dirty',0,NULL,NULL);
INSERT INTO English VALUES(405,4,'that',0,NULL,4);
INSERT INTO English VALUES(406,32,'many',0,NULL,NULL);
INSERT INTO English VALUES(407,32,'don''t',0,NULL,NULL);
INSERT INTO English VALUES(408,32,'yes',0,'to want',NULL);
INSERT INTO English VALUES(409,13,'to sit',0,NULL,NULL);
INSERT INTO English VALUES(410,16,'fire',1,NULL,NULL);
INSERT INTO English VALUES(411,13,'to laugh',0,NULL,NULL);
INSERT INTO English VALUES(412,33,'to ask',0,NULL,NULL);
INSERT INTO English VALUES(413,13,'to win',0,NULL,NULL);
INSERT INTO English VALUES(414,17,'bank',0,NULL,NULL);
INSERT INTO English VALUES(415,13,'to pray',0,NULL,NULL);
INSERT INTO English VALUES(416,13,'to play',0,NULL,NULL);
INSERT INTO English VALUES(417,16,'male',0,NULL,NULL);
INSERT INTO English VALUES(418,16,'female',0,NULL,NULL);
INSERT INTO English VALUES(419,15,'sheep',0,NULL,NULL);
INSERT INTO English VALUES(420,13,'melt',1,NULL,NULL);
INSERT INTO English VALUES(421,13,'to run',0,NULL,NULL);
INSERT INTO English VALUES(422,16,'company',1,NULL,NULL);
INSERT INTO English VALUES(423,31,'to shower',0,NULL,NULL);
INSERT INTO English VALUES(424,5,'friend',0,NULL,NULL);
INSERT INTO English VALUES(425,18,'shorts',0,NULL,NULL);
INSERT INTO English VALUES(426,18,'jacket',0,NULL,NULL);
INSERT INTO English VALUES(427,5,'teenager',1,NULL,NULL);
INSERT INTO English VALUES(428,10,'cooked',0,NULL,NULL);
INSERT INTO English VALUES(429,8,'crazy',0,NULL,NULL);
INSERT INTO English VALUES(430,10,'chewy',0,NULL,NULL);
INSERT INTO English VALUES(431,28,'black olive',0,NULL,10);
INSERT INTO English VALUES(432,14,'to cut',0,'with scissors',NULL);
INSERT INTO English VALUES(433,3,'dark',0,'shade of color',3);
INSERT INTO English VALUES(434,16,'powder',0,NULL,NULL);
INSERT INTO English VALUES(435,17,'money',0,'silver, coins',NULL);
INSERT INTO English VALUES(436,5,'father',0,'referring to',NULL);
INSERT INTO English VALUES(437,5,'mother',0,'referring to',NULL);
INSERT INTO English VALUES(438,3,'dark red',0,NULL,3);
INSERT INTO English VALUES(439,3,'light',0,'shade of color',3);
INSERT INTO English VALUES(440,3,'light blue',0,NULL,3);
INSERT INTO English VALUES(441,7,'day after tomorrow',0,NULL,3);
INSERT INTO English VALUES(442,16,'Cambodia',0,NULL,NULL);
INSERT INTO English VALUES(443,23,'dark',0,'to describe weather',NULL);
INSERT INTO English VALUES(444,7,'late',0,'at night',4);
INSERT INTO English VALUES(445,7,'tonight',0,NULL,4);
INSERT INTO English VALUES(446,8,'fast',0,NULL,NULL);
INSERT INTO English VALUES(447,11,'bone',0,NULL,NULL);
INSERT INTO English VALUES(448,7,'day time',0,NULL,4);
INSERT INTO English VALUES(449,3,'orange',0,'color',2);
INSERT INTO English VALUES(450,13,'to look',0,NULL,NULL);
INSERT INTO English VALUES(451,16,'free time',0,NULL,NULL);
INSERT INTO English VALUES(452,8,'busy',0,NULL,NULL);
INSERT INTO English VALUES(453,31,'pee',0,NULL,NULL);
INSERT INTO English VALUES(454,32,'the same',0,NULL,NULL);
INSERT INTO English VALUES(455,10,'bowl',0,NULL,NULL);
INSERT INTO English VALUES(456,23,'winter',0,NULL,NULL);
INSERT INTO English VALUES(457,23,'summer',0,NULL,NULL);
INSERT INTO English VALUES(458,32,'a little',0,NULL,NULL);
INSERT INTO English VALUES(459,8,'dry',0,NULL,NULL);
INSERT INTO English VALUES(460,31,'towel',0,NULL,NULL);
INSERT INTO English VALUES(461,31,'face towel',0,NULL,NULL);
INSERT INTO English VALUES(462,13,'to lose',0,NULL,NULL);
INSERT INTO English VALUES(463,18,'wristwatch',0,NULL,NULL);
INSERT INTO English VALUES(464,18,'bracelet',0,NULL,NULL);
INSERT INTO English VALUES(465,18,'ring',0,NULL,NULL);
INSERT INTO English VALUES(466,18,'dress',0,NULL,NULL);
INSERT INTO English VALUES(467,7,'day before yesterday',0,NULL,3);
INSERT INTO English VALUES(468,5,'cousin',0,NULL,NULL);
INSERT INTO English VALUES(469,15,'squirrel',0,NULL,NULL);
INSERT INTO English VALUES(470,31,'to brush teeth',0,NULL,NULL);
INSERT INTO English VALUES(471,31,'toothbrush',0,NULL,NULL);
INSERT INTO English VALUES(472,31,'toothpaste',0,NULL,NULL);
INSERT INTO English VALUES(473,32,'must',0,NULL,NULL);
INSERT INTO English VALUES(474,32,'then',0,NULL,NULL);
INSERT INTO English VALUES(475,15,'rabbit',0,NULL,NULL);
INSERT INTO English VALUES(476,13,'to wait',0,NULL,NULL);
INSERT INTO English VALUES(477,14,'to work a job',0,NULL,NULL);
INSERT INTO English VALUES(478,15,'fly',0,'insect',NULL);
INSERT INTO English VALUES(479,13,'to wipe',0,NULL,NULL);
INSERT INTO English VALUES(480,31,'toilet paper',0,NULL,NULL);
INSERT INTO English VALUES(481,16,'pound',0,'lb.',NULL);
INSERT INTO English VALUES(482,8,'far',0,NULL,NULL);
INSERT INTO English VALUES(483,32,'quite',0,NULL,NULL);
INSERT INTO English VALUES(484,32,'done',0,NULL,NULL);
INSERT INTO English VALUES(485,32,'no',0,'not yet',NULL);
INSERT INTO English VALUES(486,13,'to look for',0,NULL,NULL);
INSERT INTO English VALUES(487,8,'difficult',0,NULL,NULL);
INSERT INTO English VALUES(488,13,'to think',0,NULL,NULL);
INSERT INTO English VALUES(489,10,'rice',0,'uncooked',NULL);
INSERT INTO English VALUES(490,10,'rice vermicelli',0,NULL,NULL);
INSERT INTO English VALUES(491,13,'to walk',0,NULL,NULL);
INSERT INTO English VALUES(492,32,'not',0,NULL,NULL);
INSERT INTO English VALUES(493,33,'to be in the process of',0,NULL,NULL);
INSERT INTO English VALUES(494,32,'already',0,NULL,NULL);
INSERT INTO English VALUES(495,28,'cabbage',0,NULL,10);
INSERT INTO English VALUES(498,10,'to boil',0,NULL,NULL);
INSERT INTO English VALUES(499,10,'to cook rice',0,NULL,NULL);
INSERT INTO English VALUES(500,10,'to pan fry',0,NULL,NULL);
INSERT INTO English VALUES(501,10,'to stir fry',0,NULL,NULL);
INSERT INTO English VALUES(502,10,'fried rice',0,NULL,NULL);
INSERT INTO English VALUES(503,10,'sweet',0,NULL,NULL);
INSERT INTO English VALUES(504,10,'salty',0,NULL,NULL);
INSERT INTO English VALUES(505,28,'jujube',0,NULL,10);
INSERT INTO English VALUES(506,10,'to brew',0,'with hot water',NULL);
INSERT INTO English VALUES(507,30,'to make tea',0,NULL,NULL);
INSERT INTO English VALUES(508,30,'to make coffee',0,NULL,NULL);
INSERT INTO English VALUES(509,10,'leftover',0,NULL,NULL);
INSERT INTO English VALUES(510,32,'completed',0,NULL,NULL);
INSERT INTO English VALUES(511,9,'bag',0,NULL,NULL);
INSERT INTO English VALUES(512,9,'box',0,NULL,NULL);
INSERT INTO English VALUES(513,33,'to take',0,NULL,NULL);
INSERT INTO English VALUES(514,8,'straight',0,NULL,NULL);
INSERT INTO English VALUES(515,32,'don''t need to',0,NULL,NULL);
INSERT INTO English VALUES(516,13,'to open',0,NULL,NULL);
INSERT INTO English VALUES(517,13,'to turn on',0,NULL,NULL);
INSERT INTO English VALUES(518,13,'to bite',0,NULL,NULL);
INSERT INTO English VALUES(519,13,'to rise',0,NULL,NULL);
INSERT INTO English VALUES(520,10,'raw',0,NULL,NULL);
INSERT INTO English VALUES(521,13,'to thank',0,NULL,NULL);
INSERT INTO English VALUES(522,10,'meal',0,NULL,NULL);
INSERT INTO English VALUES(523,7,'early',0,NULL,4);
INSERT INTO English VALUES(524,16,'inside',0,NULL,NULL);
INSERT INTO English VALUES(525,16,'side',0,NULL,NULL);
INSERT INTO English VALUES(526,7,'hour',0,NULL,10);
INSERT INTO English VALUES(527,7,'minute',0,NULL,10);
INSERT INTO English VALUES(528,28,'jicama',0,NULL,10);
INSERT INTO English VALUES(529,16,'ash',0,NULL,NULL);
INSERT INTO English VALUES(530,16,'smoke',1,NULL,NULL);
INSERT INTO English VALUES(531,3,'brown',0,NULL,2);
INSERT INTO English VALUES(532,10,'crispy',0,NULL,NULL);
INSERT INTO English VALUES(533,16,'question',0,NULL,NULL);
INSERT INTO English VALUES(534,16,'inside',1,NULL,NULL);
INSERT INTO English VALUES(535,23,'outside',1,NULL,NULL);
INSERT INTO English VALUES(536,5,'offspring',1,NULL,NULL);
INSERT INTO English VALUES(537,6,'electricity',0,NULL,NULL);
INSERT INTO English VALUES(538,13,'to look',1,NULL,NULL);
INSERT INTO English VALUES(539,11,'brain',1,NULL,NULL);
INSERT INTO English VALUES(540,16,'language',0,NULL,NULL);
INSERT INTO English VALUES(541,16,'spoken word',1,NULL,NULL);
INSERT INTO English VALUES(542,7,'part of day',1,NULL,4);
INSERT INTO English VALUES(543,16,'low',1,NULL,NULL);
INSERT INTO English VALUES(544,16,'first',1,NULL,NULL);
INSERT INTO English VALUES(545,34,'stay',1,NULL,NULL);
CREATE TABLE Chinese (
    id          integer primary key,
    simplified  text,
    traditional text,
    meaning     text
, pengim text);
INSERT INTO Chinese VALUES(1,'汝',NULL,'you','leu2');
INSERT INTO Chinese VALUES(2,'好',NULL,'good','ho2');
INSERT INTO Chinese VALUES(3,'㩼',NULL,'many, much','joi7');
INSERT INTO Chinese VALUES(5,'谢','謝','thanks','sia7');
INSERT INTO Chinese VALUES(6,'对','對',NULL,'dui3');
INSERT INTO Chinese VALUES(7,'唔',NULL,NULL,'im6');
INSERT INTO Chinese VALUES(8,'住',NULL,NULL,'ju6');
INSERT INTO Chinese VALUES(9,'内','內',NULL,'lai6');
INSERT INTO Chinese VALUES(10,'孬',NULL,'bad','mo2');
INSERT INTO Chinese VALUES(11,'意',NULL,NULL,'i3');
INSERT INTO Chinese VALUES(12,'思',NULL,NULL,'seu1');
INSERT INTO Chinese VALUES(13,'我',NULL,'I','ua2');
INSERT INTO Chinese VALUES(14,'知',NULL,'know','jai1');
INSERT INTO Chinese VALUES(15,'乌','烏','black','ou1');
INSERT INTO Chinese VALUES(16,'白',NULL,'white','beh8');
INSERT INTO Chinese VALUES(17,'红','紅','red','ang5');
INSERT INTO Chinese VALUES(18,'柑',NULL,'orange, mandarine, tangerine','gan1');
INSERT INTO Chinese VALUES(19,'黄','黃','yellow','eung5');
INSERT INTO Chinese VALUES(20,'青',NULL,'green, blue','chen1');
INSERT INTO Chinese VALUES(21,'绿','綠','green','lek8');
INSERT INTO Chinese VALUES(22,'蓝','藍','blue','nam5');
INSERT INTO Chinese VALUES(23,'紫',NULL,'purple','ji2');
INSERT INTO Chinese VALUES(25,'金',NULL,'gold','gim1');
INSERT INTO Chinese VALUES(26,'灰',NULL,'gray','hui1');
INSERT INTO Chinese VALUES(27,'粉',NULL,'powder','hung2');
INSERT INTO Chinese VALUES(28,'伊',NULL,'he, she, it','i1');
INSERT INTO Chinese VALUES(29,'人',NULL,'person, people','nang5');
INSERT INTO Chinese VALUES(30,'人',NULL,'person, people','nang7');
INSERT INTO Chinese VALUES(31,'俺',NULL,'we','nang2');
INSERT INTO Chinese VALUES(32,'爸',NULL,'father, dad','ba1');
INSERT INTO Chinese VALUES(33,'爸',NULL,'father, dad','ba5');
INSERT INTO Chinese VALUES(34,'妈','媽','mom','ma1');
INSERT INTO Chinese VALUES(35,'妈','媽','mom','ma2');
INSERT INTO Chinese VALUES(36,'妈','媽','mom','ma5');
INSERT INTO Chinese VALUES(37,'外',NULL,NULL,'ghua7');
INSERT INTO Chinese VALUES(38,'囝',NULL,NULL,'gian2');
INSERT INTO Chinese VALUES(39,'大',NULL,'big','dua7');
INSERT INTO Chinese VALUES(40,'大',NULL,NULL,'da1');
INSERT INTO Chinese VALUES(41,'大',NULL,NULL,'dai6');
INSERT INTO Chinese VALUES(42,'学','學',NULL,'hak8');
INSERT INTO Chinese VALUES(43,'校',NULL,NULL,'hao6');
INSERT INTO Chinese VALUES(44,'长','長',NULL,'jiang2');
INSERT INTO Chinese VALUES(45,'兄',NULL,NULL,'hian1');
INSERT INTO Chinese VALUES(46,'弟',NULL,NULL,'di6');
INSERT INTO Chinese VALUES(47,'堂',NULL,NULL,'tang5');
INSERT INTO Chinese VALUES(48,'表',NULL,NULL,'bio2');
INSERT INTO Chinese VALUES(49,'姐',NULL,NULL,'je2');
INSERT INTO Chinese VALUES(50,'妹',NULL,NULL,'mue6');
INSERT INTO Chinese VALUES(51,'翁',NULL,NULL,'ang1');
INSERT INTO Chinese VALUES(52,'姆',NULL,NULL,'m2');
INSERT INTO Chinese VALUES(53,'母',NULL,NULL,'bhou2');
INSERT INTO Chinese VALUES(54,'公',NULL,NULL,'gong1');
INSERT INTO Chinese VALUES(55,'孙','孫',NULL,'sung1');
INSERT INTO Chinese VALUES(56,'伯',NULL,NULL,'beh4');
INSERT INTO Chinese VALUES(57,'叔',NULL,NULL,'jek4');
INSERT INTO Chinese VALUES(58,'丈',NULL,NULL,'dion6');
INSERT INTO Chinese VALUES(59,'舅',NULL,NULL,'gu6');
INSERT INTO Chinese VALUES(60,'婶','嬸',NULL,'sim2');
INSERT INTO Chinese VALUES(61,'姑',NULL,NULL,'gou1');
INSERT INTO Chinese VALUES(62,'姨',NULL,NULL,'i5');
INSERT INTO Chinese VALUES(63,'妗',NULL,NULL,'gim6');
INSERT INTO Chinese VALUES(64,'亲','親',NULL,'cheng1');
INSERT INTO Chinese VALUES(65,'戚',NULL,NULL,'chek4');
INSERT INTO Chinese VALUES(66,'电','電',NULL,'diang6');
INSERT INTO Chinese VALUES(67,'视','視',NULL,'si6');
INSERT INTO Chinese VALUES(68,'脑','腦',NULL,'nao2');
INSERT INTO Chinese VALUES(69,'话','話',NULL,'ue7');
INSERT INTO Chinese VALUES(71,'礼','禮',NULL,'loi2');
INSERT INTO Chinese VALUES(72,'拜',NULL,NULL,'bai3');
INSERT INTO Chinese VALUES(74,'十',NULL,NULL,'jap8');
INSERT INTO Chinese VALUES(75,'二',NULL,NULL,'yi6');
INSERT INTO Chinese VALUES(76,'三',NULL,NULL,'san1');
INSERT INTO Chinese VALUES(77,'四',NULL,NULL,'si3');
INSERT INTO Chinese VALUES(78,'五',NULL,NULL,'ngou6');
INSERT INTO Chinese VALUES(79,'六',NULL,NULL,'lak8');
INSERT INTO Chinese VALUES(80,'月',NULL,NULL,'ghueh8');
INSERT INTO Chinese VALUES(82,'八',NULL,NULL,'boih4');
INSERT INTO Chinese VALUES(83,'九',NULL,NULL,'gao2');
INSERT INTO Chinese VALUES(84,'年',NULL,NULL,'ni5');
INSERT INTO Chinese VALUES(85,'细','細',NULL,'soi3');
INSERT INTO Chinese VALUES(86,'夫',NULL,NULL,'bou1');
INSERT INTO Chinese VALUES(87,'逗',NULL,NULL,'dao1');
INSERT INTO Chinese VALUES(88,'今',NULL,NULL,'gim1');
INSERT INTO Chinese VALUES(90,'厝',NULL,NULL,'chu3');
INSERT INTO Chinese VALUES(91,'条','條',NULL,'diao5');
INSERT INTO Chinese VALUES(92,'老',NULL,NULL,'lao6');
INSERT INTO Chinese VALUES(93,'师','師',NULL,'seu1');
INSERT INTO Chinese VALUES(94,'先',NULL,NULL,'sing1');
INSERT INTO Chinese VALUES(95,'生',NULL,NULL,'sen1');
INSERT INTO Chinese VALUES(96,'鸡','鷄',NULL,'goi1');
INSERT INTO Chinese VALUES(97,'肉',NULL,NULL,'bhah4');
INSERT INTO Chinese VALUES(98,'猪','豬',NULL,'deu1');
INSERT INTO Chinese VALUES(99,'吹',NULL,NULL,'chue1');
INSERT INTO Chinese VALUES(100,'机','機',NULL,'gi1');
INSERT INTO Chinese VALUES(101,'汽',NULL,NULL,'ki3');
INSERT INTO Chinese VALUES(102,'水',NULL,NULL,'jui2');
INSERT INTO Chinese VALUES(103,'奶',NULL,NULL,'ni6');
INSERT INTO Chinese VALUES(104,'茶',NULL,NULL,'de5');
INSERT INTO Chinese VALUES(105,'椰',NULL,NULL,'ia5');
INSERT INTO Chinese VALUES(106,'子',NULL,NULL,'ji2');
INSERT INTO Chinese VALUES(107,'早',NULL,NULL,'ja2');
INSERT INTO Chinese VALUES(108,'餐',NULL,NULL,'chang1');
INSERT INTO Chinese VALUES(109,'中',NULL,NULL,'dong1');
INSERT INTO Chinese VALUES(110,'午',NULL,NULL,'ngou2');
INSERT INTO Chinese VALUES(111,'夜',NULL,NULL,'men5');
INSERT INTO Chinese VALUES(112,'鸭','鴨',NULL,'ah4');
INSERT INTO Chinese VALUES(113,'脞',NULL,NULL,'cho3');
INSERT INTO Chinese VALUES(114,'绒','絨',NULL,'yong5');
INSERT INTO Chinese VALUES(115,'灌',NULL,NULL,'guang3');
INSERT INTO Chinese VALUES(116,'肠','腸',NULL,'chiang5');
INSERT INTO Chinese VALUES(117,'腊','臘',NULL,'lah8');
INSERT INTO Chinese VALUES(118,'蟹',NULL,NULL,'hoi6');
INSERT INTO Chinese VALUES(119,'虾','蝦',NULL,'he5');
INSERT INTO Chinese VALUES(120,'菜',NULL,NULL,'chai3');
INSERT INTO Chinese VALUES(121,'韭',NULL,NULL,'gu2');
INSERT INTO Chinese VALUES(122,'豆',NULL,NULL,'dao7');
INSERT INTO Chinese VALUES(123,'芽',NULL,NULL,'ghe5');
INSERT INTO Chinese VALUES(124,'冬',NULL,NULL,'dang1');
INSERT INTO Chinese VALUES(125,'瓜',NULL,NULL,'gue1');
INSERT INTO Chinese VALUES(126,'凝',NULL,NULL,'ngang5');
INSERT INTO Chinese VALUES(127,'凉','涼',NULL,'liang5');
INSERT INTO Chinese VALUES(128,'茄',NULL,NULL,'gio5');
INSERT INTO Chinese VALUES(129,'色',NULL,NULL,'sek4');
INSERT INTO Chinese VALUES(130,'羊',NULL,NULL,'ion5');
INSERT INTO Chinese VALUES(131,'火',NULL,NULL,'hue2');
INSERT INTO Chinese VALUES(132,'毛',NULL,NULL,'mo5');
INSERT INTO Chinese VALUES(133,'牛',NULL,NULL,'ghu5');
INSERT INTO Chinese VALUES(134,'圆','圓',NULL,'in5');
INSERT INTO Chinese VALUES(135,'油',NULL,NULL,'iu5');
INSERT INTO Chinese VALUES(136,'海',NULL,NULL,'hai2');
INSERT INTO Chinese VALUES(137,'鲜','鮮',NULL,'chin1');
INSERT INTO Chinese VALUES(138,'龙','龍',NULL,'leng5');
INSERT INTO Chinese VALUES(139,'带','帶',NULL,'dua3');
INSERT INTO Chinese VALUES(140,'草',NULL,NULL,'chao2');
INSERT INTO Chinese VALUES(141,'不',NULL,NULL,'buk4');
INSERT INTO Chinese VALUES(142,'换','換',NULL,'huang3');
INSERT INTO Chinese VALUES(143,'薄',NULL,NULL,'bo5');
INSERT INTO Chinese VALUES(144,'荷',NULL,NULL,'ho5');
INSERT INTO Chinese VALUES(145,'芫',NULL,NULL,'uang5');
INSERT INTO Chinese VALUES(146,'荽',NULL,NULL,'sui1');
INSERT INTO Chinese VALUES(147,'葱','蔥',NULL,'chang1');
INSERT INTO Chinese VALUES(148,'蒜',NULL,NULL,'seung3');
INSERT INTO Chinese VALUES(149,'头','頭',NULL,'tao5');
INSERT INTO Chinese VALUES(150,'莶','薟',NULL,'hiam1');
INSERT INTO Chinese VALUES(151,'椒',NULL,NULL,'jio1');
INSERT INTO Chinese VALUES(152,'菇',NULL,NULL,'gou1');
INSERT INTO Chinese VALUES(153,'木',NULL,NULL,'bhak8');
INSERT INTO Chinese VALUES(154,'耳',NULL,NULL,'yeu2');
INSERT INTO Chinese VALUES(155,'西',NULL,NULL,'sai1');
INSERT INTO Chinese VALUES(156,'洋',NULL,NULL,'ion5');
INSERT INTO Chinese VALUES(157,'芳',NULL,NULL,'pang1');
INSERT INTO Chinese VALUES(158,'菠',NULL,NULL,'bue1');
INSERT INTO Chinese VALUES(159,'薐',NULL,NULL,'leng5');
INSERT INTO Chinese VALUES(160,'笋','筍',NULL,'sung2');
INSERT INTO Chinese VALUES(161,'芦','蘆',NULL,'lou5');
INSERT INTO Chinese VALUES(162,'番',NULL,NULL,'huang1');
INSERT INTO Chinese VALUES(163,'麦','麥',NULL,'bheh8');
INSERT INTO Chinese VALUES(164,'苦',NULL,NULL,'kou2');
INSERT INTO Chinese VALUES(165,'芋',NULL,NULL,'ou7');
INSERT INTO Chinese VALUES(166,'果',NULL,NULL,'gue2');
INSERT INTO Chinese VALUES(167,'梨',NULL,NULL,'lai5');
INSERT INTO Chinese VALUES(168,'橘',NULL,NULL,'gek4');
INSERT INTO Chinese VALUES(169,'涂','塗',NULL,'tou5');
INSERT INTO Chinese VALUES(170,'柚',NULL,NULL,'iu7');
INSERT INTO Chinese VALUES(171,'菠',NULL,NULL,'bo1');
INSERT INTO Chinese VALUES(172,'萝','蘿',NULL,'lo5');
INSERT INTO Chinese VALUES(173,'蜜',NULL,NULL,'bhik8');
INSERT INTO Chinese VALUES(174,'酸',NULL,NULL,'seung1');
INSERT INTO Chinese VALUES(175,'石',NULL,NULL,'sioh8');
INSERT INTO Chinese VALUES(176,'榴',NULL,NULL,'liu5');
INSERT INTO Chinese VALUES(177,'西',NULL,NULL,'si1');
INSERT INTO Chinese VALUES(178,'茄',NULL,NULL,'gia1');
INSERT INTO Chinese VALUES(179,'腐',NULL,NULL,'hu7');
INSERT INTO Chinese VALUES(180,'吊',NULL,NULL,'diao3');
INSERT INTO Chinese VALUES(181,'角',NULL,NULL,'gak4');
INSERT INTO Chinese VALUES(183,'啦',NULL,NULL,'la7');
INSERT INTO Chinese VALUES(184,'荭','葒',NULL,'hong5');
INSERT INTO Chinese VALUES(185,'葡',NULL,NULL,'pu5');
INSERT INTO Chinese VALUES(186,'萄',NULL,NULL,'do5');
INSERT INTO Chinese VALUES(187,'酒',NULL,NULL,'jiu2');
INSERT INTO Chinese VALUES(189,'粿',NULL,NULL,'gue2');
INSERT INTO Chinese VALUES(190,'热','熱',NULL,'yuah8');
INSERT INTO Chinese VALUES(191,'名',NULL,NULL,'mian5');
INSERT INTO Chinese VALUES(192,'底',NULL,NULL,'di7');
INSERT INTO Chinese VALUES(193,'滇',NULL,NULL,'diang1');
INSERT INTO Chinese VALUES(194,'个','個',NULL,'gai5');
INSERT INTO Chinese VALUES(195,'时','時',NULL,'si5');
INSERT INTO Chinese VALUES(196,'块','塊',NULL,'go3');
INSERT INTO Chinese VALUES(197,'怎',NULL,NULL,'jo3');
INSERT INTO Chinese VALUES(198,'呢',NULL,NULL,'ni5');
INSERT INTO Chinese VALUES(199,'阮',NULL,NULL,'uang2');
INSERT INTO Chinese VALUES(200,'额','額',NULL,'hiah8');
INSERT INTO Chinese VALUES(201,'面',NULL,NULL,'ming7');
INSERT INTO Chinese VALUES(202,'目',NULL,NULL,'mak8');
INSERT INTO Chinese VALUES(203,'眉',NULL,NULL,'bhai5');
INSERT INTO Chinese VALUES(204,'耳',NULL,NULL,'hin6');
INSERT INTO Chinese VALUES(205,'鼻',NULL,NULL,'pin7');
INSERT INTO Chinese VALUES(206,'嘴',NULL,NULL,'chui3');
INSERT INTO Chinese VALUES(207,'舌',NULL,NULL,'jih8');
INSERT INTO Chinese VALUES(208,'牙',NULL,NULL,'ghe5');
INSERT INTO Chinese VALUES(209,'齿','齒',NULL,'ki2');
INSERT INTO Chinese VALUES(210,'下',NULL,NULL,'e6');
INSERT INTO Chinese VALUES(211,'颏','頦',NULL,'hai5');
INSERT INTO Chinese VALUES(212,'颔','頷',NULL,'am6');
INSERT INTO Chinese VALUES(213,'喉',NULL,NULL,'ao5');
INSERT INTO Chinese VALUES(214,'咙','嚨',NULL,'leng5');
INSERT INTO Chinese VALUES(215,'莲','蓮',NULL,'nai5');
INSERT INTO Chinese VALUES(216,'厚',NULL,NULL,'gao6');
INSERT INTO Chinese VALUES(217,'肩',NULL,NULL,'gain1');
INSERT INTO Chinese VALUES(218,'手',NULL,NULL,'chiu2');
INSERT INTO Chinese VALUES(219,'指',NULL,NULL,'jain2');
INSERT INTO Chinese VALUES(220,'饭','飯',NULL,'beung7');
INSERT INTO Chinese VALUES(221,'脚','腳',NULL,'ka1');
INSERT INTO Chinese VALUES(222,'尻',NULL,NULL,'ka1');
INSERT INTO Chinese VALUES(223,'川',NULL,NULL,'cheung1');
INSERT INTO Chinese VALUES(224,'冰',NULL,NULL,'bian1');
INSERT INTO Chinese VALUES(225,'霜',NULL,NULL,'seung1');
INSERT INTO Chinese VALUES(226,'腰',NULL,NULL,'io1');
INSERT INTO Chinese VALUES(227,'麵',NULL,NULL,'mi7');
INSERT INTO Chinese VALUES(228,'糜',NULL,NULL,'mue5');
INSERT INTO Chinese VALUES(229,'包',NULL,NULL,'bao1');
INSERT INTO Chinese VALUES(230,'汤','湯',NULL,'teung1');
INSERT INTO Chinese VALUES(231,'物',NULL,NULL,'mueh8');
INSERT INTO Chinese VALUES(232,'图','圖',NULL,'dou5');
INSERT INTO Chinese VALUES(233,'书','書',NULL,'jeu1');
INSERT INTO Chinese VALUES(234,'馆','館',NULL,'guang2');
INSERT INTO Chinese VALUES(235,'局',NULL,NULL,'gek8');
INSERT INTO Chinese VALUES(236,'莓',NULL,NULL,'bhue5');
INSERT INTO Chinese VALUES(237,'铰','鉸',NULL,'ga1');
INSERT INTO Chinese VALUES(238,'刀',NULL,NULL,'do1');
INSERT INTO Chinese VALUES(239,'唔',NULL,NULL,'m6');
INSERT INTO Chinese VALUES(240,'钱','錢',NULL,'jin5');
INSERT INTO Chinese VALUES(241,'镭','鐳',NULL,'lui1');
INSERT INTO Chinese VALUES(242,'几','幾',NULL,'gui2');
INSERT INTO Chinese VALUES(243,'在',NULL,NULL,'do6');
INSERT INTO Chinese VALUES(244,'去',NULL,NULL,'keu3');
INSERT INTO Chinese VALUES(245,'前',NULL,NULL,'jain5');
INSERT INTO Chinese VALUES(246,'后','後',NULL,'ao6');
INSERT INTO Chinese VALUES(247,'市',NULL,NULL,'chi6');
INSERT INTO Chinese VALUES(248,'食',NULL,NULL,'jiah8');
INSERT INTO Chinese VALUES(249,'试','試',NULL,'chi3');
INSERT INTO Chinese VALUES(250,'放',NULL,NULL,'bang3');
INSERT INTO Chinese VALUES(251,'尿',NULL,NULL,'yio7');
INSERT INTO Chinese VALUES(252,'屎',NULL,NULL,'sai2');
INSERT INTO Chinese VALUES(253,'屁',NULL,NULL,'pui3');
INSERT INTO Chinese VALUES(254,'蜀',NULL,NULL,'jek8');
INSERT INTO Chinese VALUES(255,'危',NULL,NULL,'guin5');
INSERT INTO Chinese VALUES(256,'只',NULL,NULL,'ji2');
INSERT INTO Chinese VALUES(257,'箍',NULL,NULL,'kou1');
INSERT INTO Chinese VALUES(258,'买','買',NULL,'bhoi2');
INSERT INTO Chinese VALUES(259,'灱',NULL,NULL,'da1');
INSERT INTO Chinese VALUES(260,'欲','慾',NULL,'ain3');
INSERT INTO Chinese VALUES(261,'衫',NULL,NULL,'san1');
INSERT INTO Chinese VALUES(262,'裤','褲',NULL,'kou3');
INSERT INTO Chinese VALUES(263,'鞋',NULL,NULL,'oi5');
INSERT INTO Chinese VALUES(264,'袜','襪',NULL,'ghueh8');
INSERT INTO Chinese VALUES(265,'合',NULL,NULL,'hah8');
INSERT INTO Chinese VALUES(266,'短',NULL,NULL,'do2');
INSERT INTO Chinese VALUES(267,'矮',NULL,NULL,'oi2');
INSERT INTO Chinese VALUES(268,'是',NULL,NULL,'si6');
INSERT INTO Chinese VALUES(269,'毕','畢',NULL,'bek8');
INSERT INTO Chinese VALUES(270,'业','業',NULL,'ngiap8');
INSERT INTO Chinese VALUES(271,'岁','歲',NULL,'hue3');
INSERT INTO Chinese VALUES(272,'学','學',NULL,'oh8');
INSERT INTO Chinese VALUES(273,'呾',NULL,NULL,'dan3');
INSERT INTO Chinese VALUES(274,'间','間',NULL,'gang1');
INSERT INTO Chinese VALUES(275,'有',NULL,NULL,'u6');
INSERT INTO Chinese VALUES(276,'无','無',NULL,'bho5');
INSERT INTO Chinese VALUES(277,'一',NULL,NULL,'jek8');
INSERT INTO Chinese VALUES(278,'两','兩',NULL,'no6');
INSERT INTO Chinese VALUES(279,'二',NULL,NULL,'no6');
INSERT INTO Chinese VALUES(280,'潮',NULL,NULL,'dio5');
INSERT INTO Chinese VALUES(281,'州',NULL,NULL,'jiu1');
INSERT INTO Chinese VALUES(282,'話',NULL,NULL,'ue7');
INSERT INTO Chinese VALUES(283,'薑',NULL,NULL,'gion1');
INSERT INTO Chinese VALUES(284,'戏','戲',NULL,'hi3');
INSERT INTO Chinese VALUES(285,'口',NULL,NULL,'kao2');
INSERT INTO Chinese VALUES(286,'畔',NULL,NULL,'bain5');
INSERT INTO Chinese VALUES(287,'园','園',NULL,'heung5');
INSERT INTO Chinese VALUES(288,'肚',NULL,NULL,'dou2');
INSERT INTO Chinese VALUES(289,'落',NULL,NULL,'loh8');
INSERT INTO Chinese VALUES(290,'雨',NULL,NULL,'hou6');
INSERT INTO Chinese VALUES(291,'写','寫',NULL,'sia2');
INSERT INTO Chinese VALUES(292,'字',NULL,NULL,'yi7');
INSERT INTO Chinese VALUES(293,'鱼','魚',NULL,'heu5');
INSERT INTO Chinese VALUES(294,'树','樹',NULL,'chiu7');
INSERT INTO Chinese VALUES(295,'明',NULL,NULL,'mua3');
INSERT INTO Chinese VALUES(296,'明',NULL,NULL,'ma3');
INSERT INTO Chinese VALUES(297,'明',NULL,NULL,'meng5');
INSERT INTO Chinese VALUES(298,'暝',NULL,NULL,'me5');
INSERT INTO Chinese VALUES(299,'豉',NULL,NULL,'si7');
INSERT INTO Chinese VALUES(300,'盐','鹽',NULL,'iam5');
INSERT INTO Chinese VALUES(301,'胡',NULL,NULL,'hou5');
INSERT INTO Chinese VALUES(302,'糖',NULL,NULL,'teung5');
INSERT INTO Chinese VALUES(303,'味',NULL,NULL,'bhi7');
INSERT INTO Chinese VALUES(304,'精',NULL,NULL,'jeng1');
INSERT INTO Chinese VALUES(305,'惜',NULL,NULL,'sioh4');
INSERT INTO Chinese VALUES(306,'煮',NULL,NULL,'jeu2');
INSERT INTO Chinese VALUES(307,'长','長',NULL,'deung5');
INSERT INTO Chinese VALUES(308,'慢',NULL,NULL,'mang7');
INSERT INTO Chinese VALUES(309,'匙',NULL,NULL,'si5');
INSERT INTO Chinese VALUES(310,'箸',NULL,NULL,'deu7');
INSERT INTO Chinese VALUES(311,'叉',NULL,NULL,'che1');
INSERT INTO Chinese VALUES(312,'医','醫',NULL,'ui1');
INSERT INTO Chinese VALUES(313,'生',NULL,NULL,'seng1');
INSERT INTO Chinese VALUES(314,'狗',NULL,NULL,'gao2');
INSERT INTO Chinese VALUES(315,'猫','貓',NULL,'ngiao1');
INSERT INTO Chinese VALUES(316,'猫','貓',NULL,'ngiao2');
INSERT INTO Chinese VALUES(317,'鼠',NULL,NULL,'cheu2');
INSERT INTO Chinese VALUES(318,'马','馬',NULL,'bhe2');
INSERT INTO Chinese VALUES(319,'鸟','鳥',NULL,'jiao2');
INSERT INTO Chinese VALUES(320,'蠓',NULL,NULL,'mang2');
INSERT INTO Chinese VALUES(321,'花',NULL,NULL,'hue1');
INSERT INTO Chinese VALUES(322,'哭',NULL,NULL,'kao3');
INSERT INTO Chinese VALUES(323,'恼','惱',NULL,'lou2');
INSERT INTO Chinese VALUES(324,'夗',NULL,NULL,'in6');
INSERT INTO Chinese VALUES(325,'夗',NULL,NULL,'uk8');
INSERT INTO Chinese VALUES(326,'涩','澀',NULL,'siap4');
INSERT INTO Chinese VALUES(327,'来','來',NULL,'lai5');
INSERT INTO Chinese VALUES(328,'相',NULL,NULL,'sio1');
INSERT INTO Chinese VALUES(329,'辅','輔',NULL,'hu6');
INSERT INTO Chinese VALUES(330,'唐',NULL,NULL,'deung5');
INSERT INTO Chinese VALUES(331,'勿',NULL,NULL,'mai3');
INSERT INTO Chinese VALUES(332,'凄','淒',NULL,'chi1');
INSERT INTO Chinese VALUES(333,'疑',NULL,NULL,'ghi5');
INSERT INTO Chinese VALUES(334,'许','許',NULL,'heu2');
INSERT INTO Chinese VALUES(335,'嫑',NULL,NULL,'mai3');
INSERT INTO Chinese VALUES(336,'坐',NULL,NULL,'jo6');
INSERT INTO Chinese VALUES(337,'笑',NULL,NULL,'chio3');
INSERT INTO Chinese VALUES(338,'问','問',NULL,'meung7');
INSERT INTO Chinese VALUES(339,'赢','贏',NULL,'ian5');
INSERT INTO Chinese VALUES(340,'行',NULL,NULL,'hang5');
INSERT INTO Chinese VALUES(341,'耍',NULL,NULL,'seung2');
INSERT INTO Chinese VALUES(342,'㜁',NULL,NULL,'ja1');
INSERT INTO Chinese VALUES(343,'𡚸',NULL,NULL,'bhou2');
INSERT INTO Chinese VALUES(344,'溶',NULL,NULL,'ion5');
INSERT INTO Chinese VALUES(345,'走',NULL,NULL,'jao2');
INSERT INTO Chinese VALUES(346,'司',NULL,NULL,'si1');
INSERT INTO Chinese VALUES(347,'浴',NULL,NULL,'ek8');
INSERT INTO Chinese VALUES(348,'昼','晝',NULL,'dao3');
INSERT INTO Chinese VALUES(349,'旰',NULL,NULL,'gua3');
INSERT INTO Chinese VALUES(350,'昏',NULL,NULL,'heung1');
INSERT INTO Chinese VALUES(351,'孥',NULL,NULL,'nou1');
INSERT INTO Chinese VALUES(352,'朋',NULL,NULL,'peng5');
INSERT INTO Chinese VALUES(353,'友',NULL,NULL,'iu2');
INSERT INTO Chinese VALUES(354,'熟',NULL,NULL,'sek8');
INSERT INTO Chinese VALUES(355,'痟',NULL,NULL,'siao2');
INSERT INTO Chinese VALUES(356,'韧','韌',NULL,'yung7');
INSERT INTO Chinese VALUES(357,'榄','欖',NULL,'nam2');
INSERT INTO Chinese VALUES(358,'银',NULL,NULL,'nging5');
INSERT INTO Chinese VALUES(359,'薰',NULL,NULL,'hung1');
INSERT INTO Chinese VALUES(360,'深',NULL,NULL,'chim1');
INSERT INTO Chinese VALUES(361,'父',NULL,NULL,'be6');
INSERT INTO Chinese VALUES(362,'嫒','嬡',NULL,'ai5');
INSERT INTO Chinese VALUES(363,'七',NULL,NULL,'chik4');
INSERT INTO Chinese VALUES(364,'浅','淺',NULL,'chiang2');
INSERT INTO Chinese VALUES(365,'一',NULL,NULL,'ik4');
INSERT INTO Chinese VALUES(366,'正',NULL,NULL,'jian1');
INSERT INTO Chinese VALUES(367,'日',NULL,NULL,'yik8');
INSERT INTO Chinese VALUES(368,'今',NULL,NULL,'ging1');
INSERT INTO Chinese VALUES(369,'高',NULL,NULL,'gao1');
INSERT INTO Chinese VALUES(370,'棉',NULL,NULL,'miang5');
INSERT INTO Chinese VALUES(371,'冷',NULL,NULL,'ne2');
INSERT INTO Chinese VALUES(372,'气','氣',NULL,'ki3');
INSERT INTO Chinese VALUES(373,'扒',NULL,NULL,'be5');
INSERT INTO Chinese VALUES(374,'铺','鋪',NULL,'pou1');
INSERT INTO Chinese VALUES(375,'房',NULL,NULL,'bang5');
INSERT INTO Chinese VALUES(376,'被',NULL,NULL,'pue6');
INSERT INTO Chinese VALUES(377,'蟠',NULL,NULL,'puang5');
INSERT INTO Chinese VALUES(378,'椅',NULL,NULL,'in2');
INSERT INTO Chinese VALUES(379,'门','門',NULL,'meung5');
INSERT INTO Chinese VALUES(380,'风','風',NULL,'huang1');
INSERT INTO Chinese VALUES(381,'扇','搧',NULL,'sin3');
INSERT INTO Chinese VALUES(382,'橱','櫥',NULL,'du5');
INSERT INTO Chinese VALUES(383,'枕',NULL,NULL,'jim2');
INSERT INTO Chinese VALUES(384,'厕','廁',NULL,'che3');
INSERT INTO Chinese VALUES(385,'所',NULL,NULL,'so2');
INSERT INTO Chinese VALUES(386,'床','牀',NULL,'cheung5');
INSERT INTO Chinese VALUES(387,'灇',NULL,NULL,'jang5');
INSERT INTO Chinese VALUES(388,'洗',NULL,NULL,'soi2');
INSERT INTO Chinese VALUES(389,'窗',NULL,NULL,'teng1');
INSERT INTO Chinese VALUES(390,'暗',NULL,NULL,'am3');
INSERT INTO Chinese VALUES(391,'猛',NULL,NULL,'me2');
INSERT INTO Chinese VALUES(392,'骨',NULL,NULL,'guk4');
INSERT INTO Chinese VALUES(393,'簿',NULL,NULL,'pou6');
INSERT INTO Chinese VALUES(394,'纸','紙',NULL,'jua2');
INSERT INTO Chinese VALUES(395,'笔','筆',NULL,'bik4');
INSERT INTO Chinese VALUES(396,'铅','鉛',NULL,'ing5');
INSERT INTO Chinese VALUES(397,'读','讀',NULL,'tak8');
INSERT INTO Chinese VALUES(398,'困',NULL,NULL,'kung3');
INSERT INTO Chinese VALUES(399,'苹','蘋',NULL,'ping5');
INSERT INTO Chinese VALUES(400,'弓',NULL,NULL,'geng1');
INSERT INTO Chinese VALUES(401,'卵',NULL,NULL,'neung6');
INSERT INTO Chinese VALUES(402,'咖',NULL,NULL,'ga1');
INSERT INTO Chinese VALUES(403,'啡',NULL,NULL,'hui1');
INSERT INTO Chinese VALUES(404,'汁',NULL,NULL,'jap4');
INSERT INTO Chinese VALUES(405,'乜',NULL,NULL,'mih4');
INSERT INTO Chinese VALUES(406,'当','當',NULL,'diang1');
INSERT INTO Chinese VALUES(407,'谁','誰',NULL,'diang5');
INSERT INTO Chinese VALUES(408,'做',NULL,NULL,'jo3');
INSERT INTO Chinese VALUES(409,'雅',NULL,NULL,'ngia2');
INSERT INTO Chinese VALUES(410,'锁','鎖',NULL,'so2');
INSERT INTO Chinese VALUES(411,'遮',NULL,NULL,'jia1');
INSERT INTO Chinese VALUES(412,'睇',NULL,NULL,'toin2');
INSERT INTO Chinese VALUES(413,'闲','閑',NULL,'ain5');
INSERT INTO Chinese VALUES(414,'便',NULL,NULL,'pin1');
INSERT INTO Chinese VALUES(415,'贵','貴',NULL,'gui3');
INSERT INTO Chinese VALUES(416,'丈',NULL,NULL,'da1');
INSERT INTO Chinese VALUES(417,'爿',NULL,NULL,'bain5');
INSERT INTO Chinese VALUES(418,'点','點',NULL,'diam2');
INSERT INTO Chinese VALUES(419,'空',NULL,NULL,'kang3');
INSERT INTO Chinese VALUES(420,'半',NULL,NULL,'buan3');
INSERT INTO Chinese VALUES(421,'算',NULL,NULL,'seung3');
INSERT INTO Chinese VALUES(422,'计','計',NULL,'goi3');
INSERT INTO Chinese VALUES(423,'尺',NULL,NULL,'chioh4');
INSERT INTO Chinese VALUES(424,'格',NULL,NULL,'geh4');
INSERT INTO Chinese VALUES(425,'泥',NULL,NULL,'ni5');
INSERT INTO Chinese VALUES(426,'初',NULL,NULL,'cho1');
INSERT INTO Chinese VALUES(427,'小',NULL,NULL,'siao2');
INSERT INTO Chinese VALUES(428,'稚',NULL,NULL,'jin2');
INSERT INTO Chinese VALUES(429,'幼',NULL,NULL,'iun3');
INSERT INTO Chinese VALUES(430,'蕉',NULL,NULL,'jio1');
INSERT INTO Chinese VALUES(431,'炉','爐',NULL,'lou5');
INSERT INTO Chinese VALUES(432,'灯','燈',NULL,'deng1');
INSERT INTO Chinese VALUES(433,'墙','牆',NULL,'chion5');
INSERT INTO Chinese VALUES(434,'千',NULL,NULL,'chain1');
INSERT INTO Chinese VALUES(435,'梯',NULL,NULL,'tui1');
INSERT INTO Chinese VALUES(436,'楼','樓',NULL,'lao5');
INSERT INTO Chinese VALUES(437,'百',NULL,NULL,'beh4');
INSERT INTO Chinese VALUES(438,'厨','廚',NULL,'dou5');
INSERT INTO Chinese VALUES(439,'客',NULL,NULL,'keh4');
INSERT INTO Chinese VALUES(440,'厅','廳',NULL,'tian1');
INSERT INTO Chinese VALUES(441,'昨',NULL,NULL,'ja1');
INSERT INTO Chinese VALUES(442,'昨',NULL,NULL,'jao1');
INSERT INTO Chinese VALUES(443,'起',NULL,NULL,'ki2');
INSERT INTO Chinese VALUES(444,'眠',NULL,NULL,'meung5');
INSERT INTO Chinese VALUES(445,'搭',NULL,NULL,'dah4');
INSERT INTO Chinese VALUES(446,'平',NULL,NULL,'ben5');
INSERT INTO Chinese VALUES(447,'样','樣',NULL,'ion7');
INSERT INTO Chinese VALUES(448,'碗',NULL,NULL,'uan2');
INSERT INTO Chinese VALUES(449,'天',NULL,NULL,'tin1');
INSERT INTO Chinese VALUES(450,'滴',NULL,NULL,'dih4');
INSERT INTO Chinese VALUES(451,'屑',NULL,NULL,'suk4');
INSERT INTO Chinese VALUES(452,'布',NULL,NULL,'bou3');
INSERT INTO Chinese VALUES(453,'输','輸',NULL,'su1');
INSERT INTO Chinese VALUES(454,'表','錶',NULL,'bio1');
INSERT INTO Chinese VALUES(455,'索',NULL,NULL,'soh4');
INSERT INTO Chinese VALUES(456,'裙',NULL,NULL,'gung5');
INSERT INTO Chinese VALUES(457,'松',NULL,NULL,'song5');
INSERT INTO Chinese VALUES(458,'漱',NULL,NULL,'chiu3');
INSERT INTO Chinese VALUES(459,'膏',NULL,NULL,'go1');
INSERT INTO Chinese VALUES(460,'着','著',NULL,'dioh8');
INSERT INTO Chinese VALUES(461,'兔',NULL,NULL,'tou3');
INSERT INTO Chinese VALUES(462,'等',NULL,NULL,'dang2');
INSERT INTO Chinese VALUES(463,'作',NULL,NULL,'joh4');
INSERT INTO Chinese VALUES(464,'工',NULL,NULL,'gang1');
INSERT INTO Chinese VALUES(465,'工',NULL,NULL,'kang1');
INSERT INTO Chinese VALUES(466,'课','課',NULL,'kue3');
INSERT INTO Chinese VALUES(467,'蝇','蠅',NULL,'sing5');
INSERT INTO Chinese VALUES(468,'拭',NULL,NULL,'chik4');
INSERT INTO Chinese VALUES(469,'磅',NULL,NULL,'bong7');
INSERT INTO Chinese VALUES(470,'远','遠',NULL,'heung6');
INSERT INTO Chinese VALUES(471,'好',NULL,NULL,'hoh4');
INSERT INTO Chinese VALUES(472,'未',NULL,NULL,'bhue7');
INSERT INTO Chinese VALUES(473,'觅','覓',NULL,'chue7');
INSERT INTO Chinese VALUES(474,'艰','艱',NULL,'gang1');
INSERT INTO Chinese VALUES(475,'想',NULL,NULL,'sion6');
INSERT INTO Chinese VALUES(476,'米',NULL,NULL,'bhi2');
INSERT INTO Chinese VALUES(477,'行',NULL,NULL,'gian5');
INSERT INTO Chinese VALUES(478,'袂',NULL,NULL,'bhoi6');
INSERT INTO Chinese VALUES(479,'了',NULL,NULL,'ou3');
INSERT INTO Chinese VALUES(480,'高',NULL,NULL,'go1');
INSERT INTO Chinese VALUES(481,'丽','麗',NULL,'le6');
INSERT INTO Chinese VALUES(482,'煲',NULL,NULL,'bu5');
INSERT INTO Chinese VALUES(483,'炰',NULL,NULL,'bu5');
INSERT INTO Chinese VALUES(484,'烳',NULL,NULL,'bu5');
INSERT INTO Chinese VALUES(485,'酷',NULL,NULL,'hoh4');
INSERT INTO Chinese VALUES(486,'烙',NULL,NULL,'luah4');
INSERT INTO Chinese VALUES(487,'炒',NULL,NULL,'cha2');
INSERT INTO Chinese VALUES(488,'甜',NULL,NULL,'diam5');
INSERT INTO Chinese VALUES(489,'咸','鹹',NULL,'giam5');
INSERT INTO Chinese VALUES(490,'枣','棗',NULL,'jo2');
INSERT INTO Chinese VALUES(491,'冲','沖',NULL,'chong1');
INSERT INTO Chinese VALUES(492,'咖',NULL,NULL,'gu1');
INSERT INTO Chinese VALUES(493,'啡',NULL,NULL,'bi5');
INSERT INTO Chinese VALUES(494,'存',NULL,NULL,'chung5');
INSERT INTO Chinese VALUES(495,'了',NULL,NULL,'liao2');
INSERT INTO Chinese VALUES(496,'袋',NULL,NULL,'do7');
INSERT INTO Chinese VALUES(497,'盒',NULL,NULL,'ap8');
INSERT INTO Chinese VALUES(498,'挈',NULL,NULL,'kioh8');
INSERT INTO Chinese VALUES(499,'直',NULL,NULL,'dik8');
INSERT INTO Chinese VALUES(500,'免',NULL,NULL,'miang2');
INSERT INTO Chinese VALUES(501,'开','開',NULL,'kui1');
INSERT INTO Chinese VALUES(502,'咬',NULL,NULL,'ga6');
INSERT INTO Chinese VALUES(503,'生',NULL,NULL,'chen1');
INSERT INTO Chinese VALUES(504,'里','裡',NULL,'lai6');
INSERT INTO Chinese VALUES(505,'裏',NULL,NULL,'lai6');
INSERT INTO Chinese VALUES(506,'底',NULL,NULL,'doi2');
INSERT INTO Chinese VALUES(507,'钟','鐘',NULL,'jeng1');
INSERT INTO Chinese VALUES(508,'分',NULL,NULL,'hung1');
INSERT INTO Chinese VALUES(509,'葛',NULL,NULL,'guah4');
INSERT INTO Chinese VALUES(510,'嫲',NULL,NULL,'ma2');
INSERT INTO Chinese VALUES(511,'嬤',NULL,NULL,'ma2');
INSERT INTO Chinese VALUES(512,'赤',NULL,NULL,'chiah4');
INSERT INTO Chinese VALUES(513,'酥',NULL,NULL,'sou1');
INSERT INTO Chinese VALUES(514,'题','題',NULL,'doi5');
CREATE TABLE Synonyms (
    id          integer primary key,
    english_id  integer,
    word        text collate nocase,
    foreign key(english_id) references English(id)
);
INSERT INTO Synonyms VALUES(1,258,'tangerine');
INSERT INTO Synonyms VALUES(2,211,'pork sung');
INSERT INTO Synonyms VALUES(3,145,'refrigerator');
INSERT INTO Synonyms VALUES(4,241,'black fungus');
INSERT INTO Synonyms VALUES(5,165,'to study');
INSERT INTO Synonyms VALUES(6,201,'soft drink');
INSERT INTO Synonyms VALUES(7,201,'pop');
INSERT INTO Synonyms VALUES(8,278,'chive dumpling');
INSERT INTO Synonyms VALUES(9,104,'large');
INSERT INTO Synonyms VALUES(10,39,'mom');
INSERT INTO Synonyms VALUES(11,38,'dad');
INSERT INTO Synonyms VALUES(12,310,'rice porridge');
INSERT INTO Synonyms VALUES(13,32,'me');
INSERT INTO Synonyms VALUES(14,323,'to leave');
INSERT INTO Synonyms VALUES(15,111,'home');
INSERT INTO Synonyms VALUES(16,13,'eight');
INSERT INTO Synonyms VALUES(17,47,'grandma');
INSERT INTO Synonyms VALUES(18,48,'grandpa');
INSERT INTO Synonyms VALUES(19,70,'telephone');
INSERT INTO Synonyms VALUES(20,270,'luffa');
INSERT INTO Synonyms VALUES(21,427,'adolescent');
INSERT INTO Synonyms VALUES(22,427,'young person');
INSERT INTO Synonyms VALUES(23,40,'kid');
INSERT INTO Synonyms VALUES(24,237,'scallion');
INSERT INTO Synonyms VALUES(25,167,'backpack');
INSERT INTO Synonyms VALUES(26,211,'pork fu');
INSERT INTO Synonyms VALUES(27,354,'great grandpa');
INSERT INTO Synonyms VALUES(28,353,'great grandma');
INSERT INTO Synonyms VALUES(29,116,'inexpensive');
INSERT INTO Synonyms VALUES(30,27,'violet');
INSERT INTO Synonyms VALUES(31,68,'tv');
INSERT INTO Synonyms VALUES(32,44,'little sister');
INSERT INTO Synonyms VALUES(33,30,'grey');
INSERT INTO Synonyms VALUES(34,237,'spring onion');
INSERT INTO Synonyms VALUES(35,1,'hi');
INSERT INTO Synonyms VALUES(36,443,'dim');
INSERT INTO Synonyms VALUES(37,361,'belly');
INSERT INTO Synonyms VALUES(38,358,'film');
INSERT INTO Synonyms VALUES(39,346,'to speak');
INSERT INTO Synonyms VALUES(40,450,'to see');
INSERT INTO Synonyms VALUES(41,450,'to watch');
INSERT INTO Synonyms VALUES(42,450,'to read');
INSERT INTO Synonyms VALUES(43,195,'to try');
INSERT INTO Synonyms VALUES(44,451,'availability');
INSERT INTO Synonyms VALUES(45,473,'have to');
INSERT INTO Synonyms VALUES(46,475,'bunny');
INSERT INTO Synonyms VALUES(47,478,'housefly');
INSERT INTO Synonyms VALUES(49,473,'need to');
INSERT INTO Synonyms VALUES(50,483,'very');
INSERT INTO Synonyms VALUES(51,483,'so');
INSERT INTO Synonyms VALUES(52,486,'to find');
INSERT INTO Synonyms VALUES(53,486,'to search');
INSERT INTO Synonyms VALUES(54,487,'hard');
INSERT INTO Synonyms VALUES(55,501,'to saute');
INSERT INTO Synonyms VALUES(56,513,'to bring');
INSERT INTO Synonyms VALUES(57,513,'to get');
INSERT INTO Synonyms VALUES(58,515,'shouldn''t');
INSERT INTO Synonyms VALUES(59,155,'AC');
INSERT INTO Synonyms VALUES(60,310,'porridge');
INSERT INTO Synonyms VALUES(61,34,'he');
INSERT INTO Synonyms VALUES(62,34,'it');
CREATE TABLE SubCategories (
    id integer primary key,
    category_id integer,
    name text,
    foreign key(category_id) references Categories(id)
);
INSERT INTO SubCategories VALUES(1,NULL,'smallnumber');
INSERT INTO SubCategories VALUES(2,NULL,'personadjective');
INSERT INTO SubCategories VALUES(3,NULL,'drink');
CREATE TABLE Phrases (
    id integer primary key,
    words text,
    sentence text,
    hidden boolean default 0);
INSERT INTO Phrases VALUES(1,'I to_know','I know',0);
INSERT INTO Phrases VALUES(2,'I name','My name is...',0);
INSERT INTO Phrases VALUES(3,'you name what','What is your name?',0);
INSERT INTO Phrases VALUES(4,'you to_do what','What are you doing?',0);
INSERT INTO Phrases VALUES(5,'you good| bad','How are you?',0);
INSERT INTO Phrases VALUES(6,'I is_not to_know','I don''t know',0);
INSERT INTO Phrases VALUES(7,'how_many time_(hour)','What time is it?',0);
INSERT INTO Phrases VALUES(8,'you to_be_at where','Where are you?',0);
INSERT INTO Phrases VALUES(9,'you to_go where','Where are you going?',0);
INSERT INTO Phrases VALUES(10,'I to_be_at house-lai6','I am at home',0);
INSERT INTO Phrases VALUES(11,'$smallnumber day front','$smallnumber days ago',1);
INSERT INTO Phrases VALUES(12,'$smallnumber day back','in $smallnumber days',1);
INSERT INTO Phrases VALUES(13,'this| how_many dollar','How much does this cost?',0);
INSERT INTO Phrases VALUES(14,'I to_go store','I went to the store',0);
INSERT INTO Phrases VALUES(15,'I to_go to_buy vegetables','I''m going to buy vegetables',0);
INSERT INTO Phrases VALUES(16,'I $personadjective','I''m $personadjective',0);
INSERT INTO Phrases VALUES(17,'I to_want to_eat $drink','I want to drink $drink',0);
INSERT INTO Phrases VALUES(18,'you to_like what color','What color do you like?',0);
INSERT INTO Phrases VALUES(19,'you how_many age','How old are you?',0);
INSERT INTO Phrases VALUES(20,'today-ging1yik8| you to_have time no_(don''t_have)','Do you have time today?',1);
INSERT INTO Phrases VALUES(21,'I to_learn to_say Teochew_language','I am learning to speak Teochew',0);
INSERT INTO Phrases VALUES(22,'you when to_come','When are you coming?',0);
INSERT INTO Phrases VALUES(23,'you to_have free_time| no_(don''t_have)','Do you have time?',0);
INSERT INTO Phrases VALUES(24,'I busy','I''m busy',0);
INSERT INTO Phrases VALUES(25,'I 30 age','I''m thirty years old',0);
INSERT INTO Phrases VALUES(26,'I to_wash bowl','I washed dishes',0);
INSERT INTO Phrases VALUES(27,'I must to_brush_teeth','I have to brush my teeth',0);
INSERT INTO Phrases VALUES(28,'you to_eat rice done| no_(not_yet)','Have you eaten rice yet?',0);
INSERT INTO Phrases VALUES(29,'I done no_(not_yet) to_eat','I did not finish eating yet',0);
INSERT INTO Phrases VALUES(30,'she to_be_in_the_process_of to_look television','She is watching tv',0);
INSERT INTO Phrases VALUES(31,'she to_sleep| already','He is already asleep',0);
INSERT INTO Phrases VALUES(32,'I to_eat done| already','I have already eaten',0);
INSERT INTO Phrases VALUES(33,'to_eat completed','Eat all of it',0);
INSERT INTO Phrases VALUES(34,'don''t_need_to to_turn_on air_conditioner','You don''t have to turn on the AC',0);
CREATE TABLE CategoryLinks (
    id integer primary key,
    subcategory_id integer,
    english_id integer,
    foreign key(subcategory_id) references SubCategories(id),
    foreign key(english_id) references English(id)
);
INSERT INTO CategoryLinks VALUES(1,1,7);
INSERT INTO CategoryLinks VALUES(2,1,8);
INSERT INTO CategoryLinks VALUES(3,1,9);
INSERT INTO CategoryLinks VALUES(4,1,10);
INSERT INTO CategoryLinks VALUES(5,2,122);
INSERT INTO CategoryLinks VALUES(6,2,331);
INSERT INTO CategoryLinks VALUES(7,3,121);
INSERT INTO CategoryLinks VALUES(8,3,187);
INSERT INTO CategoryLinks VALUES(9,3,188);
INSERT INTO CategoryLinks VALUES(10,2,398);
CREATE TABLE Extra (
    id integer primary key,
    english_id integer,
    info text,
    foreign key(english_id) references English(id)
);
INSERT INTO Extra VALUES(1,6,replace('The original character for 1, pronounced as **jek8**, is actually 蜀, however you typically see the character 一 instead.\n','\n',char(10)));
INSERT INTO Extra VALUES(2,7,replace('The number 2 by itself is pronounced **no6**, but many other words that include a 2 in it will use **yi6(7)**. You may also see the character 两 for 2. 两 is only pronounced as "no6", whereas 二 can be pronounced as "no6" or "yi6".\n','\n',char(10)));
INSERT INTO Extra VALUES(3,111,replace('**chu3** 厝 refers to a house as a building, whereas **lai6** 内 is more like a home. I have heard both used interchangeably though.\n','\n',char(10)));
INSERT INTO Extra VALUES(4,108,replace('Each of these translations starts with the same character (明). This can be pronounced in a variety of different ways. Some of these translations can also be used to mean "tomorrow morning" as "kì 起" means to go up and "jà 早" means early.\n','\n',char(10)));
INSERT INTO Extra VALUES(5,30,'My family never uses the word ''gray'', so it''s not really familiar to me. When I asked my aunt how to say it in Teochew, she said that ''pin7 hung1 sek4'' was like the smoke that comes out of the nose.');
INSERT INTO Extra VALUES(7,47,replace('Note that you should always just use **ma2** when addressing your grandmother. **lai7 ma2** and **ghua7 ma2** can be used when referring to your grandmother, to be more specific and differentiate when talking to someone else, but it should not be what you call your grandmother.\n','\n',char(10)));
INSERT INTO Extra VALUES(8,48,replace('Note that you should always just use **gong1** when addressing your grandfather. **lai7 gong1** and **ghua7 gong1** can be used when referring to your grandfather, to be more specific and differentiate when talking to someone else, but it should not be what you call your grandfather.\n','\n',char(10)));
INSERT INTO Extra VALUES(10,344,replace('**ga lem** originates from the French word crème. We just throw a teochew accent on it (:\n','\n',char(10)));
INSERT INTO Extra VALUES(11,110,replace('囝 is not the "official" character used for "gian" in **gian yik**, but I''m using it because it has the same sound and I''m not sure what a more appropriate character would be.\n','\n',char(10)));
INSERT INTO Extra VALUES(12,274,replace('**la hong** comes from Cambodian ​ល្ហុង, and is often used among Cambodian Teochew speakers.\n','\n',char(10)));
INSERT INTO Extra VALUES(13,281,replace('Alternatively, you may see 底珍 or 底滇 used.\n','\n',char(10)));
INSERT INTO Extra VALUES(14,284,replace('Alternatively, you may see this as 怎呢.\n\nMy recorded pronunciation is a little overly formal; people normally pronounce the first syllable much more quickly.\n','\n',char(10)));
INSERT INTO Extra VALUES(15,180,replace('Alternatively, you might see 树泥.\n','\n',char(10)));
INSERT INTO Extra VALUES(16,493,replace('This is like using -ing on an action. You would say **do** in front of the verb. So if you wanted to say "I am washing dishes", you would say "ua2 **do(7)** soi(6) uan2"\n','\n',char(10)));
INSERT INTO Extra VALUES(17,496,replace('Teochew uses the same word for "he", "she", and "it"\n','\n',char(10)));
INSERT INTO Extra VALUES(18,34,replace('Teochew uses the same word for "he", "she", and "it"\n','\n',char(10)));
INSERT INTO Extra VALUES(19,497,replace('Teochew uses the same word for "he", "she", and "it"\n','\n',char(10)));
INSERT INTO Extra VALUES(22,25,replace('**chen1** might also be used to mean blue or blue-green.\n','\n',char(10)));
INSERT INTO Extra VALUES(23,531,replace('We often use this term when cooking. When something is crispy or golden brown, it''s **chiah(8) chiah4**.\n','\n',char(10)));
CREATE TABLE PengimAlt (
    id          integer primary key,
    pengim_id   integer,
    beginning   text,
    full        text,
    foreign key(pengim_id) references Pengim(id)
);
INSERT INTO PengimAlt VALUES(1,39,'ch','chek');
INSERT INTO PengimAlt VALUES(2,72,'e','ek');
INSERT INTO PengimAlt VALUES(3,82,'g','geng');
INSERT INTO PengimAlt VALUES(4,196,'ng','ngeng');
INSERT INTO PengimAlt VALUES(5,239,'y','yek');
INSERT INTO PengimAlt VALUES(6,14,'b','bek');
INSERT INTO PengimAlt VALUES(7,246,'e','eng');
INSERT INTO PengimAlt VALUES(8,207,'p','peng');
INSERT INTO PengimAlt VALUES(9,186,'m','meng');
INSERT INTO PengimAlt VALUES(10,23,'bh','bhek');
INSERT INTO PengimAlt VALUES(11,223,'s','seng');
INSERT INTO PengimAlt VALUES(12,300,'d','dek');
INSERT INTO PengimAlt VALUES(13,301,'ch','cheng');
CREATE TABLE Pengim (
    id          integer primary key,
    beginning   text,
    full        text unique
);
INSERT INTO Pengim VALUES(1,'a','ai');
INSERT INTO Pengim VALUES(2,'a','ain');
INSERT INTO Pengim VALUES(3,'a','am');
INSERT INTO Pengim VALUES(4,'a','ang');
INSERT INTO Pengim VALUES(5,'a','ao');
INSERT INTO Pengim VALUES(6,'a','at');
INSERT INTO Pengim VALUES(7,'b','ba');
INSERT INTO Pengim VALUES(8,'b','bai');
INSERT INTO Pengim VALUES(9,'b','bain');
INSERT INTO Pengim VALUES(10,'b','bang');
INSERT INTO Pengim VALUES(11,'b','bao');
INSERT INTO Pengim VALUES(12,'b','be');
INSERT INTO Pengim VALUES(13,'b','beh');
INSERT INTO Pengim VALUES(14,'b','bik');
INSERT INTO Pengim VALUES(15,'b','bet');
INSERT INTO Pengim VALUES(16,'b','beung');
INSERT INTO Pengim VALUES(17,'bh','bhai');
INSERT INTO Pengim VALUES(18,'bh','bhak');
INSERT INTO Pengim VALUES(19,'bh','bhat');
INSERT INTO Pengim VALUES(20,'bh','bhe');
INSERT INTO Pengim VALUES(21,'bh','bhet');
INSERT INTO Pengim VALUES(22,'bh','bhi');
INSERT INTO Pengim VALUES(23,'bh','bhik');
INSERT INTO Pengim VALUES(24,'bh','bho');
INSERT INTO Pengim VALUES(25,'bh','bhoi');
INSERT INTO Pengim VALUES(26,'bh','bhou');
INSERT INTO Pengim VALUES(27,'bh','bhue');
INSERT INTO Pengim VALUES(28,'b','bian');
INSERT INTO Pengim VALUES(29,'b','bio');
INSERT INTO Pengim VALUES(30,'b','bo');
INSERT INTO Pengim VALUES(31,'b','boih');
INSERT INTO Pengim VALUES(32,'b','bou');
INSERT INTO Pengim VALUES(33,'b','bue');
INSERT INTO Pengim VALUES(34,'b','buk');
INSERT INTO Pengim VALUES(35,'ch','chai');
INSERT INTO Pengim VALUES(36,'ch','chang');
INSERT INTO Pengim VALUES(37,'ch','chao');
INSERT INTO Pengim VALUES(38,'ch','che');
INSERT INTO Pengim VALUES(39,'ch','chik');
INSERT INTO Pengim VALUES(40,'ch','chen');
INSERT INTO Pengim VALUES(41,'ch','cheng');
INSERT INTO Pengim VALUES(42,'ch','cheu');
INSERT INTO Pengim VALUES(43,'ch','cheung');
INSERT INTO Pengim VALUES(44,'ch','chi');
INSERT INTO Pengim VALUES(45,'ch','chiang');
INSERT INTO Pengim VALUES(46,'ch','chim');
INSERT INTO Pengim VALUES(47,'ch','chin');
INSERT INTO Pengim VALUES(48,'ch','chio');
INSERT INTO Pengim VALUES(49,'ch','chiu');
INSERT INTO Pengim VALUES(50,'ch','cho');
INSERT INTO Pengim VALUES(51,'ch','chu');
INSERT INTO Pengim VALUES(52,'ch','chue');
INSERT INTO Pengim VALUES(53,'ch','chui');
INSERT INTO Pengim VALUES(54,'d','da');
INSERT INTO Pengim VALUES(55,'d','dai');
INSERT INTO Pengim VALUES(56,'d','dan');
INSERT INTO Pengim VALUES(57,'d','dang');
INSERT INTO Pengim VALUES(58,'d','dao');
INSERT INTO Pengim VALUES(59,'d','de');
INSERT INTO Pengim VALUES(60,'d','deu');
INSERT INTO Pengim VALUES(61,'d','deung');
INSERT INTO Pengim VALUES(62,'d','di');
INSERT INTO Pengim VALUES(63,'d','diang');
INSERT INTO Pengim VALUES(64,'d','diao');
INSERT INTO Pengim VALUES(65,'d','dio');
INSERT INTO Pengim VALUES(66,'d','dion');
INSERT INTO Pengim VALUES(67,'d','do');
INSERT INTO Pengim VALUES(68,'d','dong');
INSERT INTO Pengim VALUES(69,'d','dou');
INSERT INTO Pengim VALUES(70,'d','dua');
INSERT INTO Pengim VALUES(71,'e','e');
INSERT INTO Pengim VALUES(72,'i','ik');
INSERT INTO Pengim VALUES(73,'e','eung');
INSERT INTO Pengim VALUES(74,'g','ga');
INSERT INTO Pengim VALUES(75,'g','gai');
INSERT INTO Pengim VALUES(76,'g','gain');
INSERT INTO Pengim VALUES(77,'g','gak');
INSERT INTO Pengim VALUES(78,'g','gan');
INSERT INTO Pengim VALUES(79,'g','gang');
INSERT INTO Pengim VALUES(80,'g','gao');
INSERT INTO Pengim VALUES(81,'g','gek');
INSERT INTO Pengim VALUES(82,'g','ging');
INSERT INTO Pengim VALUES(83,'gh','ghe');
INSERT INTO Pengim VALUES(84,'gh','ghu');
INSERT INTO Pengim VALUES(85,'gh','ghua');
INSERT INTO Pengim VALUES(86,'gh','ghueh');
INSERT INTO Pengim VALUES(87,'g','gi');
INSERT INTO Pengim VALUES(88,'g','gia');
INSERT INTO Pengim VALUES(89,'g','gian');
INSERT INTO Pengim VALUES(90,'g','gim');
INSERT INTO Pengim VALUES(91,'g','gio');
INSERT INTO Pengim VALUES(92,'g','gion');
INSERT INTO Pengim VALUES(93,'g','go');
INSERT INTO Pengim VALUES(94,'g','goi');
INSERT INTO Pengim VALUES(95,'g','gong');
INSERT INTO Pengim VALUES(96,'g','gou');
INSERT INTO Pengim VALUES(97,'g','gu');
INSERT INTO Pengim VALUES(98,'g','gua');
INSERT INTO Pengim VALUES(99,'g','guang');
INSERT INTO Pengim VALUES(100,'g','gue');
INSERT INTO Pengim VALUES(101,'g','gui');
INSERT INTO Pengim VALUES(102,'g','guin');
INSERT INTO Pengim VALUES(103,'h','hai');
INSERT INTO Pengim VALUES(104,'h','hak');
INSERT INTO Pengim VALUES(105,'h','hang');
INSERT INTO Pengim VALUES(106,'h','hao');
INSERT INTO Pengim VALUES(107,'h','hat');
INSERT INTO Pengim VALUES(108,'h','he');
INSERT INTO Pengim VALUES(109,'h','heu');
INSERT INTO Pengim VALUES(110,'h','heung');
INSERT INTO Pengim VALUES(111,'h','hi');
INSERT INTO Pengim VALUES(112,'h','hiam');
INSERT INTO Pengim VALUES(113,'h','hian');
INSERT INTO Pengim VALUES(114,'h','hiat');
INSERT INTO Pengim VALUES(115,'h','hin');
INSERT INTO Pengim VALUES(116,'h','ho');
INSERT INTO Pengim VALUES(117,'h','hoi');
INSERT INTO Pengim VALUES(118,'h','hong');
INSERT INTO Pengim VALUES(119,'h','hou');
INSERT INTO Pengim VALUES(120,'h','hu');
INSERT INTO Pengim VALUES(121,'h','huang');
INSERT INTO Pengim VALUES(122,'h','hue');
INSERT INTO Pengim VALUES(123,'h','hui');
INSERT INTO Pengim VALUES(124,'h','hung');
INSERT INTO Pengim VALUES(125,'i','i');
INSERT INTO Pengim VALUES(126,'i','ia');
INSERT INTO Pengim VALUES(127,'i','iam');
INSERT INTO Pengim VALUES(128,'i','ian');
INSERT INTO Pengim VALUES(129,'i','im');
INSERT INTO Pengim VALUES(130,'i','in');
INSERT INTO Pengim VALUES(131,'i','io');
INSERT INTO Pengim VALUES(132,'i','ion');
INSERT INTO Pengim VALUES(133,'i','iu');
INSERT INTO Pengim VALUES(134,'j','ja');
INSERT INTO Pengim VALUES(135,'j','jai');
INSERT INTO Pengim VALUES(136,'j','jain');
INSERT INTO Pengim VALUES(137,'j','jao');
INSERT INTO Pengim VALUES(138,'j','jap');
INSERT INTO Pengim VALUES(139,'j','je');
INSERT INTO Pengim VALUES(140,'j','jek');
INSERT INTO Pengim VALUES(141,'j','jeng');
INSERT INTO Pengim VALUES(142,'j','jeu');
INSERT INTO Pengim VALUES(143,'j','ji');
INSERT INTO Pengim VALUES(144,'j','jian');
INSERT INTO Pengim VALUES(145,'j','jiang');
INSERT INTO Pengim VALUES(146,'j','jiao');
INSERT INTO Pengim VALUES(147,'j','jiat');
INSERT INTO Pengim VALUES(148,'j','jin');
INSERT INTO Pengim VALUES(149,'j','jio');
INSERT INTO Pengim VALUES(150,'j','jit');
INSERT INTO Pengim VALUES(151,'j','jiu');
INSERT INTO Pengim VALUES(152,'j','jo');
INSERT INTO Pengim VALUES(153,'j','joi');
INSERT INTO Pengim VALUES(154,'j','ju');
INSERT INTO Pengim VALUES(155,'j','jui');
INSERT INTO Pengim VALUES(156,'k','ka');
INSERT INTO Pengim VALUES(157,'k','kao');
INSERT INTO Pengim VALUES(158,'k','keu');
INSERT INTO Pengim VALUES(159,'k','ki');
INSERT INTO Pengim VALUES(160,'k','kou');
INSERT INTO Pengim VALUES(161,'l','la');
INSERT INTO Pengim VALUES(162,'l','lai');
INSERT INTO Pengim VALUES(163,'l','lak');
INSERT INTO Pengim VALUES(164,'l','lao');
INSERT INTO Pengim VALUES(165,'l','lat');
INSERT INTO Pengim VALUES(166,'l','lek');
INSERT INTO Pengim VALUES(167,'l','leng');
INSERT INTO Pengim VALUES(168,'l','leu');
INSERT INTO Pengim VALUES(169,'l','liang');
INSERT INTO Pengim VALUES(170,'l','liu');
INSERT INTO Pengim VALUES(171,'l','lo');
INSERT INTO Pengim VALUES(172,'l','loi');
INSERT INTO Pengim VALUES(173,'l','lot');
INSERT INTO Pengim VALUES(174,'l','lou');
INSERT INTO Pengim VALUES(175,'l','lui');
INSERT INTO Pengim VALUES(176,'m','m');
INSERT INTO Pengim VALUES(177,'m','ma');
INSERT INTO Pengim VALUES(178,'m','mai');
INSERT INTO Pengim VALUES(179,'m','mak');
INSERT INTO Pengim VALUES(180,'m','mang');
INSERT INTO Pengim VALUES(181,'m','men');
INSERT INTO Pengim VALUES(182,'m','meng');
INSERT INTO Pengim VALUES(183,'m','meung');
INSERT INTO Pengim VALUES(184,'m','mi');
INSERT INTO Pengim VALUES(185,'m','mian');
INSERT INTO Pengim VALUES(186,'m','ming');
INSERT INTO Pengim VALUES(187,'m','mo');
INSERT INTO Pengim VALUES(188,'m','mua');
INSERT INTO Pengim VALUES(189,'m','mue');
INSERT INTO Pengim VALUES(190,'m','muet');
INSERT INTO Pengim VALUES(191,'n','nai');
INSERT INTO Pengim VALUES(192,'n','nam');
INSERT INTO Pengim VALUES(193,'n','nang');
INSERT INTO Pengim VALUES(194,'n','nao');
INSERT INTO Pengim VALUES(195,'ng','ngang');
INSERT INTO Pengim VALUES(196,'ng','nging');
INSERT INTO Pengim VALUES(197,'ng','ngiao');
INSERT INTO Pengim VALUES(198,'ng','ngiap');
INSERT INTO Pengim VALUES(199,'ng','ngou');
INSERT INTO Pengim VALUES(200,'n','ni');
INSERT INTO Pengim VALUES(201,'n','no');
INSERT INTO Pengim VALUES(202,'n','nou');
INSERT INTO Pengim VALUES(203,'o','oi');
INSERT INTO Pengim VALUES(204,'o','ot');
INSERT INTO Pengim VALUES(205,'o','ou');
INSERT INTO Pengim VALUES(206,'p','pang');
INSERT INTO Pengim VALUES(207,'p','ping');
INSERT INTO Pengim VALUES(208,'p','pin');
INSERT INTO Pengim VALUES(209,'p','pu');
INSERT INTO Pengim VALUES(210,'p','pui');
INSERT INTO Pengim VALUES(211,'s','sai');
INSERT INTO Pengim VALUES(212,'s','san');
INSERT INTO Pengim VALUES(213,'s','sek');
INSERT INTO Pengim VALUES(214,'s','sen');
INSERT INTO Pengim VALUES(215,'s','seng');
INSERT INTO Pengim VALUES(216,'s','seu');
INSERT INTO Pengim VALUES(217,'s','seung');
INSERT INTO Pengim VALUES(218,'s','si');
INSERT INTO Pengim VALUES(219,'s','sia');
INSERT INTO Pengim VALUES(220,'s','siao');
INSERT INTO Pengim VALUES(221,'s','siap');
INSERT INTO Pengim VALUES(222,'s','sim');
INSERT INTO Pengim VALUES(223,'s','sing');
INSERT INTO Pengim VALUES(224,'s','sio');
INSERT INTO Pengim VALUES(225,'s','siot');
INSERT INTO Pengim VALUES(226,'s','soi');
INSERT INTO Pengim VALUES(227,'s','sui');
INSERT INTO Pengim VALUES(228,'s','sung');
INSERT INTO Pengim VALUES(229,'t','tang');
INSERT INTO Pengim VALUES(230,'t','tao');
INSERT INTO Pengim VALUES(231,'t','teung');
INSERT INTO Pengim VALUES(232,'t','tou');
INSERT INTO Pengim VALUES(233,'u','u');
INSERT INTO Pengim VALUES(234,'u','ua');
INSERT INTO Pengim VALUES(235,'u','uang');
INSERT INTO Pengim VALUES(236,'u','ue');
INSERT INTO Pengim VALUES(237,'u','ui');
INSERT INTO Pengim VALUES(238,'u','uk');
INSERT INTO Pengim VALUES(239,'y','yik');
INSERT INTO Pengim VALUES(240,'y','yeu');
INSERT INTO Pengim VALUES(241,'y','yi');
INSERT INTO Pengim VALUES(242,'y','yio');
INSERT INTO Pengim VALUES(243,'y','yong');
INSERT INTO Pengim VALUES(244,'y','yuat');
INSERT INTO Pengim VALUES(245,'y','yung');
INSERT INTO Pengim VALUES(246,'i','ing');
INSERT INTO Pengim VALUES(247,'a','ah');
INSERT INTO Pengim VALUES(248,'b','bek');
INSERT INTO Pengim VALUES(249,'bh','bhah');
INSERT INTO Pengim VALUES(250,'bh','bheh');
INSERT INTO Pengim VALUES(251,'b','buan');
INSERT INTO Pengim VALUES(252,'ch','chain');
INSERT INTO Pengim VALUES(253,'ch','chek');
INSERT INTO Pengim VALUES(254,'ch','chioh');
INSERT INTO Pengim VALUES(255,'ch','chion');
INSERT INTO Pengim VALUES(256,'d','dah');
INSERT INTO Pengim VALUES(257,'d','deng');
INSERT INTO Pengim VALUES(258,'d','diam');
INSERT INTO Pengim VALUES(259,'d','du');
INSERT INTO Pengim VALUES(260,'d','dui');
INSERT INTO Pengim VALUES(261,'e','ek');
INSERT INTO Pengim VALUES(262,'g','geh');
INSERT INTO Pengim VALUES(263,'g','geng');
INSERT INTO Pengim VALUES(264,'gh','ghi');
INSERT INTO Pengim VALUES(265,'g','guk');
INSERT INTO Pengim VALUES(266,'h','hah');
INSERT INTO Pengim VALUES(267,'i','iun');
INSERT INTO Pengim VALUES(268,'j','jang');
INSERT INTO Pengim VALUES(269,'j','jia');
INSERT INTO Pengim VALUES(270,'j','jiah');
INSERT INTO Pengim VALUES(271,'j','jih');
INSERT INTO Pengim VALUES(272,'j','jim');
INSERT INTO Pengim VALUES(273,'j','jua');
INSERT INTO Pengim VALUES(274,'k','kang');
INSERT INTO Pengim VALUES(275,'k','keh');
INSERT INTO Pengim VALUES(276,'k','kung');
INSERT INTO Pengim VALUES(277,'l','lah');
INSERT INTO Pengim VALUES(278,'l','loh');
INSERT INTO Pengim VALUES(279,'m','me');
INSERT INTO Pengim VALUES(280,'m','miang');
INSERT INTO Pengim VALUES(281,'m','mih');
INSERT INTO Pengim VALUES(282,'m','mueh');
INSERT INTO Pengim VALUES(283,'n','ne');
INSERT INTO Pengim VALUES(284,'n','neung');
INSERT INTO Pengim VALUES(285,'ng','ngia');
INSERT INTO Pengim VALUES(286,'o','oh');
INSERT INTO Pengim VALUES(287,'p','peng');
INSERT INTO Pengim VALUES(288,'p','pou');
INSERT INTO Pengim VALUES(289,'p','puang');
INSERT INTO Pengim VALUES(290,'p','pue');
INSERT INTO Pengim VALUES(291,'s','sin');
INSERT INTO Pengim VALUES(292,'s','sioh');
INSERT INTO Pengim VALUES(293,'s','so');
INSERT INTO Pengim VALUES(294,'t','tak');
INSERT INTO Pengim VALUES(295,'t','teng');
INSERT INTO Pengim VALUES(296,'t','tian');
INSERT INTO Pengim VALUES(297,'t','toin');
INSERT INTO Pengim VALUES(298,'t','tui');
INSERT INTO Pengim VALUES(299,'y','yuah');
INSERT INTO Pengim VALUES(300,'d','dik');
INSERT INTO Pengim VALUES(301,'ch','ching');
CREATE TABLE FlashcardSet (
    id           integer primary key,
    name         text,
    display_name text,
    hidden boolean default 0,
    sort integer);
INSERT INTO FlashcardSet VALUES(1,'Colors','Colors',0,10);
INSERT INTO FlashcardSet VALUES(2,'Family','Family',0,2);
INSERT INTO FlashcardSet VALUES(3,'Datetime','Date/Time',0,10);
INSERT INTO FlashcardSet VALUES(4,'House','Around the House',0,10);
INSERT INTO FlashcardSet VALUES(5,'Food','Food/Drink',0,10);
INSERT INTO FlashcardSet VALUES(6,'Body','Body Parts',0,10);
INSERT INTO FlashcardSet VALUES(7,'School','School/Work',0,10);
INSERT INTO FlashcardSet VALUES(8,'Misc','Miscellaneous',0,11);
INSERT INTO FlashcardSet VALUES(9,'','All',1,10);
INSERT INTO FlashcardSet VALUES(10,'Phrase','Sentences',1,10);
INSERT INTO FlashcardSet VALUES(11,'Time','Clock Time',1,10);
INSERT INTO FlashcardSet VALUES(12,'Basics','Basics',0,1);
INSERT INTO FlashcardSet VALUES(13,'Number','Numbers',1,NULL);
INSERT INTO FlashcardSet VALUES(14,'Nature','Nature',0,10);
CREATE TABLE TeochewAltChinese (
    id integer primary key,
    teochew_id integer references Teochew(id),
    chinese text
);
INSERT INTO TeochewAltChinese VALUES(1,572,'炰');
INSERT INTO TeochewAltChinese VALUES(2,572,'烳');
INSERT INTO TeochewAltChinese VALUES(3,557,'酷');
INSERT INTO TeochewAltChinese VALUES(4,6,'蜀');
INSERT INTO TeochewAltChinese VALUES(5,7,'两');
INSERT INTO TeochewAltChinese VALUES(6,120,'里 (裡)');
INSERT INTO TeochewAltChinese VALUES(7,120,'裏');
INSERT INTO TeochewAltChinese VALUES(8,602,'畔');
INSERT INTO TeochewAltChinese VALUES(9,403,'口畔');
INSERT INTO TeochewAltChinese VALUES(10,601,'底畔');
INSERT INTO TeochewAltChinese VALUES(11,47,'嫲');
INSERT INTO TeochewAltChinese VALUES(12,47,'嬤');
CREATE TABLE Translation (
    id integer primary key,
    english_id integer references English(id),
    teochew_id integer references Teochew(id),
    hidden_from_flashcards boolean default 0
);
INSERT INTO Translation VALUES(1,1,1,0);
INSERT INTO Translation VALUES(2,2,2,0);
INSERT INTO Translation VALUES(3,3,3,0);
INSERT INTO Translation VALUES(4,4,4,1);
INSERT INTO Translation VALUES(6,6,6,0);
INSERT INTO Translation VALUES(7,7,7,0);
INSERT INTO Translation VALUES(8,8,8,0);
INSERT INTO Translation VALUES(9,9,9,0);
INSERT INTO Translation VALUES(10,10,10,0);
INSERT INTO Translation VALUES(11,11,11,0);
INSERT INTO Translation VALUES(12,13,13,0);
INSERT INTO Translation VALUES(13,14,14,0);
INSERT INTO Translation VALUES(14,15,15,0);
INSERT INTO Translation VALUES(15,16,16,1);
INSERT INTO Translation VALUES(16,17,17,1);
INSERT INTO Translation VALUES(17,19,19,0);
INSERT INTO Translation VALUES(18,20,20,1);
INSERT INTO Translation VALUES(19,21,21,1);
INSERT INTO Translation VALUES(20,22,22,1);
INSERT INTO Translation VALUES(21,23,23,0);
INSERT INTO Translation VALUES(22,24,24,1);
INSERT INTO Translation VALUES(23,25,25,1);
INSERT INTO Translation VALUES(24,26,26,1);
INSERT INTO Translation VALUES(25,27,27,1);
INSERT INTO Translation VALUES(26,29,29,1);
INSERT INTO Translation VALUES(27,529,30,1);
INSERT INTO Translation VALUES(28,31,31,1);
INSERT INTO Translation VALUES(29,32,32,0);
INSERT INTO Translation VALUES(30,33,33,0);
INSERT INTO Translation VALUES(31,34,34,0);
INSERT INTO Translation VALUES(32,35,35,0);
INSERT INTO Translation VALUES(33,36,36,0);
INSERT INTO Translation VALUES(34,37,37,0);
INSERT INTO Translation VALUES(35,38,38,0);
INSERT INTO Translation VALUES(36,39,39,0);
INSERT INTO Translation VALUES(37,40,40,0);
INSERT INTO Translation VALUES(38,41,41,0);
INSERT INTO Translation VALUES(39,42,42,0);
INSERT INTO Translation VALUES(40,43,43,0);
INSERT INTO Translation VALUES(41,44,44,0);
INSERT INTO Translation VALUES(42,45,45,0);
INSERT INTO Translation VALUES(43,46,46,0);
INSERT INTO Translation VALUES(44,47,47,0);
INSERT INTO Translation VALUES(45,48,48,0);
INSERT INTO Translation VALUES(46,49,49,0);
INSERT INTO Translation VALUES(47,50,50,0);
INSERT INTO Translation VALUES(48,51,51,0);
INSERT INTO Translation VALUES(49,52,52,0);
INSERT INTO Translation VALUES(50,53,53,1);
INSERT INTO Translation VALUES(51,54,54,1);
INSERT INTO Translation VALUES(52,55,55,0);
INSERT INTO Translation VALUES(53,56,56,0);
INSERT INTO Translation VALUES(54,57,57,0);
INSERT INTO Translation VALUES(55,58,58,0);
INSERT INTO Translation VALUES(56,59,59,0);
INSERT INTO Translation VALUES(57,60,60,0);
INSERT INTO Translation VALUES(58,61,61,0);
INSERT INTO Translation VALUES(59,62,62,0);
INSERT INTO Translation VALUES(60,63,61,0);
INSERT INTO Translation VALUES(61,64,64,0);
INSERT INTO Translation VALUES(62,65,65,0);
INSERT INTO Translation VALUES(63,66,66,0);
INSERT INTO Translation VALUES(64,68,67,0);
INSERT INTO Translation VALUES(65,69,68,0);
INSERT INTO Translation VALUES(66,70,69,0);
INSERT INTO Translation VALUES(67,71,70,0);
INSERT INTO Translation VALUES(68,72,71,0);
INSERT INTO Translation VALUES(69,73,72,0);
INSERT INTO Translation VALUES(70,74,73,0);
INSERT INTO Translation VALUES(71,75,74,0);
INSERT INTO Translation VALUES(72,76,75,0);
INSERT INTO Translation VALUES(73,77,76,0);
INSERT INTO Translation VALUES(74,78,77,1);
INSERT INTO Translation VALUES(75,79,78,0);
INSERT INTO Translation VALUES(76,81,80,0);
INSERT INTO Translation VALUES(77,82,81,0);
INSERT INTO Translation VALUES(78,83,82,0);
INSERT INTO Translation VALUES(79,84,83,0);
INSERT INTO Translation VALUES(80,85,84,0);
INSERT INTO Translation VALUES(81,86,85,0);
INSERT INTO Translation VALUES(82,87,86,0);
INSERT INTO Translation VALUES(83,88,87,0);
INSERT INTO Translation VALUES(84,89,88,0);
INSERT INTO Translation VALUES(85,92,91,0);
INSERT INTO Translation VALUES(86,93,92,0);
INSERT INTO Translation VALUES(87,94,93,0);
INSERT INTO Translation VALUES(88,95,94,0);
INSERT INTO Translation VALUES(89,96,95,0);
INSERT INTO Translation VALUES(90,97,96,0);
INSERT INTO Translation VALUES(91,98,97,0);
INSERT INTO Translation VALUES(92,99,98,0);
INSERT INTO Translation VALUES(93,100,99,0);
INSERT INTO Translation VALUES(94,102,101,0);
INSERT INTO Translation VALUES(95,103,102,0);
INSERT INTO Translation VALUES(96,104,103,0);
INSERT INTO Translation VALUES(97,105,104,0);
INSERT INTO Translation VALUES(98,105,105,1);
INSERT INTO Translation VALUES(99,106,106,0);
INSERT INTO Translation VALUES(100,106,107,0);
INSERT INTO Translation VALUES(101,107,108,0);
INSERT INTO Translation VALUES(102,107,109,0);
INSERT INTO Translation VALUES(103,107,110,0);
INSERT INTO Translation VALUES(104,107,111,0);
INSERT INTO Translation VALUES(105,108,112,0);
INSERT INTO Translation VALUES(106,108,113,0);
INSERT INTO Translation VALUES(107,108,114,0);
INSERT INTO Translation VALUES(108,109,115,0);
INSERT INTO Translation VALUES(109,109,116,0);
INSERT INTO Translation VALUES(110,110,118,1);
INSERT INTO Translation VALUES(111,111,119,0);
INSERT INTO Translation VALUES(112,111,120,0);
INSERT INTO Translation VALUES(113,112,121,0);
INSERT INTO Translation VALUES(114,113,122,0);
INSERT INTO Translation VALUES(115,114,123,0);
INSERT INTO Translation VALUES(116,115,124,0);
INSERT INTO Translation VALUES(117,116,125,0);
INSERT INTO Translation VALUES(118,117,126,0);
INSERT INTO Translation VALUES(119,119,128,0);
INSERT INTO Translation VALUES(120,120,129,0);
INSERT INTO Translation VALUES(121,121,130,0);
INSERT INTO Translation VALUES(122,122,131,0);
INSERT INTO Translation VALUES(123,123,132,0);
INSERT INTO Translation VALUES(124,124,133,0);
INSERT INTO Translation VALUES(125,125,134,0);
INSERT INTO Translation VALUES(126,126,135,0);
INSERT INTO Translation VALUES(127,127,136,0);
INSERT INTO Translation VALUES(128,128,137,0);
INSERT INTO Translation VALUES(129,25,138,1);
INSERT INTO Translation VALUES(130,130,139,0);
INSERT INTO Translation VALUES(131,129,140,0);
INSERT INTO Translation VALUES(132,131,141,0);
INSERT INTO Translation VALUES(133,67,142,0);
INSERT INTO Translation VALUES(134,39,143,1);
INSERT INTO Translation VALUES(135,38,144,1);
INSERT INTO Translation VALUES(136,132,145,1);
INSERT INTO Translation VALUES(137,133,146,1);
INSERT INTO Translation VALUES(138,134,147,1);
INSERT INTO Translation VALUES(139,135,148,1);
INSERT INTO Translation VALUES(140,136,149,1);
INSERT INTO Translation VALUES(141,137,150,1);
INSERT INTO Translation VALUES(142,138,151,1);
INSERT INTO Translation VALUES(143,139,152,1);
INSERT INTO Translation VALUES(144,81,154,0);
INSERT INTO Translation VALUES(145,82,155,0);
INSERT INTO Translation VALUES(146,83,156,0);
INSERT INTO Translation VALUES(147,140,157,0);
INSERT INTO Translation VALUES(148,141,158,0);
INSERT INTO Translation VALUES(149,142,159,0);
INSERT INTO Translation VALUES(150,143,160,0);
INSERT INTO Translation VALUES(151,144,161,0);
INSERT INTO Translation VALUES(152,145,162,0);
INSERT INTO Translation VALUES(153,146,163,0);
INSERT INTO Translation VALUES(154,147,164,0);
INSERT INTO Translation VALUES(155,148,165,0);
INSERT INTO Translation VALUES(156,149,166,0);
INSERT INTO Translation VALUES(157,150,167,0);
INSERT INTO Translation VALUES(158,151,168,0);
INSERT INTO Translation VALUES(159,150,169,0);
INSERT INTO Translation VALUES(160,152,170,1);
INSERT INTO Translation VALUES(161,152,171,1);
INSERT INTO Translation VALUES(162,153,172,1);
INSERT INTO Translation VALUES(163,154,173,1);
INSERT INTO Translation VALUES(164,155,174,0);
INSERT INTO Translation VALUES(165,155,175,0);
INSERT INTO Translation VALUES(166,155,176,0);
INSERT INTO Translation VALUES(167,156,177,1);
INSERT INTO Translation VALUES(168,157,178,0);
INSERT INTO Translation VALUES(169,158,179,1);
INSERT INTO Translation VALUES(170,159,180,1);
INSERT INTO Translation VALUES(171,160,181,0);
INSERT INTO Translation VALUES(172,161,182,0);
INSERT INTO Translation VALUES(173,162,183,0);
INSERT INTO Translation VALUES(174,163,184,0);
INSERT INTO Translation VALUES(175,164,185,0);
INSERT INTO Translation VALUES(176,165,186,0);
INSERT INTO Translation VALUES(177,166,187,0);
INSERT INTO Translation VALUES(178,167,188,0);
INSERT INTO Translation VALUES(179,168,189,0);
INSERT INTO Translation VALUES(180,169,190,0);
INSERT INTO Translation VALUES(181,170,191,0);
INSERT INTO Translation VALUES(182,170,192,0);
INSERT INTO Translation VALUES(183,171,193,1);
INSERT INTO Translation VALUES(184,172,194,1);
INSERT INTO Translation VALUES(185,173,195,1);
INSERT INTO Translation VALUES(186,174,196,1);
INSERT INTO Translation VALUES(187,175,197,1);
INSERT INTO Translation VALUES(188,176,198,1);
INSERT INTO Translation VALUES(189,177,199,1);
INSERT INTO Translation VALUES(190,178,200,0);
INSERT INTO Translation VALUES(191,179,201,0);
INSERT INTO Translation VALUES(192,180,202,0);
INSERT INTO Translation VALUES(193,181,203,1);
INSERT INTO Translation VALUES(194,182,204,0);
INSERT INTO Translation VALUES(195,183,205,0);
INSERT INTO Translation VALUES(196,183,206,0);
INSERT INTO Translation VALUES(197,184,207,1);
INSERT INTO Translation VALUES(198,185,208,1);
INSERT INTO Translation VALUES(199,186,209,0);
INSERT INTO Translation VALUES(200,187,210,0);
INSERT INTO Translation VALUES(201,188,211,0);
INSERT INTO Translation VALUES(202,189,212,0);
INSERT INTO Translation VALUES(203,190,213,0);
INSERT INTO Translation VALUES(204,191,214,0);
INSERT INTO Translation VALUES(205,192,215,0);
INSERT INTO Translation VALUES(206,193,216,0);
INSERT INTO Translation VALUES(207,194,217,0);
INSERT INTO Translation VALUES(208,195,218,0);
INSERT INTO Translation VALUES(209,195,219,0);
INSERT INTO Translation VALUES(210,196,220,0);
INSERT INTO Translation VALUES(211,197,221,0);
INSERT INTO Translation VALUES(212,198,222,0);
INSERT INTO Translation VALUES(213,199,223,0);
INSERT INTO Translation VALUES(214,200,224,1);
INSERT INTO Translation VALUES(215,201,225,0);
INSERT INTO Translation VALUES(216,201,226,0);
INSERT INTO Translation VALUES(217,203,227,0);
INSERT INTO Translation VALUES(218,204,228,1);
INSERT INTO Translation VALUES(219,205,229,1);
INSERT INTO Translation VALUES(220,206,230,0);
INSERT INTO Translation VALUES(221,207,231,1);
INSERT INTO Translation VALUES(222,208,232,1);
INSERT INTO Translation VALUES(223,209,233,0);
INSERT INTO Translation VALUES(224,210,234,0);
INSERT INTO Translation VALUES(225,211,235,0);
INSERT INTO Translation VALUES(226,212,236,0);
INSERT INTO Translation VALUES(227,212,237,0);
INSERT INTO Translation VALUES(228,214,238,0);
INSERT INTO Translation VALUES(229,215,239,0);
INSERT INTO Translation VALUES(230,216,240,0);
INSERT INTO Translation VALUES(231,217,241,0);
INSERT INTO Translation VALUES(232,218,242,0);
INSERT INTO Translation VALUES(233,219,243,0);
INSERT INTO Translation VALUES(234,220,244,0);
INSERT INTO Translation VALUES(235,220,245,0);
INSERT INTO Translation VALUES(236,222,246,0);
INSERT INTO Translation VALUES(237,20,247,0);
INSERT INTO Translation VALUES(238,21,248,0);
INSERT INTO Translation VALUES(239,22,249,0);
INSERT INTO Translation VALUES(240,449,250,0);
INSERT INTO Translation VALUES(241,24,251,0);
INSERT INTO Translation VALUES(242,25,252,0);
INSERT INTO Translation VALUES(243,25,253,0);
INSERT INTO Translation VALUES(244,26,254,0);
INSERT INTO Translation VALUES(245,27,255,0);
INSERT INTO Translation VALUES(246,29,257,0);
INSERT INTO Translation VALUES(247,30,258,0);
INSERT INTO Translation VALUES(248,31,259,0);
INSERT INTO Translation VALUES(249,223,260,1);
INSERT INTO Translation VALUES(250,224,261,1);
INSERT INTO Translation VALUES(251,224,262,1);
INSERT INTO Translation VALUES(252,225,263,0);
INSERT INTO Translation VALUES(253,226,264,0);
INSERT INTO Translation VALUES(254,227,265,0);
INSERT INTO Translation VALUES(255,227,266,0);
INSERT INTO Translation VALUES(256,229,267,1);
INSERT INTO Translation VALUES(257,230,268,0);
INSERT INTO Translation VALUES(258,231,269,1);
INSERT INTO Translation VALUES(259,232,270,0);
INSERT INTO Translation VALUES(260,233,271,0);
INSERT INTO Translation VALUES(261,234,272,1);
INSERT INTO Translation VALUES(262,236,274,1);
INSERT INTO Translation VALUES(263,237,275,0);
INSERT INTO Translation VALUES(264,238,276,0);
INSERT INTO Translation VALUES(265,239,277,0);
INSERT INTO Translation VALUES(266,240,278,0);
INSERT INTO Translation VALUES(267,241,279,0);
INSERT INTO Translation VALUES(268,242,280,0);
INSERT INTO Translation VALUES(269,243,281,1);
INSERT INTO Translation VALUES(270,244,282,0);
INSERT INTO Translation VALUES(271,245,283,0);
INSERT INTO Translation VALUES(272,246,284,1);
INSERT INTO Translation VALUES(273,247,285,1);
INSERT INTO Translation VALUES(274,248,286,1);
INSERT INTO Translation VALUES(275,249,287,0);
INSERT INTO Translation VALUES(276,250,288,0);
INSERT INTO Translation VALUES(277,251,289,0);
INSERT INTO Translation VALUES(278,252,290,0);
INSERT INTO Translation VALUES(279,253,291,0);
INSERT INTO Translation VALUES(280,254,292,1);
INSERT INTO Translation VALUES(281,255,293,0);
INSERT INTO Translation VALUES(282,256,294,0);
INSERT INTO Translation VALUES(283,257,295,1);
INSERT INTO Translation VALUES(284,258,296,1);
INSERT INTO Translation VALUES(285,259,297,1);
INSERT INTO Translation VALUES(286,260,298,0);
INSERT INTO Translation VALUES(287,261,299,1);
INSERT INTO Translation VALUES(288,262,300,1);
INSERT INTO Translation VALUES(289,263,301,1);
INSERT INTO Translation VALUES(290,264,302,0);
INSERT INTO Translation VALUES(291,265,303,1);
INSERT INTO Translation VALUES(292,266,304,0);
INSERT INTO Translation VALUES(293,267,305,0);
INSERT INTO Translation VALUES(294,268,306,0);
INSERT INTO Translation VALUES(295,269,307,0);
INSERT INTO Translation VALUES(296,270,308,1);
INSERT INTO Translation VALUES(297,271,309,0);
INSERT INTO Translation VALUES(298,239,310,0);
INSERT INTO Translation VALUES(299,273,311,0);
INSERT INTO Translation VALUES(300,274,312,0);
INSERT INTO Translation VALUES(301,274,313,0);
INSERT INTO Translation VALUES(302,274,314,0);
INSERT INTO Translation VALUES(303,275,315,0);
INSERT INTO Translation VALUES(304,276,316,0);
INSERT INTO Translation VALUES(305,277,317,0);
INSERT INTO Translation VALUES(306,278,318,0);
INSERT INTO Translation VALUES(307,279,319,0);
INSERT INTO Translation VALUES(308,280,320,0);
INSERT INTO Translation VALUES(309,281,321,0);
INSERT INTO Translation VALUES(310,282,322,0);
INSERT INTO Translation VALUES(311,283,323,0);
INSERT INTO Translation VALUES(312,284,324,0);
INSERT INTO Translation VALUES(313,285,325,0);
INSERT INTO Translation VALUES(314,286,326,0);
INSERT INTO Translation VALUES(315,287,327,1);
INSERT INTO Translation VALUES(316,288,328,0);
INSERT INTO Translation VALUES(317,289,329,0);
INSERT INTO Translation VALUES(318,290,330,0);
INSERT INTO Translation VALUES(319,291,331,0);
INSERT INTO Translation VALUES(320,292,332,0);
INSERT INTO Translation VALUES(321,293,333,0);
INSERT INTO Translation VALUES(322,294,334,0);
INSERT INTO Translation VALUES(323,294,335,0);
INSERT INTO Translation VALUES(324,295,336,1);
INSERT INTO Translation VALUES(325,296,337,0);
INSERT INTO Translation VALUES(326,297,338,0);
INSERT INTO Translation VALUES(327,298,339,0);
INSERT INTO Translation VALUES(328,299,340,0);
INSERT INTO Translation VALUES(329,300,341,1);
INSERT INTO Translation VALUES(330,301,342,0);
INSERT INTO Translation VALUES(331,302,343,0);
INSERT INTO Translation VALUES(332,303,344,0);
INSERT INTO Translation VALUES(333,304,345,1);
INSERT INTO Translation VALUES(334,305,346,0);
INSERT INTO Translation VALUES(335,306,347,0);
INSERT INTO Translation VALUES(336,307,348,0);
INSERT INTO Translation VALUES(337,308,349,1);
INSERT INTO Translation VALUES(338,309,350,0);
INSERT INTO Translation VALUES(339,310,351,0);
INSERT INTO Translation VALUES(340,311,352,0);
INSERT INTO Translation VALUES(341,312,353,0);
INSERT INTO Translation VALUES(342,313,354,0);
INSERT INTO Translation VALUES(343,314,355,0);
INSERT INTO Translation VALUES(344,315,356,0);
INSERT INTO Translation VALUES(345,316,357,1);
INSERT INTO Translation VALUES(346,316,358,1);
INSERT INTO Translation VALUES(347,317,359,1);
INSERT INTO Translation VALUES(348,318,360,0);
INSERT INTO Translation VALUES(349,319,361,0);
INSERT INTO Translation VALUES(350,321,362,0);
INSERT INTO Translation VALUES(351,320,363,0);
INSERT INTO Translation VALUES(352,321,364,0);
INSERT INTO Translation VALUES(353,322,365,1);
INSERT INTO Translation VALUES(354,323,366,0);
INSERT INTO Translation VALUES(355,324,367,0);
INSERT INTO Translation VALUES(356,325,368,0);
INSERT INTO Translation VALUES(357,326,369,0);
INSERT INTO Translation VALUES(358,327,370,0);
INSERT INTO Translation VALUES(359,328,371,0);
INSERT INTO Translation VALUES(360,329,372,0);
INSERT INTO Translation VALUES(361,330,373,0);
INSERT INTO Translation VALUES(362,331,374,0);
INSERT INTO Translation VALUES(363,332,375,0);
INSERT INTO Translation VALUES(364,297,376,0);
INSERT INTO Translation VALUES(365,333,377,0);
INSERT INTO Translation VALUES(366,334,378,0);
INSERT INTO Translation VALUES(367,335,379,0);
INSERT INTO Translation VALUES(368,336,380,0);
INSERT INTO Translation VALUES(369,337,381,0);
INSERT INTO Translation VALUES(370,338,382,0);
INSERT INTO Translation VALUES(371,339,383,0);
INSERT INTO Translation VALUES(372,340,384,1);
INSERT INTO Translation VALUES(373,341,385,0);
INSERT INTO Translation VALUES(374,342,386,1);
INSERT INTO Translation VALUES(375,343,387,0);
INSERT INTO Translation VALUES(376,344,388,0);
INSERT INTO Translation VALUES(377,345,389,0);
INSERT INTO Translation VALUES(378,346,390,0);
INSERT INTO Translation VALUES(379,347,391,0);
INSERT INTO Translation VALUES(380,348,392,0);
INSERT INTO Translation VALUES(381,349,393,0);
INSERT INTO Translation VALUES(382,350,392,0);
INSERT INTO Translation VALUES(383,351,395,0);
INSERT INTO Translation VALUES(384,352,396,0);
INSERT INTO Translation VALUES(385,353,397,0);
INSERT INTO Translation VALUES(386,354,398,0);
INSERT INTO Translation VALUES(387,355,399,1);
INSERT INTO Translation VALUES(388,356,400,0);
INSERT INTO Translation VALUES(389,357,401,0);
INSERT INTO Translation VALUES(390,358,402,0);
INSERT INTO Translation VALUES(391,359,403,0);
INSERT INTO Translation VALUES(392,360,404,1);
INSERT INTO Translation VALUES(393,361,405,0);
INSERT INTO Translation VALUES(394,362,406,0);
INSERT INTO Translation VALUES(395,363,407,0);
INSERT INTO Translation VALUES(396,364,408,0);
INSERT INTO Translation VALUES(397,365,409,0);
INSERT INTO Translation VALUES(398,366,410,1);
INSERT INTO Translation VALUES(399,108,411,0);
INSERT INTO Translation VALUES(400,367,413,0);
INSERT INTO Translation VALUES(401,110,414,0);
INSERT INTO Translation VALUES(402,368,415,0);
INSERT INTO Translation VALUES(403,369,416,0);
INSERT INTO Translation VALUES(404,370,417,0);
INSERT INTO Translation VALUES(405,371,418,0);
INSERT INTO Translation VALUES(406,372,419,0);
INSERT INTO Translation VALUES(407,373,420,0);
INSERT INTO Translation VALUES(408,374,421,0);
INSERT INTO Translation VALUES(409,375,422,0);
INSERT INTO Translation VALUES(410,376,423,0);
INSERT INTO Translation VALUES(411,377,424,0);
INSERT INTO Translation VALUES(412,378,425,0);
INSERT INTO Translation VALUES(413,379,426,0);
INSERT INTO Translation VALUES(414,380,427,0);
INSERT INTO Translation VALUES(415,381,428,0);
INSERT INTO Translation VALUES(416,382,429,0);
INSERT INTO Translation VALUES(417,383,430,0);
INSERT INTO Translation VALUES(418,384,431,0);
INSERT INTO Translation VALUES(419,385,432,0);
INSERT INTO Translation VALUES(420,386,433,0);
INSERT INTO Translation VALUES(421,387,434,0);
INSERT INTO Translation VALUES(422,388,435,0);
INSERT INTO Translation VALUES(423,389,436,0);
INSERT INTO Translation VALUES(424,390,437,0);
INSERT INTO Translation VALUES(425,391,438,0);
INSERT INTO Translation VALUES(426,392,439,0);
INSERT INTO Translation VALUES(427,393,440,0);
INSERT INTO Translation VALUES(428,394,441,0);
INSERT INTO Translation VALUES(429,395,442,0);
INSERT INTO Translation VALUES(430,396,443,0);
INSERT INTO Translation VALUES(431,397,444,0);
INSERT INTO Translation VALUES(432,397,445,0);
INSERT INTO Translation VALUES(433,398,446,0);
INSERT INTO Translation VALUES(434,399,447,0);
INSERT INTO Translation VALUES(435,400,448,0);
INSERT INTO Translation VALUES(436,401,449,0);
INSERT INTO Translation VALUES(437,402,450,0);
INSERT INTO Translation VALUES(438,404,452,0);
INSERT INTO Translation VALUES(439,405,453,0);
INSERT INTO Translation VALUES(440,406,454,0);
INSERT INTO Translation VALUES(441,403,455,0);
INSERT INTO Translation VALUES(442,407,456,0);
INSERT INTO Translation VALUES(443,408,375,0);
INSERT INTO Translation VALUES(444,409,458,0);
INSERT INTO Translation VALUES(445,410,459,1);
INSERT INTO Translation VALUES(446,411,460,0);
INSERT INTO Translation VALUES(447,412,461,0);
INSERT INTO Translation VALUES(448,413,462,0);
INSERT INTO Translation VALUES(449,414,463,0);
INSERT INTO Translation VALUES(450,415,464,0);
INSERT INTO Translation VALUES(451,416,465,0);
INSERT INTO Translation VALUES(452,417,466,0);
INSERT INTO Translation VALUES(453,418,467,0);
INSERT INTO Translation VALUES(454,419,468,0);
INSERT INTO Translation VALUES(455,420,469,1);
INSERT INTO Translation VALUES(456,421,470,0);
INSERT INTO Translation VALUES(457,422,471,1);
INSERT INTO Translation VALUES(458,423,472,0);
INSERT INTO Translation VALUES(459,40,473,0);
INSERT INTO Translation VALUES(460,424,474,0);
INSERT INTO Translation VALUES(461,425,475,0);
INSERT INTO Translation VALUES(462,426,476,0);
INSERT INTO Translation VALUES(463,427,477,1);
INSERT INTO Translation VALUES(464,428,478,0);
INSERT INTO Translation VALUES(465,429,479,0);
INSERT INTO Translation VALUES(466,430,480,0);
INSERT INTO Translation VALUES(467,431,481,0);
INSERT INTO Translation VALUES(468,429,482,1);
INSERT INTO Translation VALUES(469,432,483,0);
INSERT INTO Translation VALUES(470,28,485,0);
INSERT INTO Translation VALUES(471,30,486,0);
INSERT INTO Translation VALUES(472,27,487,0);
INSERT INTO Translation VALUES(473,433,488,0);
INSERT INTO Translation VALUES(474,434,489,0);
INSERT INTO Translation VALUES(475,435,491,0);
INSERT INTO Translation VALUES(476,436,492,0);
INSERT INTO Translation VALUES(477,38,493,0);
INSERT INTO Translation VALUES(478,39,494,0);
INSERT INTO Translation VALUES(479,437,495,0);
INSERT INTO Translation VALUES(480,12,496,0);
INSERT INTO Translation VALUES(481,438,497,0);
INSERT INTO Translation VALUES(482,439,498,0);
INSERT INTO Translation VALUES(483,440,499,0);
INSERT INTO Translation VALUES(484,18,500,1);
INSERT INTO Translation VALUES(485,91,502,0);
INSERT INTO Translation VALUES(486,80,503,0);
INSERT INTO Translation VALUES(487,80,504,0);
INSERT INTO Translation VALUES(488,91,505,0);
INSERT INTO Translation VALUES(489,101,506,0);
INSERT INTO Translation VALUES(490,90,507,0);
INSERT INTO Translation VALUES(491,110,508,0);
INSERT INTO Translation VALUES(492,441,509,0);
INSERT INTO Translation VALUES(493,442,510,0);
INSERT INTO Translation VALUES(494,443,511,0);
INSERT INTO Translation VALUES(495,444,511,0);
INSERT INTO Translation VALUES(496,444,513,0);
INSERT INTO Translation VALUES(497,445,514,0);
INSERT INTO Translation VALUES(498,446,515,0);
INSERT INTO Translation VALUES(499,446,516,1);
INSERT INTO Translation VALUES(500,447,517,0);
INSERT INTO Translation VALUES(501,367,518,0);
INSERT INTO Translation VALUES(502,448,519,0);
INSERT INTO Translation VALUES(503,450,520,0);
INSERT INTO Translation VALUES(504,195,521,0);
INSERT INTO Translation VALUES(505,451,522,0);
INSERT INTO Translation VALUES(506,452,523,0);
INSERT INTO Translation VALUES(507,453,524,0);
INSERT INTO Translation VALUES(508,454,525,0);
INSERT INTO Translation VALUES(509,455,526,0);
INSERT INTO Translation VALUES(510,456,527,0);
INSERT INTO Translation VALUES(511,457,528,0);
INSERT INTO Translation VALUES(512,458,529,0);
INSERT INTO Translation VALUES(513,458,530,0);
INSERT INTO Translation VALUES(514,459,531,0);
INSERT INTO Translation VALUES(515,460,532,0);
INSERT INTO Translation VALUES(516,461,533,0);
INSERT INTO Translation VALUES(517,462,534,0);
INSERT INTO Translation VALUES(518,463,535,0);
INSERT INTO Translation VALUES(519,464,536,0);
INSERT INTO Translation VALUES(520,465,537,0);
INSERT INTO Translation VALUES(521,466,538,0);
INSERT INTO Translation VALUES(522,467,539,0);
INSERT INTO Translation VALUES(523,468,54,0);
INSERT INTO Translation VALUES(524,469,541,0);
INSERT INTO Translation VALUES(525,470,542,0);
INSERT INTO Translation VALUES(526,471,543,0);
INSERT INTO Translation VALUES(527,472,544,0);
INSERT INTO Translation VALUES(528,473,545,1);
INSERT INTO Translation VALUES(529,474,545,1);
INSERT INTO Translation VALUES(530,475,547,0);
INSERT INTO Translation VALUES(531,475,548,0);
INSERT INTO Translation VALUES(532,476,549,0);
INSERT INTO Translation VALUES(533,477,550,0);
INSERT INTO Translation VALUES(534,477,551,0);
INSERT INTO Translation VALUES(535,478,552,0);
INSERT INTO Translation VALUES(536,479,553,0);
INSERT INTO Translation VALUES(537,480,554,0);
INSERT INTO Translation VALUES(538,481,555,0);
INSERT INTO Translation VALUES(539,482,556,0);
INSERT INTO Translation VALUES(540,483,557,1);
INSERT INTO Translation VALUES(541,484,356,0);
INSERT INTO Translation VALUES(542,485,559,0);
INSERT INTO Translation VALUES(543,486,560,0);
INSERT INTO Translation VALUES(544,487,561,0);
INSERT INTO Translation VALUES(545,488,562,0);
INSERT INTO Translation VALUES(546,489,563,0);
INSERT INTO Translation VALUES(547,490,564,0);
INSERT INTO Translation VALUES(548,491,565,0);
INSERT INTO Translation VALUES(549,492,566,1);
INSERT INTO Translation VALUES(550,493,365,1);
INSERT INTO Translation VALUES(551,494,568,1);
INSERT INTO Translation VALUES(552,495,569,0);
INSERT INTO Translation VALUES(555,498,572,0);
INSERT INTO Translation VALUES(556,499,573,0);
INSERT INTO Translation VALUES(557,500,574,0);
INSERT INTO Translation VALUES(558,501,575,0);
INSERT INTO Translation VALUES(559,502,576,0);
INSERT INTO Translation VALUES(560,503,577,0);
INSERT INTO Translation VALUES(561,504,578,0);
INSERT INTO Translation VALUES(562,505,579,0);
INSERT INTO Translation VALUES(563,506,580,0);
INSERT INTO Translation VALUES(564,507,581,0);
INSERT INTO Translation VALUES(565,508,582,0);
INSERT INTO Translation VALUES(566,509,583,0);
INSERT INTO Translation VALUES(567,510,584,1);
INSERT INTO Translation VALUES(568,511,585,0);
INSERT INTO Translation VALUES(569,512,586,0);
INSERT INTO Translation VALUES(570,513,587,0);
INSERT INTO Translation VALUES(571,514,588,0);
INSERT INTO Translation VALUES(572,515,589,0);
INSERT INTO Translation VALUES(573,516,590,0);
INSERT INTO Translation VALUES(574,517,590,0);
INSERT INTO Translation VALUES(575,514,592,1);
INSERT INTO Translation VALUES(576,518,593,0);
INSERT INTO Translation VALUES(577,519,594,0);
INSERT INTO Translation VALUES(578,520,595,0);
INSERT INTO Translation VALUES(579,521,596,1);
INSERT INTO Translation VALUES(580,492,361,1);
INSERT INTO Translation VALUES(581,522,598,1);
INSERT INTO Translation VALUES(582,523,599,0);
INSERT INTO Translation VALUES(583,534,120,0);
INSERT INTO Translation VALUES(584,524,601,0);
INSERT INTO Translation VALUES(585,525,602,1);
INSERT INTO Translation VALUES(586,359,603,0);
INSERT INTO Translation VALUES(587,526,604,0);
INSERT INTO Translation VALUES(588,527,605,0);
INSERT INTO Translation VALUES(589,528,606,0);
INSERT INTO Translation VALUES(590,535,607,0);
INSERT INTO Translation VALUES(591,530,608,0);
INSERT INTO Translation VALUES(592,531,609,1);
INSERT INTO Translation VALUES(593,531,610,0);
INSERT INTO Translation VALUES(594,532,611,0);
INSERT INTO Translation VALUES(595,533,612,0);
INSERT INTO Translation VALUES(596,536,613,0);
INSERT INTO Translation VALUES(597,537,614,0);
INSERT INTO Translation VALUES(598,538,615,0);
INSERT INTO Translation VALUES(599,539,616,0);
INSERT INTO Translation VALUES(600,540,617,0);
INSERT INTO Translation VALUES(601,541,617,0);
INSERT INTO Translation VALUES(602,542,618,0);
INSERT INTO Translation VALUES(603,543,619,0);
INSERT INTO Translation VALUES(604,NULL,620,0);
INSERT INTO Translation VALUES(605,NULL,621,0);
INSERT INTO Translation VALUES(606,NULL,622,0);
INSERT INTO Translation VALUES(607,544,623,0);
INSERT INTO Translation VALUES(608,545,624,0);
CREATE TABLE IF NOT EXISTS "Teochew" (
    id         integer primary key,
    pengim     text,
    chinese    text,
    no_tone_change boolean default 0
);
INSERT INTO Teochew VALUES(1,'leu2 ho2','汝好',0);
INSERT INTO Teochew VALUES(2,'joi7 sia7','㩼谢',0);
INSERT INTO Teochew VALUES(3,'dui32 m67 ju6','对唔住',0);
INSERT INTO Teochew VALUES(4,'mo26 i32 seu1','孬意思',0);
INSERT INTO Teochew VALUES(6,'jek8','一',0);
INSERT INTO Teochew VALUES(7,'no6','二',0);
INSERT INTO Teochew VALUES(8,'san1','三',0);
INSERT INTO Teochew VALUES(9,'si3','四',0);
INSERT INTO Teochew VALUES(10,'ngou6','五',0);
INSERT INTO Teochew VALUES(11,'lak8','六',0);
INSERT INTO Teochew VALUES(13,'boih4','八',0);
INSERT INTO Teochew VALUES(14,'gao2','九',0);
INSERT INTO Teochew VALUES(15,'jap8','十',0);
INSERT INTO Teochew VALUES(16,'kang3','空',0);
INSERT INTO Teochew VALUES(17,'yi6','二',0);
INSERT INTO Teochew VALUES(19,'sek4','色',0);
INSERT INTO Teochew VALUES(20,'ou1','乌',0);
INSERT INTO Teochew VALUES(21,'beh8','白',0);
INSERT INTO Teochew VALUES(22,'ang5','红',0);
INSERT INTO Teochew VALUES(23,'gan1','柑',0);
INSERT INTO Teochew VALUES(24,'eung5','黄',0);
INSERT INTO Teochew VALUES(25,'chen1','青',0);
INSERT INTO Teochew VALUES(26,'nam5','蓝',0);
INSERT INTO Teochew VALUES(27,'ji2','紫',0);
INSERT INTO Teochew VALUES(29,'gim1','金',0);
INSERT INTO Teochew VALUES(30,'hui1','灰',0);
INSERT INTO Teochew VALUES(31,'hung26 ang5','粉红',0);
INSERT INTO Teochew VALUES(32,'ua2','我',1);
INSERT INTO Teochew VALUES(33,'leu2','汝',1);
INSERT INTO Teochew VALUES(34,'i1','伊',0);
INSERT INTO Teochew VALUES(35,'nang2','俺',0);
INSERT INTO Teochew VALUES(36,'i1 nang7','伊人',0);
INSERT INTO Teochew VALUES(37,'nang7','人',0);
INSERT INTO Teochew VALUES(38,'ba1','爸',0);
INSERT INTO Teochew VALUES(39,'ma5','妈',0);
INSERT INTO Teochew VALUES(40,'gian2','囝',0);
INSERT INTO Teochew VALUES(41,'hian1','兄',0);
INSERT INTO Teochew VALUES(42,'di6','弟',0);
INSERT INTO Teochew VALUES(43,'je2','姐',0);
INSERT INTO Teochew VALUES(44,'mue6','妹',0);
INSERT INTO Teochew VALUES(45,'ang1','翁',0);
INSERT INTO Teochew VALUES(46,'bhou2','母',0);
INSERT INTO Teochew VALUES(47,'ma2','妈',0);
INSERT INTO Teochew VALUES(48,'gong1','公',0);
INSERT INTO Teochew VALUES(49,'lai67 ma2','内妈',0);
INSERT INTO Teochew VALUES(50,'ghua7 ma2','外妈',0);
INSERT INTO Teochew VALUES(51,'lai67 gong1','内公',0);
INSERT INTO Teochew VALUES(52,'ghua7 gong1','外公',0);
INSERT INTO Teochew VALUES(53,'tang5','堂',0);
INSERT INTO Teochew VALUES(54,'bio2','表',0);
INSERT INTO Teochew VALUES(55,'sung1','孙',0);
INSERT INTO Teochew VALUES(56,'beh4','伯',0);
INSERT INTO Teochew VALUES(57,'jek4','叔',0);
INSERT INTO Teochew VALUES(58,'sim2','婶',0);
INSERT INTO Teochew VALUES(59,'m2','姆',0);
INSERT INTO Teochew VALUES(60,'gou1','姑',0);
INSERT INTO Teochew VALUES(61,'dion6','丈',0);
INSERT INTO Teochew VALUES(62,'i5','姨',0);
INSERT INTO Teochew VALUES(64,'gu6','舅',0);
INSERT INTO Teochew VALUES(65,'gim6','妗',0);
INSERT INTO Teochew VALUES(66,'ching1 chek4','亲戚',0);
INSERT INTO Teochew VALUES(67,'diang67 si6','电视',0);
INSERT INTO Teochew VALUES(68,'diang67 nao2','电脑',0);
INSERT INTO Teochew VALUES(69,'diang67 ue7','电话',0);
INSERT INTO Teochew VALUES(70,'jap84 ik4','十一',0);
INSERT INTO Teochew VALUES(71,'jap84 yi6','十二',0);
INSERT INTO Teochew VALUES(72,'diam2','点',0);
INSERT INTO Teochew VALUES(73,'buan3','半',0);
INSERT INTO Teochew VALUES(74,'dah4','搭',0);
INSERT INTO Teochew VALUES(75,'e67 gua3','下旰',0);
INSERT INTO Teochew VALUES(76,'yik84 dao3','日昼',0);
INSERT INTO Teochew VALUES(77,'buan32 me5','半暝',0);
INSERT INTO Teochew VALUES(78,'me57 heung1 gian2','暝昏囝',0);
INSERT INTO Teochew VALUES(80,'loi26 bai3','礼拜',0);
INSERT INTO Teochew VALUES(81,'ghueh8','月',0);
INSERT INTO Teochew VALUES(82,'ni5','年',0);
INSERT INTO Teochew VALUES(83,'loi26 bai32 ik4','礼拜一',0);
INSERT INTO Teochew VALUES(84,'loi26 bai32 yi6','礼拜二',0);
INSERT INTO Teochew VALUES(85,'loi26 bai32 san1','礼拜三',0);
INSERT INTO Teochew VALUES(86,'loi26 bai32 si3','礼拜四',0);
INSERT INTO Teochew VALUES(87,'loi26 bai32 ngou6','礼拜五',0);
INSERT INTO Teochew VALUES(88,'loi26 bai32 lak8','礼拜六',0);
INSERT INTO Teochew VALUES(91,'yi67 ghueh84','二月',0);
INSERT INTO Teochew VALUES(92,'san1 ghueh84','三月',0);
INSERT INTO Teochew VALUES(93,'si32 ghueh84','四月',0);
INSERT INTO Teochew VALUES(94,'ngou67 ghueh84','五月',0);
INSERT INTO Teochew VALUES(95,'lak84 ghueh84','六月',0);
INSERT INTO Teochew VALUES(96,'chik48 ghueh84','七月',0);
INSERT INTO Teochew VALUES(97,'boih48 ghueh84','八月',0);
INSERT INTO Teochew VALUES(98,'gao26 ghueh84','九月',0);
INSERT INTO Teochew VALUES(99,'jap84 ghueh84','十月',0);
INSERT INTO Teochew VALUES(101,'jap84 yi67 ghueh84','十二月',0);
INSERT INTO Teochew VALUES(102,'soi3','细',0);
INSERT INTO Teochew VALUES(103,'dua7','大',0);
INSERT INTO Teochew VALUES(104,'da1 bou1 gian2','丈夫囝',0);
INSERT INTO Teochew VALUES(105,'dao1 gian2','逗囝',0);
INSERT INTO Teochew VALUES(106,'ja1 bhou26 gian2','㜁𡚸囝',0);
INSERT INTO Teochew VALUES(107,'jao26 gian2','走囝',0);
INSERT INTO Teochew VALUES(108,'meung57 ki26 ja2','眠起早',0);
INSERT INTO Teochew VALUES(109,'meung57 ki2','眠起',0);
INSERT INTO Teochew VALUES(110,'meung57 ja2','眠早',0);
INSERT INTO Teochew VALUES(111,'me26 ja2','猛早',0);
INSERT INTO Teochew VALUES(112,'mua32 ki2','明起',0);
INSERT INTO Teochew VALUES(113,'ma32 ki2','明起',0);
INSERT INTO Teochew VALUES(114,'ma32 yik8','明日',0);
INSERT INTO Teochew VALUES(115,'ja1 yik8','昨日',0);
INSERT INTO Teochew VALUES(116,'jao1 yik8','昨日',0);
INSERT INTO Teochew VALUES(118,'gim1 yik8','今日',0);
INSERT INTO Teochew VALUES(119,'chu3','厝',0);
INSERT INTO Teochew VALUES(120,'lai6','内',0);
INSERT INTO Teochew VALUES(121,'gue26 diao5','粿条',0);
INSERT INTO Teochew VALUES(122,'lao6','老',0);
INSERT INTO Teochew VALUES(123,'neung6','卵',0);
INSERT INTO Teochew VALUES(124,'gui3','贵',0);
INSERT INTO Teochew VALUES(125,'pin1','便',0);
INSERT INTO Teochew VALUES(126,'mak8','目',0);
INSERT INTO Teochew VALUES(128,'mih48 gai5','乜个',0);
INSERT INTO Teochew VALUES(129,'chiu2','手',0);
INSERT INTO Teochew VALUES(130,'jui2','水',0);
INSERT INTO Teochew VALUES(131,'dou2 kung3','肚困',0);
INSERT INTO Teochew VALUES(132,'mo5','毛',0);
INSERT INTO Teochew VALUES(133,'ngia2','雅',0);
INSERT INTO Teochew VALUES(134,'keh48 tian1','客厅',0);
INSERT INTO Teochew VALUES(135,'dou57 bang5','厨房',0);
INSERT INTO Teochew VALUES(136,'che32 so2','厕所',0);
INSERT INTO Teochew VALUES(137,'ek84 be5','浴扒',0);
INSERT INTO Teochew VALUES(138,'lek8','绿',0);
INSERT INTO Teochew VALUES(139,'meung5','门',0);
INSERT INTO Teochew VALUES(140,'uk84 bang5','夗房',0);
INSERT INTO Teochew VALUES(141,'bang5','房',0);
INSERT INTO Teochew VALUES(142,'beh4','百',0);
INSERT INTO Teochew VALUES(143,'ma57 ma5','妈妈',0);
INSERT INTO Teochew VALUES(144,'ba57 ba5','爸爸',0);
INSERT INTO Teochew VALUES(145,'tang57 hian1','堂兄',0);
INSERT INTO Teochew VALUES(146,'tang57 di6','堂弟',0);
INSERT INTO Teochew VALUES(147,'tang57 mue6','堂妹',0);
INSERT INTO Teochew VALUES(148,'tang57 je2','堂姐',0);
INSERT INTO Teochew VALUES(149,'bio26 je2','表姐',0);
INSERT INTO Teochew VALUES(150,'bio26 mue6','表妹',0);
INSERT INTO Teochew VALUES(151,'bio26 di6','表弟',0);
INSERT INTO Teochew VALUES(152,'bio26 hian1','表兄',0);
INSERT INTO Teochew VALUES(154,'jek84 loi26 bai3','一礼拜',0);
INSERT INTO Teochew VALUES(155,'jek84 ghueh8','一月',0);
INSERT INTO Teochew VALUES(156,'jek84 ni5','一年',0);
INSERT INTO Teochew VALUES(157,'lao57 tui1','楼梯',0);
INSERT INTO Teochew VALUES(158,'teng1 meung5','窗门',0);
INSERT INTO Teochew VALUES(159,'cheung5','床',0);
INSERT INTO Teochew VALUES(160,'jim26 tao5','枕头',0);
INSERT INTO Teochew VALUES(161,'pue6','被',0);
INSERT INTO Teochew VALUES(162,'seung1 du5','霜橱',0);
INSERT INTO Teochew VALUES(163,'jek84 chain1','一千',0);
INSERT INTO Teochew VALUES(164,'so26 si5','锁匙',0);
INSERT INTO Teochew VALUES(165,'hou67 jia1','雨遮',0);
INSERT INTO Teochew VALUES(166,'ka1 puang5','脚蟠',0);
INSERT INTO Teochew VALUES(167,'in2','椅',0);
INSERT INTO Teochew VALUES(168,'pou1','铺',0);
INSERT INTO Teochew VALUES(169,'gao1 in2','高椅',0);
INSERT INTO Teochew VALUES(170,'chion5','墙',0);
INSERT INTO Teochew VALUES(171,'tou57 chion5','涂墙',0);
INSERT INTO Teochew VALUES(172,'geh4','格',0);
INSERT INTO Teochew VALUES(173,'du5','橱',0);
INSERT INTO Teochew VALUES(174,'liang57 gi1','凉机',0);
INSERT INTO Teochew VALUES(175,'ne26 ki3','冷气',0);
INSERT INTO Teochew VALUES(176,'ne26 ki32 gi1','冷气机',0);
INSERT INTO Teochew VALUES(177,'deng1','灯',0);
INSERT INTO Teochew VALUES(178,'lou5','炉',0);
INSERT INTO Teochew VALUES(179,'chai32 heung5','菜园',0);
INSERT INTO Teochew VALUES(180,'hue1 heung5','花园',0);
INSERT INTO Teochew VALUES(181,'huang1 sin3','风扇',0);
INSERT INTO Teochew VALUES(182,'tou57 e6','涂下',0);
INSERT INTO Teochew VALUES(183,'soi2','洗',0);
INSERT INTO Teochew VALUES(184,'soi26 san1 gi1','洗衫机',0);
INSERT INTO Teochew VALUES(185,'hak84 hao6','学校',0);
INSERT INTO Teochew VALUES(186,'tak84 jeu1','读书',0);
INSERT INTO Teochew VALUES(187,'heu5','鱼',0);
INSERT INTO Teochew VALUES(188,'jeu1 bao1','书包',0);
INSERT INTO Teochew VALUES(189,'geng1 jio1','弓蕉',0);
INSERT INTO Teochew VALUES(190,'ping57 gue2','苹果',0);
INSERT INTO Teochew VALUES(191,'lao67 seu1','老师',0);
INSERT INTO Teochew VALUES(192,'sing1 sen1','先生',0);
INSERT INTO Teochew VALUES(193,'hao67 jiang2','校长',0);
INSERT INTO Teochew VALUES(194,'hak84 seng1','学生',0);
INSERT INTO Teochew VALUES(195,'iun32 jin26 heung5','幼稚园',0);
INSERT INTO Teochew VALUES(196,'siao26 hak8','小学',0);
INSERT INTO Teochew VALUES(197,'cho1 dong1','初中',0);
INSERT INTO Teochew VALUES(198,'gao1 dong1','高中',0);
INSERT INTO Teochew VALUES(199,'dai67 hak8','大学',0);
INSERT INTO Teochew VALUES(200,'bik4','笔',0);
INSERT INTO Teochew VALUES(201,'ing57 bik4','铅笔',0);
INSERT INTO Teochew VALUES(202,'chiu7 ni5','树奶',0);
INSERT INTO Teochew VALUES(203,'chiu7 ni57 yeu2','树泥耳',0);
INSERT INTO Teochew VALUES(204,'jua2','纸',0);
INSERT INTO Teochew VALUES(205,'jeu1','书',0);
INSERT INTO Teochew VALUES(206,'pou6','簿',0);
INSERT INTO Teochew VALUES(207,'geh48 chioh4','格尺',0);
INSERT INTO Teochew VALUES(208,'goi32 seung32 gi1','计算机',0);
INSERT INTO Teochew VALUES(209,'ghu57 ni6','牛奶',0);
INSERT INTO Teochew VALUES(210,'gu1 bi5','咖啡',0);
INSERT INTO Teochew VALUES(211,'de5','茶',0);
INSERT INTO Teochew VALUES(212,'jiu2','酒',0);
INSERT INTO Teochew VALUES(213,'gan1 jap4','柑汁',0);
INSERT INTO Teochew VALUES(214,'bang32 yio7','放尿',0);
INSERT INTO Teochew VALUES(215,'bang32 sai2','放屎',0);
INSERT INTO Teochew VALUES(216,'bang32 pui3','放屁',0);
INSERT INTO Teochew VALUES(217,'jiah8','食',0);
INSERT INTO Teochew VALUES(218,'chi3','试',0);
INSERT INTO Teochew VALUES(219,'chi32 jiah8','试食',0);
INSERT INTO Teochew VALUES(220,'ghu57 bhah4','牛肉',0);
INSERT INTO Teochew VALUES(221,'goi1','鸡',0);
INSERT INTO Teochew VALUES(222,'goi1 bhah4','鸡肉',0);
INSERT INTO Teochew VALUES(223,'deu1 bhah4','猪肉',0);
INSERT INTO Teochew VALUES(224,'chue1 gi1','吹机',0);
INSERT INTO Teochew VALUES(225,'gan1 jui2','柑水',0);
INSERT INTO Teochew VALUES(226,'ki32 jui2','汽水',0);
INSERT INTO Teochew VALUES(227,'ni67 de5','奶茶',0);
INSERT INTO Teochew VALUES(228,'ia57 ji2','椰子',0);
INSERT INTO Teochew VALUES(229,'ia57 ji26 jui2','椰子水',0);
INSERT INTO Teochew VALUES(230,'ja26 chang1','早餐',0);
INSERT INTO Teochew VALUES(231,'dong1 ngou26 chang1','中午餐',0);
INSERT INTO Teochew VALUES(232,'men57 chang1','夜餐',0);
INSERT INTO Teochew VALUES(233,'ah48 bhah4','鸭肉',0);
INSERT INTO Teochew VALUES(234,'bhah48 cho3','肉脞',0);
INSERT INTO Teochew VALUES(235,'bhah48 yong5','肉绒',0);
INSERT INTO Teochew VALUES(236,'guang32 chiang5','灌肠',0);
INSERT INTO Teochew VALUES(237,'lah84 chiang5','腊肠',0);
INSERT INTO Teochew VALUES(238,'hoi6','蟹',0);
INSERT INTO Teochew VALUES(239,'he5','虾',0);
INSERT INTO Teochew VALUES(240,'chai3','菜',0);
INSERT INTO Teochew VALUES(241,'gu26 chai3','韭菜',0);
INSERT INTO Teochew VALUES(242,'dao7 ghe5','豆芽',0);
INSERT INTO Teochew VALUES(243,'dang1 gue1','冬瓜',0);
INSERT INTO Teochew VALUES(244,'ngang5','凝',0);
INSERT INTO Teochew VALUES(245,'liang5','凉',0);
INSERT INTO Teochew VALUES(246,'gio5','茄',0);
INSERT INTO Teochew VALUES(247,'ou1 sek4','乌色',0);
INSERT INTO Teochew VALUES(248,'beh84 sek4','白色',0);
INSERT INTO Teochew VALUES(249,'ang57 sek4','红色',0);
INSERT INTO Teochew VALUES(250,'gan1 sek4','柑色',0);
INSERT INTO Teochew VALUES(251,'eung57 sek4','黄色',0);
INSERT INTO Teochew VALUES(252,'chen1 sek4','青色',0);
INSERT INTO Teochew VALUES(253,'lek84 sek4','绿色',0);
INSERT INTO Teochew VALUES(254,'nam57 sek4','蓝色',0);
INSERT INTO Teochew VALUES(255,'ji26 sek4','紫色',0);
INSERT INTO Teochew VALUES(257,'gim1 sek4','金色',0);
INSERT INTO Teochew VALUES(258,'hui1 sek4','灰色',0);
INSERT INTO Teochew VALUES(259,'hung26 ang57 sek4','粉红色',0);
INSERT INTO Teochew VALUES(260,'ion57 bhah4','羊肉',0);
INSERT INTO Teochew VALUES(261,'hue26 goi1 bhah4','火鸡肉',0);
INSERT INTO Teochew VALUES(262,'ang57 mo57 goi1 bhah4','红毛鸡肉',0);
INSERT INTO Teochew VALUES(263,'ghu57 bhah48 in5','牛肉圆',0);
INSERT INTO Teochew VALUES(264,'bhah48 in5','肉圆',0);
INSERT INTO Teochew VALUES(265,'eung57 iu5','黄油',0);
INSERT INTO Teochew VALUES(266,'ghu57 iu5','牛油',0);
INSERT INTO Teochew VALUES(267,'hai26 chin1','海鲜',0);
INSERT INTO Teochew VALUES(268,'leng57 he5','龙虾',0);
INSERT INTO Teochew VALUES(269,'hai26 dua3','海带',0);
INSERT INTO Teochew VALUES(270,'chao26 gian2','草囝',0);
INSERT INTO Teochew VALUES(271,'gim1 buk48 huang3','金不换',0);
INSERT INTO Teochew VALUES(272,'bo57 ho3','薄荷',0);
INSERT INTO Teochew VALUES(274,'uang57 sui1','芫荽',0);
INSERT INTO Teochew VALUES(275,'chang1','葱',0);
INSERT INTO Teochew VALUES(276,'seung32 tao5','蒜头',0);
INSERT INTO Teochew VALUES(277,'hiam1 jio1','莶椒',0);
INSERT INTO Teochew VALUES(278,'gou1','菇',0);
INSERT INTO Teochew VALUES(279,'bhak84 yeu2','木耳',0);
INSERT INTO Teochew VALUES(280,'dao7','豆',0);
INSERT INTO Teochew VALUES(281,'sai1 ion57 chai3','西洋菜',0);
INSERT INTO Teochew VALUES(282,'pang1 chai3','芳菜',0);
INSERT INTO Teochew VALUES(283,'beh84 chai3','白菜',0);
INSERT INTO Teochew VALUES(284,'bue1 leng57 chai3','菠薐菜',0);
INSERT INTO Teochew VALUES(285,'sung2','笋',0);
INSERT INTO Teochew VALUES(286,'lou57 sung2','芦笋',0);
INSERT INTO Teochew VALUES(287,'ang57 chai32 tao5','红菜头',0);
INSERT INTO Teochew VALUES(288,'tao5','头',0);
INSERT INTO Teochew VALUES(289,'huang1 bheh8','番麦',0);
INSERT INTO Teochew VALUES(290,'kou26 gue1','苦瓜',0);
INSERT INTO Teochew VALUES(291,'ang57 mo57 gio5','红毛茄',0);
INSERT INTO Teochew VALUES(292,'huang1 gue1','番瓜',0);
INSERT INTO Teochew VALUES(293,'ou7','芋',0);
INSERT INTO Teochew VALUES(294,'chen1 gue2','生果',0);
INSERT INTO Teochew VALUES(295,'lai5','梨',0);
INSERT INTO Teochew VALUES(296,'gek4','橘',0);
INSERT INTO Teochew VALUES(297,'pang1 gue1','芳瓜',0);
INSERT INTO Teochew VALUES(298,'tou57 liang5','涂凉',0);
INSERT INTO Teochew VALUES(299,'iu7','柚',0);
INSERT INTO Teochew VALUES(300,'bhak84 gian2','木囝',0);
INSERT INTO Teochew VALUES(301,'bo1 lo57 bhik8','菠萝蜜',0);
INSERT INTO Teochew VALUES(302,'seung1 gan1','酸柑',0);
INSERT INTO Teochew VALUES(303,'sioh84 liu5','石榴',0);
INSERT INTO Teochew VALUES(304,'si1 gue1','西瓜',0);
INSERT INTO Teochew VALUES(305,'ang57 lai5','红梨',0);
INSERT INTO Teochew VALUES(306,'dao7 hu7','豆腐',0);
INSERT INTO Teochew VALUES(307,'diao32 gue1','吊瓜',0);
INSERT INTO Teochew VALUES(308,'gak48 gue1','角瓜',0);
INSERT INTO Teochew VALUES(309,'chai32 tao5','菜头',0);
INSERT INTO Teochew VALUES(310,'hiam1 jio1 gian2','莶椒囝',0);
INSERT INTO Teochew VALUES(311,'ang57 chang1','红葱',0);
INSERT INTO Teochew VALUES(312,'la7 hong5','??',0);
INSERT INTO Teochew VALUES(313,'bhak84 gue1','木瓜',0);
INSERT INTO Teochew VALUES(314,'ni67 gue1','奶瓜',0);
INSERT INTO Teochew VALUES(315,'pu57 do57 jiu2','葡萄酒',0);
INSERT INTO Teochew VALUES(316,'pu57 do5','葡萄',0);
INSERT INTO Teochew VALUES(317,'bhik84 jiu2','蜜酒',0);
INSERT INTO Teochew VALUES(318,'gu26 chai32 gue2','韭菜粿',0);
INSERT INTO Teochew VALUES(319,'yuah8','热',0);
INSERT INTO Teochew VALUES(320,'mian5','名',0);
INSERT INTO Teochew VALUES(321,'di7 diang5','底谁',0);
INSERT INTO Teochew VALUES(322,'diang1 si5','当时',0);
INSERT INTO Teochew VALUES(323,'di7 go3','底块',0);
INSERT INTO Teochew VALUES(324,'jo32 ni5','做呢',0);
INSERT INTO Teochew VALUES(325,'uang2','阮',0);
INSERT INTO Teochew VALUES(326,'tao57 mo5','头毛',0);
INSERT INTO Teochew VALUES(327,'hiah84 tao5','额头',0);
INSERT INTO Teochew VALUES(328,'ming7','面',0);
INSERT INTO Teochew VALUES(329,'mak84 bhai5','目眉',0);
INSERT INTO Teochew VALUES(330,'hin6','耳',0);
INSERT INTO Teochew VALUES(331,'pin7','鼻',0);
INSERT INTO Teochew VALUES(332,'chui3','嘴',0);
INSERT INTO Teochew VALUES(333,'jih8','舌',0);
INSERT INTO Teochew VALUES(334,'ghe5','牙',0);
INSERT INTO Teochew VALUES(335,'ki2','齿',0);
INSERT INTO Teochew VALUES(336,'e67 hai5','下颏',0);
INSERT INTO Teochew VALUES(337,'am6','颔',0);
INSERT INTO Teochew VALUES(338,'ao57 leng5','喉咙',0);
INSERT INTO Teochew VALUES(339,'jai1','知',0);
INSERT INTO Teochew VALUES(340,'nai57 gao6','莲厚',0);
INSERT INTO Teochew VALUES(341,'gain1 tao5','肩头',0);
INSERT INTO Teochew VALUES(342,'chiu26 jain2','手指',0);
INSERT INTO Teochew VALUES(343,'beung7','饭',0);
INSERT INTO Teochew VALUES(344,'ka1','脚',0);
INSERT INTO Teochew VALUES(345,'ka1 jain2','脚指',0);
INSERT INTO Teochew VALUES(346,'ka1 cheung1','尻川',0);
INSERT INTO Teochew VALUES(347,'bian1 seung1','冰霜',0);
INSERT INTO Teochew VALUES(348,'seung1 gan1 jui2','酸柑水',0);
INSERT INTO Teochew VALUES(349,'io1','腰',0);
INSERT INTO Teochew VALUES(350,'mi7','麵',0);
INSERT INTO Teochew VALUES(351,'mue5','糜',0);
INSERT INTO Teochew VALUES(352,'mi7 bao1','麵包',0);
INSERT INTO Teochew VALUES(353,'teung1','汤',0);
INSERT INTO Teochew VALUES(354,'mueh8','物',0);
INSERT INTO Teochew VALUES(355,'mo2','孬',0);
INSERT INTO Teochew VALUES(356,'ho2','好',0);
INSERT INTO Teochew VALUES(357,'dou57 jeu1 guang2','图书馆',0);
INSERT INTO Teochew VALUES(358,'dou57 jeu1 gek8','图书局',0);
INSERT INTO Teochew VALUES(359,'chao26 bhue5','草莓',0);
INSERT INTO Teochew VALUES(360,'ga1 do1','铰刀',0);
INSERT INTO Teochew VALUES(361,'m6','唔',0);
INSERT INTO Teochew VALUES(362,'jin5','钱',0);
INSERT INTO Teochew VALUES(363,'gui2','几',0);
INSERT INTO Teochew VALUES(364,'lui1','镭',0);
INSERT INTO Teochew VALUES(365,'do6','在',0);
INSERT INTO Teochew VALUES(366,'keu3','去',0);
INSERT INTO Teochew VALUES(367,'jain5','前',0);
INSERT INTO Teochew VALUES(368,'ao6','后',0);
INSERT INTO Teochew VALUES(369,'chi6','市',0);
INSERT INTO Teochew VALUES(370,'guin5','危',0);
INSERT INTO Teochew VALUES(371,'ji2 gai5','只个',0);
INSERT INTO Teochew VALUES(372,'kou1','箍',0);
INSERT INTO Teochew VALUES(373,'bhoi2','买',0);
INSERT INTO Teochew VALUES(374,'ao5 da1','喉灱',0);
INSERT INTO Teochew VALUES(375,'ain3','欲',0);
INSERT INTO Teochew VALUES(376,'ao5','喉',0);
INSERT INTO Teochew VALUES(377,'san1 kou3','衫裤',0);
INSERT INTO Teochew VALUES(378,'san1','衫',0);
INSERT INTO Teochew VALUES(379,'kou3','裤',0);
INSERT INTO Teochew VALUES(380,'oi5','鞋',0);
INSERT INTO Teochew VALUES(381,'ghueh8','袜',0);
INSERT INTO Teochew VALUES(382,'hah8','合',0);
INSERT INTO Teochew VALUES(383,'do2','短',0);
INSERT INTO Teochew VALUES(384,'oi2','矮',0);
INSERT INTO Teochew VALUES(385,'si6','是',0);
INSERT INTO Teochew VALUES(386,'bek84 ngiap8','毕业',0);
INSERT INTO Teochew VALUES(387,'hue3','岁',0);
INSERT INTO Teochew VALUES(388,'ga7 lem1','??',0);
INSERT INTO Teochew VALUES(389,'oh8','学',0);
INSERT INTO Teochew VALUES(390,'dan3','呾',0);
INSERT INTO Teochew VALUES(391,'si57 gang1','时间',0);
INSERT INTO Teochew VALUES(392,'u6','有',0);
INSERT INTO Teochew VALUES(393,'bho5','无',0);
INSERT INTO Teochew VALUES(395,'m67 si6','唔是',0);
INSERT INTO Teochew VALUES(396,'bhah4','肉',0);
INSERT INTO Teochew VALUES(397,'lao67 ma2','老妈',0);
INSERT INTO Teochew VALUES(398,'lao67 gong1','老公',0);
INSERT INTO Teochew VALUES(399,'dua7 gou1','大姑',0);
INSERT INTO Teochew VALUES(400,'dio57 jiu1 ue7','潮州話',0);
INSERT INTO Teochew VALUES(401,'gion1','薑',0);
INSERT INTO Teochew VALUES(402,'diang67 hi3','电戏',0);
INSERT INTO Teochew VALUES(403,'kao26 bain5','口爿',0);
INSERT INTO Teochew VALUES(404,'gong1 heung5','公园',0);
INSERT INTO Teochew VALUES(405,'dou2','肚',0);
INSERT INTO Teochew VALUES(406,'loh84 hou6','落雨',0);
INSERT INTO Teochew VALUES(407,'sia26 yi7','写字',0);
INSERT INTO Teochew VALUES(408,'chiu26 diang67 ue7','手电话',0);
INSERT INTO Teochew VALUES(409,'heu57 jui2','鱼水',0);
INSERT INTO Teochew VALUES(410,'chiu7','树',0);
INSERT INTO Teochew VALUES(411,'ma32 ja2','明早',0);
INSERT INTO Teochew VALUES(413,'me5','暝',0);
INSERT INTO Teochew VALUES(414,'gian26 yik8','囝日',0);
INSERT INTO Teochew VALUES(415,'iu5','油',0);
INSERT INTO Teochew VALUES(416,'si7 iu5','豉油',0);
INSERT INTO Teochew VALUES(417,'iam5','盐',0);
INSERT INTO Teochew VALUES(418,'hou57 jio1','胡椒',0);
INSERT INTO Teochew VALUES(419,'teung5','糖',0);
INSERT INTO Teochew VALUES(420,'bhi7 jeng1','味精',0);
INSERT INTO Teochew VALUES(421,'sioh4','惜',0);
INSERT INTO Teochew VALUES(422,'jeu2','煮',0);
INSERT INTO Teochew VALUES(423,'deung5','长',0);
INSERT INTO Teochew VALUES(424,'mang7','慢',0);
INSERT INTO Teochew VALUES(425,'pang1','芳',0);
INSERT INTO Teochew VALUES(426,'teung1 si5','汤匙',0);
INSERT INTO Teochew VALUES(427,'deu7','箸',0);
INSERT INTO Teochew VALUES(428,'do1','刀',0);
INSERT INTO Teochew VALUES(429,'che1','叉',0);
INSERT INTO Teochew VALUES(430,'ui1 seng1','医生',0);
INSERT INTO Teochew VALUES(431,'gao2','狗',0);
INSERT INTO Teochew VALUES(432,'ngiao1','猫',0);
INSERT INTO Teochew VALUES(433,'ngiao26 cheu2','猫鼠',0);
INSERT INTO Teochew VALUES(434,'bhe2','马',0);
INSERT INTO Teochew VALUES(435,'jiao2','鸟',0);
INSERT INTO Teochew VALUES(436,'ah4','鸭',0);
INSERT INTO Teochew VALUES(437,'mang2','蠓',0);
INSERT INTO Teochew VALUES(438,'hue1','花',0);
INSERT INTO Teochew VALUES(439,'leng5','龙',0);
INSERT INTO Teochew VALUES(440,'ghu5','牛',0);
INSERT INTO Teochew VALUES(441,'kao3','哭',0);
INSERT INTO Teochew VALUES(442,'lou2','恼',0);
INSERT INTO Teochew VALUES(443,'sai2','屎',0);
INSERT INTO Teochew VALUES(444,'in6','夗',0);
INSERT INTO Teochew VALUES(445,'uk8','夗',0);
INSERT INTO Teochew VALUES(446,'mak8 siap4','目涩',0);
INSERT INTO Teochew VALUES(447,'pin7 sai2','鼻屎',0);
INSERT INTO Teochew VALUES(448,'lai5','来',0);
INSERT INTO Teochew VALUES(449,'sio1 hu6','相辅',0);
INSERT INTO Teochew VALUES(450,'deung57 nang5','唐人',0);
INSERT INTO Teochew VALUES(452,'chi1 ghi5','凄疑',0);
INSERT INTO Teochew VALUES(453,'heu2 gai5','许个',0);
INSERT INTO Teochew VALUES(454,'joi7','㩼',0);
INSERT INTO Teochew VALUES(455,'mai3','嫑',0);
INSERT INTO Teochew VALUES(456,'mai3','勿',0);
INSERT INTO Teochew VALUES(458,'jo6','坐',0);
INSERT INTO Teochew VALUES(459,'hue2','火',0);
INSERT INTO Teochew VALUES(460,'chio3','笑',0);
INSERT INTO Teochew VALUES(461,'meung7','问',0);
INSERT INTO Teochew VALUES(462,'ian5','赢',0);
INSERT INTO Teochew VALUES(463,'nging57 hang5','银行',0);
INSERT INTO Teochew VALUES(464,'bai3','拜',0);
INSERT INTO Teochew VALUES(465,'seung2','耍',0);
INSERT INTO Teochew VALUES(466,'da1 bou1','丈夫',0);
INSERT INTO Teochew VALUES(467,'ja1 bhou2','㜁𡚸',0);
INSERT INTO Teochew VALUES(468,'ion5','羊',0);
INSERT INTO Teochew VALUES(469,'ion5','溶',0);
INSERT INTO Teochew VALUES(470,'jao2','走',0);
INSERT INTO Teochew VALUES(471,'gong1 si1','公司',0);
INSERT INTO Teochew VALUES(472,'jang57 ek8','灇浴',0);
INSERT INTO Teochew VALUES(473,'nou1 gian2','孥囝',0);
INSERT INTO Teochew VALUES(474,'peng57 iu2','朋友',0);
INSERT INTO Teochew VALUES(475,'do26 kou3','短裤',0);
INSERT INTO Teochew VALUES(476,'ngang57 san1','凝衫',0);
INSERT INTO Teochew VALUES(477,'chen1 ni5','青年',0);
INSERT INTO Teochew VALUES(478,'sek8','熟',0);
INSERT INTO Teochew VALUES(479,'siao2','痟',0);
INSERT INTO Teochew VALUES(480,'yung7','韧',0);
INSERT INTO Teochew VALUES(481,'ou1 nam2','乌榄',0);
INSERT INTO Teochew VALUES(482,'siao26 siao2','痟痟',0);
INSERT INTO Teochew VALUES(483,'ga1','铰',0);
INSERT INTO Teochew VALUES(485,'nging57 sek4','银色',0);
INSERT INTO Teochew VALUES(486,'pin7 hung1 sek4','鼻薰色',0);
INSERT INTO Teochew VALUES(487,'gio57 sek4','茄色',0);
INSERT INTO Teochew VALUES(488,'chim1','深',0);
INSERT INTO Teochew VALUES(489,'hung2','粉',0);
INSERT INTO Teochew VALUES(491,'nging5','银',0);
INSERT INTO Teochew VALUES(492,'be6','父',0);
INSERT INTO Teochew VALUES(493,'ba5','爸',0);
INSERT INTO Teochew VALUES(494,'ma1','妈',0);
INSERT INTO Teochew VALUES(495,'ai5','嫒',0);
INSERT INTO Teochew VALUES(496,'chik4','七',0);
INSERT INTO Teochew VALUES(497,'chim1 ang57 sek4','深红色',0);
INSERT INTO Teochew VALUES(498,'chiang2','浅',0);
INSERT INTO Teochew VALUES(499,'chiang26 nam57 sek4','浅蓝色',0);
INSERT INTO Teochew VALUES(500,'ik4','一',0);
INSERT INTO Teochew VALUES(502,'jian1 ghueh84','正月',0);
INSERT INTO Teochew VALUES(503,'yik8','日',0);
INSERT INTO Teochew VALUES(504,'jek84 yik8','一日',0);
INSERT INTO Teochew VALUES(505,'ik48 ghueh84','一月',0);
INSERT INTO Teochew VALUES(506,'jap84 ik48 ghueh84','十一月',0);
INSERT INTO Teochew VALUES(507,'loi26 bai32 yik8','礼拜日',0);
INSERT INTO Teochew VALUES(508,'ging1 yik8','今日',0);
INSERT INTO Teochew VALUES(509,'ao6 yik84','后日',0);
INSERT INTO Teochew VALUES(510,'gao1 miang5','高棉',0);
INSERT INTO Teochew VALUES(511,'am3','暗',0);
INSERT INTO Teochew VALUES(513,'yik8 am3','日暗',0);
INSERT INTO Teochew VALUES(514,'ging1 me5','今暝',0);
INSERT INTO Teochew VALUES(515,'me2','猛',0);
INSERT INTO Teochew VALUES(516,'me26 me2','猛猛',0);
INSERT INTO Teochew VALUES(517,'guk4','骨',0);
INSERT INTO Teochew VALUES(518,'me5 gua3','暝旰',0);
INSERT INTO Teochew VALUES(519,'yik8 gua3','日旰',0);
INSERT INTO Teochew VALUES(520,'toin2','睇',0);
INSERT INTO Teochew VALUES(521,'chi32 toin2','试睇',0);
INSERT INTO Teochew VALUES(522,'ain5','闲',0);
INSERT INTO Teochew VALUES(523,'m67 ain5','唔闲',0);
INSERT INTO Teochew VALUES(524,'yio7','尿',0);
INSERT INTO Teochew VALUES(525,'ben57 ion7','平样',0);
INSERT INTO Teochew VALUES(526,'uan2','碗',0);
INSERT INTO Teochew VALUES(527,'tin1 si57 ngang5','天时凝',0);
INSERT INTO Teochew VALUES(528,'tin1 si57 yuah8','天时热',0);
INSERT INTO Teochew VALUES(529,'dih48 gian2','滴囝',0);
INSERT INTO Teochew VALUES(530,'suk48 gian2','屑囝',0);
INSERT INTO Teochew VALUES(531,'da1','灱',0);
INSERT INTO Teochew VALUES(532,'jui26 bou3','水布',0);
INSERT INTO Teochew VALUES(533,'ming7 bou3','面布',0);
INSERT INTO Teochew VALUES(534,'su1','输',0);
INSERT INTO Teochew VALUES(535,'chiu26 bio1','手表',0);
INSERT INTO Teochew VALUES(536,'chiu26 soh4','手索',0);
INSERT INTO Teochew VALUES(537,'chiu26 ji2','手只',0);
INSERT INTO Teochew VALUES(538,'gung5','裙',0);
INSERT INTO Teochew VALUES(539,'jain5 yik84','前日',0);
INSERT INTO Teochew VALUES(541,'song57 cheu2','松鼠',0);
INSERT INTO Teochew VALUES(542,'chiu32 ki2','漱齿',0);
INSERT INTO Teochew VALUES(543,'ki26 chiu3','齿漱',0);
INSERT INTO Teochew VALUES(544,'ghe57 go1','牙膏',0);
INSERT INTO Teochew VALUES(545,'dioh8','着',0);
INSERT INTO Teochew VALUES(547,'tou3','兔',0);
INSERT INTO Teochew VALUES(548,'beh84 tou3','白兔',0);
INSERT INTO Teochew VALUES(549,'dang2','等',0);
INSERT INTO Teochew VALUES(550,'joh48 gang1','作工',0);
INSERT INTO Teochew VALUES(551,'joh48 kang1 kue3','作工课',0);
INSERT INTO Teochew VALUES(552,'hou57 sing5','胡蝇',0);
INSERT INTO Teochew VALUES(553,'chik4','拭',0);
INSERT INTO Teochew VALUES(554,'chik48 ka1 cheung1 jua2','拭尻川纸',0);
INSERT INTO Teochew VALUES(555,'bong7','磅',0);
INSERT INTO Teochew VALUES(556,'heung6','远',0);
INSERT INTO Teochew VALUES(557,'hoh4','好',0);
INSERT INTO Teochew VALUES(559,'bhue7','未',0);
INSERT INTO Teochew VALUES(560,'chue7','觅',0);
INSERT INTO Teochew VALUES(561,'gang1 kou2','艰苦',0);
INSERT INTO Teochew VALUES(562,'sion6','想',0);
INSERT INTO Teochew VALUES(563,'bhi2','米',0);
INSERT INTO Teochew VALUES(564,'bhi26 hung2','米粉',0);
INSERT INTO Teochew VALUES(565,'gian5','行',0);
INSERT INTO Teochew VALUES(566,'bhoi6','袂',0);
INSERT INTO Teochew VALUES(568,'ou3','了',0);
INSERT INTO Teochew VALUES(569,'go1 le6','高丽',0);
INSERT INTO Teochew VALUES(572,'bu5','煲',0);
INSERT INTO Teochew VALUES(573,'bu57 beung7','煲饭',0);
INSERT INTO Teochew VALUES(574,'luah4','烙',0);
INSERT INTO Teochew VALUES(575,'cha2','炒',0);
INSERT INTO Teochew VALUES(576,'cha26 beung7','炒饭',0);
INSERT INTO Teochew VALUES(577,'diam5','甜',0);
INSERT INTO Teochew VALUES(578,'giam5','咸',0);
INSERT INTO Teochew VALUES(579,'ang57 jo2','红枣',0);
INSERT INTO Teochew VALUES(580,'chong1','冲',0);
INSERT INTO Teochew VALUES(581,'chong1 de5','冲茶',0);
INSERT INTO Teochew VALUES(582,'chong1 gu1 bi5','冲咖啡',0);
INSERT INTO Teochew VALUES(583,'chung5','存',0);
INSERT INTO Teochew VALUES(584,'liao2','了',0);
INSERT INTO Teochew VALUES(585,'do7','袋',0);
INSERT INTO Teochew VALUES(586,'ap8','盒',0);
INSERT INTO Teochew VALUES(587,'kioh8','挈',0);
INSERT INTO Teochew VALUES(588,'dik8','直',0);
INSERT INTO Teochew VALUES(589,'miang2','免',0);
INSERT INTO Teochew VALUES(590,'kui1','开',0);
INSERT INTO Teochew VALUES(592,'dik84 dik8','直直',0);
INSERT INTO Teochew VALUES(593,'ga6','咬',0);
INSERT INTO Teochew VALUES(594,'ki2','起',0);
INSERT INTO Teochew VALUES(595,'chen1','生',0);
INSERT INTO Teochew VALUES(596,'sia7','谢',0);
INSERT INTO Teochew VALUES(598,'chang1','餐',0);
INSERT INTO Teochew VALUES(599,'ja2','早',0);
INSERT INTO Teochew VALUES(601,'doi26 bain5','底爿',0);
INSERT INTO Teochew VALUES(602,'bain5','爿',0);
INSERT INTO Teochew VALUES(603,'kao2','口',0);
INSERT INTO Teochew VALUES(604,'diam26 jeng1','点钟',0);
INSERT INTO Teochew VALUES(605,'hung1 jeng1','分钟',0);
INSERT INTO Teochew VALUES(606,'beh84 guah4','白葛',0);
INSERT INTO Teochew VALUES(607,'ghua7','外',0);
INSERT INTO Teochew VALUES(608,'hung1','薰',0);
INSERT INTO Teochew VALUES(609,'chiah4','赤',0);
INSERT INTO Teochew VALUES(610,'chiah48 sek4','赤色',0);
INSERT INTO Teochew VALUES(611,'sou1','酥',0);
INSERT INTO Teochew VALUES(612,'meung7 doi5','问题',0);
INSERT INTO Teochew VALUES(613,'nou1','孥',0);
INSERT INTO Teochew VALUES(614,'diang6','电',0);
INSERT INTO Teochew VALUES(615,'si6','视',0);
INSERT INTO Teochew VALUES(616,'nao2','脑',0);
INSERT INTO Teochew VALUES(617,'ue7','话',0);
INSERT INTO Teochew VALUES(618,'gua3','旰',0);
INSERT INTO Teochew VALUES(619,'e6','下',0);
INSERT INTO Teochew VALUES(620,'dao3','昼',0);
INSERT INTO Teochew VALUES(621,'heung1','昏',0);
INSERT INTO Teochew VALUES(622,'loi2','礼',0);
INSERT INTO Teochew VALUES(623,'jian1','正',0);
INSERT INTO Teochew VALUES(624,'dao1','逗',0);
CREATE TABLE IF NOT EXISTS "Compound" (
    id integer primary key,
    parent_teochew_id integer references Teochew(id),
    sort integer,
    translation_id integer references Translation(id)
);
INSERT INTO Compound VALUES(1,1,1,30);
INSERT INTO Compound VALUES(2,1,2,344);
INSERT INTO Compound VALUES(3,2,1,440);
INSERT INTO Compound VALUES(4,2,2,579);
INSERT INTO Compound VALUES(5,259,1,474);
INSERT INTO Compound VALUES(6,259,2,20);
INSERT INTO Compound VALUES(7,259,3,17);
INSERT INTO Compound VALUES(8,31,1,474);
INSERT INTO Compound VALUES(9,31,2,20);
INSERT INTO Compound VALUES(10,36,1,31);
INSERT INTO Compound VALUES(11,36,2,34);
INSERT INTO Compound VALUES(12,49,1,583);
INSERT INTO Compound VALUES(13,49,2,44);
INSERT INTO Compound VALUES(14,50,1,590);
INSERT INTO Compound VALUES(15,50,2,44);
INSERT INTO Compound VALUES(16,52,1,590);
INSERT INTO Compound VALUES(17,52,2,45);
INSERT INTO Compound VALUES(18,51,1,583);
INSERT INTO Compound VALUES(19,51,2,45);
INSERT INTO Compound VALUES(20,247,1,18);
INSERT INTO Compound VALUES(21,247,2,17);
INSERT INTO Compound VALUES(22,248,1,19);
INSERT INTO Compound VALUES(23,248,2,17);
INSERT INTO Compound VALUES(24,249,1,20);
INSERT INTO Compound VALUES(25,249,2,17);
INSERT INTO Compound VALUES(26,250,1,21);
INSERT INTO Compound VALUES(27,250,2,17);
INSERT INTO Compound VALUES(28,251,1,22);
INSERT INTO Compound VALUES(29,251,2,17);
INSERT INTO Compound VALUES(30,252,1,23);
INSERT INTO Compound VALUES(31,252,2,17);
INSERT INTO Compound VALUES(32,253,1,129);
INSERT INTO Compound VALUES(33,253,2,17);
INSERT INTO Compound VALUES(34,254,1,24);
INSERT INTO Compound VALUES(35,254,2,17);
INSERT INTO Compound VALUES(36,255,1,25);
INSERT INTO Compound VALUES(37,255,2,17);
INSERT INTO Compound VALUES(38,487,1,236);
INSERT INTO Compound VALUES(39,487,2,17);
INSERT INTO Compound VALUES(40,257,1,26);
INSERT INTO Compound VALUES(41,257,2,17);
INSERT INTO Compound VALUES(42,258,1,27);
INSERT INTO Compound VALUES(43,258,2,17);
INSERT INTO Compound VALUES(44,486,1,319);
INSERT INTO Compound VALUES(45,486,2,591);
INSERT INTO Compound VALUES(46,486,3,17);
INSERT INTO Compound VALUES(47,485,1,475);
INSERT INTO Compound VALUES(48,485,2,17);
INSERT INTO Compound VALUES(49,497,1,473);
INSERT INTO Compound VALUES(50,497,2,20);
INSERT INTO Compound VALUES(51,497,3,17);
INSERT INTO Compound VALUES(52,499,1,482);
INSERT INTO Compound VALUES(53,499,2,24);
INSERT INTO Compound VALUES(54,499,3,17);
INSERT INTO Compound VALUES(55,473,1,596);
INSERT INTO Compound VALUES(56,473,2,37);
INSERT INTO Compound VALUES(57,67,1,597);
INSERT INTO Compound VALUES(58,67,2,598);
INSERT INTO Compound VALUES(59,68,1,597);
INSERT INTO Compound VALUES(60,68,2,599);
INSERT INTO Compound VALUES(61,69,1,597);
INSERT INTO Compound VALUES(62,69,2,601);
INSERT INTO Compound VALUES(63,408,1,120);
INSERT INTO Compound VALUES(64,408,2,66);
INSERT INTO Compound VALUES(65,75,1,603);
INSERT INTO Compound VALUES(66,75,2,602);
INSERT INTO Compound VALUES(67,519,1,486);
INSERT INTO Compound VALUES(68,519,2,602);
INSERT INTO Compound VALUES(69,518,1,400);
INSERT INTO Compound VALUES(70,518,2,602);
INSERT INTO Compound VALUES(71,76,1,486);
INSERT INTO Compound VALUES(72,76,2,604);
INSERT INTO Compound VALUES(73,77,1,70);
INSERT INTO Compound VALUES(74,77,2,400);
INSERT INTO Compound VALUES(75,78,1,400);
INSERT INTO Compound VALUES(76,78,2,605);
INSERT INTO Compound VALUES(77,78,3,37);
INSERT INTO Compound VALUES(78,504,1,6);
INSERT INTO Compound VALUES(79,504,2,486);
INSERT INTO Compound VALUES(80,80,1,606);
INSERT INTO Compound VALUES(81,80,2,450);
INSERT INTO Compound VALUES(82,154,1,6);
INSERT INTO Compound VALUES(83,154,2,76);
INSERT INTO Compound VALUES(84,155,1,6);
INSERT INTO Compound VALUES(85,155,2,77);
INSERT INTO Compound VALUES(86,156,1,6);
INSERT INTO Compound VALUES(87,156,2,78);
INSERT INTO Compound VALUES(88,83,1,76);
INSERT INTO Compound VALUES(89,83,2,484);
INSERT INTO Compound VALUES(90,84,1,76);
INSERT INTO Compound VALUES(91,84,2,16);
INSERT INTO Compound VALUES(92,85,1,76);
INSERT INTO Compound VALUES(93,85,2,8);
INSERT INTO Compound VALUES(94,86,1,76);
INSERT INTO Compound VALUES(95,86,2,9);
INSERT INTO Compound VALUES(96,87,1,76);
INSERT INTO Compound VALUES(97,87,2,10);
INSERT INTO Compound VALUES(98,88,1,76);
INSERT INTO Compound VALUES(99,88,2,11);
INSERT INTO Compound VALUES(100,507,1,76);
INSERT INTO Compound VALUES(101,507,2,486);
INSERT INTO Compound VALUES(102,505,1,484);
INSERT INTO Compound VALUES(103,505,2,77);
INSERT INTO Compound VALUES(104,502,1,607);
INSERT INTO Compound VALUES(105,502,2,77);
INSERT INTO Compound VALUES(106,91,1,16);
INSERT INTO Compound VALUES(107,91,2,77);
INSERT INTO Compound VALUES(108,92,1,8);
INSERT INTO Compound VALUES(109,92,2,77);
INSERT INTO Compound VALUES(110,93,1,9);
INSERT INTO Compound VALUES(111,93,2,77);
INSERT INTO Compound VALUES(112,94,1,10);
INSERT INTO Compound VALUES(113,94,2,77);
INSERT INTO Compound VALUES(114,95,1,11);
INSERT INTO Compound VALUES(115,95,2,77);
INSERT INTO Compound VALUES(116,96,1,480);
INSERT INTO Compound VALUES(117,96,2,77);
INSERT INTO Compound VALUES(118,97,1,12);
INSERT INTO Compound VALUES(119,97,2,77);
INSERT INTO Compound VALUES(120,98,1,13);
INSERT INTO Compound VALUES(121,98,2,77);
INSERT INTO Compound VALUES(122,99,1,14);
INSERT INTO Compound VALUES(123,99,2,77);
INSERT INTO Compound VALUES(124,506,1,67);
INSERT INTO Compound VALUES(125,506,2,77);
INSERT INTO Compound VALUES(126,101,1,68);
INSERT INTO Compound VALUES(127,101,2,77);
INSERT INTO Compound VALUES(128,104,1,452);
INSERT INTO Compound VALUES(129,104,2,37);
COMMIT;
