PRAGMA foreign_keys=OFF;
BEGIN TRANSACTION;
CREATE TABLE Categories (
    id integer primary key,
    name text,
    display_name text,
    flashcardset_id integer references FlashcardSet(id));
INSERT INTO Categories VALUES(0,'Non-Flashcards',NULL,NULL);
INSERT INTO Categories VALUES(1,'Common','Common Phrases',12);
INSERT INTO Categories VALUES(2,'Number','Numbers',13);
INSERT INTO Categories VALUES(3,'Colors','Colors',1);
INSERT INTO Categories VALUES(4,'Pronouns',NULL,12);
INSERT INTO Categories VALUES(5,'Family','Family',2);
INSERT INTO Categories VALUES(6,'Electronics',NULL,4);
INSERT INTO Categories VALUES(7,'Datetime','General Date/Time',3);
INSERT INTO Categories VALUES(8,'Adjectives',NULL,8);
INSERT INTO Categories VALUES(9,'House','Around the House',4);
INSERT INTO Categories VALUES(10,'Food','General Food/Drink',5);
INSERT INTO Categories VALUES(11,'Body','Body Parts',6);
INSERT INTO Categories VALUES(13,'Actions',NULL,8);
INSERT INTO Categories VALUES(14,'School','School/Work',7);
INSERT INTO Categories VALUES(15,'Animals',NULL,14);
INSERT INTO Categories VALUES(16,'Misc','Miscellaneous',8);
INSERT INTO Categories VALUES(17,'Money',NULL,8);
INSERT INTO Categories VALUES(18,'Clothing',NULL,8);
INSERT INTO Categories VALUES(19,'','All',NULL);
INSERT INTO Categories VALUES(20,'Time','Clock Time',11);
INSERT INTO Categories VALUES(21,'Phrase','Sentences',10);
INSERT INTO Categories VALUES(22,'Weather',NULL,NULL);
INSERT INTO Categories VALUES(23,'Outside',NULL,14);
INSERT INTO Categories VALUES(26,'Months',NULL,3);
INSERT INTO Categories VALUES(27,'Weekdays','Days of the Week',3);
INSERT INTO Categories VALUES(28,'Produce','Fruits/Vegetables',5);
INSERT INTO Categories VALUES(29,'Meat',NULL,5);
INSERT INTO Categories VALUES(30,'Drink',NULL,5);
INSERT INTO Categories VALUES(31,'Bathroom',NULL,4);
INSERT INTO Categories VALUES(32,'Basics','Basic Words',12);
INSERT INTO Categories VALUES(33,'Verbs','Linking/Transitive Verbs',12);
INSERT INTO Categories VALUES(34,'Hidden',NULL,NULL);
INSERT INTO Categories VALUES(35,'World','Around the World',7);
INSERT INTO Categories VALUES(36,'Questions','Question Words',12);
INSERT INTO Categories VALUES(37,'Kitchen','Kitchen Tools',5);
INSERT INTO Categories VALUES(38,'Travel',NULL,7);
INSERT INTO Categories VALUES(39,'Location',NULL,12);
INSERT INTO Categories VALUES(40,'Date',NULL,3);
INSERT INTO Categories VALUES(41,'Food_adj','Food Adjectives',5);
INSERT INTO Categories VALUES(42,'Flavorings','Oils, Sauces, and Seasonings',5);
INSERT INTO Categories VALUES(43,'Food_verb','Food Actions',5);
INSERT INTO Categories VALUES(44,'Medical','Health and Medicine',6);
INSERT INTO Categories VALUES(45,'Timeofday','Time of Day',3);
INSERT INTO Categories VALUES(46,'People','General People Words',2);
CREATE TABLE English (
    id integer primary key,
    category_id integer,
    word text collate nocase,
    hidden boolean default 0,
    notes text collate nocase,
    sort integer,
    foreign key(category_id) references Categories(id)
);
INSERT INTO English VALUES(1,1,'hello',0,NULL,NULL);
INSERT INTO English VALUES(2,1,'thank you',0,NULL,NULL);
INSERT INTO English VALUES(3,1,'sorry',0,NULL,NULL);
INSERT INTO English VALUES(4,1,'excuse me',1,NULL,NULL);
INSERT INTO English VALUES(6,2,'1',0,NULL,NULL);
INSERT INTO English VALUES(7,2,'2',0,NULL,NULL);
INSERT INTO English VALUES(8,2,'3',0,NULL,NULL);
INSERT INTO English VALUES(9,2,'4',0,NULL,NULL);
INSERT INTO English VALUES(10,2,'5',0,NULL,NULL);
INSERT INTO English VALUES(11,2,'6',0,NULL,NULL);
INSERT INTO English VALUES(12,2,'7',0,NULL,NULL);
INSERT INTO English VALUES(13,2,'8',0,NULL,NULL);
INSERT INTO English VALUES(14,2,'9',0,NULL,NULL);
INSERT INTO English VALUES(15,2,'10',0,NULL,NULL);
INSERT INTO English VALUES(16,2,'0',1,NULL,NULL);
INSERT INTO English VALUES(17,2,'2',0,'alt',NULL);
INSERT INTO English VALUES(18,2,'1',0,'alt',NULL);
INSERT INTO English VALUES(19,3,'color',0,NULL,1);
INSERT INTO English VALUES(20,3,'black',0,NULL,2);
INSERT INTO English VALUES(21,3,'white',0,NULL,2);
INSERT INTO English VALUES(22,3,'red',0,NULL,2);
INSERT INTO English VALUES(23,28,'orange',0,NULL,10);
INSERT INTO English VALUES(24,3,'yellow',0,NULL,2);
INSERT INTO English VALUES(25,3,'green',0,NULL,2);
INSERT INTO English VALUES(26,3,'blue',0,NULL,2);
INSERT INTO English VALUES(27,3,'purple',0,NULL,2);
INSERT INTO English VALUES(28,3,'silver',0,'color',2);
INSERT INTO English VALUES(29,3,'gold',0,NULL,2);
INSERT INTO English VALUES(30,3,'gray',0,NULL,2);
INSERT INTO English VALUES(31,3,'pink',0,NULL,2);
INSERT INTO English VALUES(32,4,'I',0,NULL,1);
INSERT INTO English VALUES(33,4,'you',0,NULL,1);
INSERT INTO English VALUES(34,4,'she',0,NULL,1);
INSERT INTO English VALUES(35,4,'we',0,'including person spoken to',1);
INSERT INTO English VALUES(36,4,'they',0,NULL,1);
INSERT INTO English VALUES(37,4,'people',0,NULL,2);
INSERT INTO English VALUES(38,5,'father',0,'addressing',NULL);
INSERT INTO English VALUES(39,5,'mother',0,'addressing',NULL);
INSERT INTO English VALUES(40,46,'child',0,NULL,NULL);
INSERT INTO English VALUES(41,5,'older brother',0,NULL,NULL);
INSERT INTO English VALUES(42,5,'younger brother',0,NULL,NULL);
INSERT INTO English VALUES(43,5,'older sister',0,NULL,NULL);
INSERT INTO English VALUES(44,5,'younger sister',0,NULL,NULL);
INSERT INTO English VALUES(45,5,'husband',0,NULL,NULL);
INSERT INTO English VALUES(46,5,'wife',0,NULL,NULL);
INSERT INTO English VALUES(47,5,'grandmother',0,NULL,NULL);
INSERT INTO English VALUES(48,5,'grandfather',0,NULL,NULL);
INSERT INTO English VALUES(49,5,'grandmother',0,'dad''s mom',NULL);
INSERT INTO English VALUES(50,5,'grandmother',0,'mom''s mom',NULL);
INSERT INTO English VALUES(51,5,'grandfather',0,'dad''s dad',NULL);
INSERT INTO English VALUES(52,5,'grandfather',0,'mom''s dad',NULL);
INSERT INTO English VALUES(53,5,'cousin',0,'sharing the same family name',NULL);
INSERT INTO English VALUES(55,5,'grandchild',0,NULL,NULL);
INSERT INTO English VALUES(56,5,'uncle',0,'dad''s older brother',NULL);
INSERT INTO English VALUES(57,5,'uncle',0,'dad''s younger brother',NULL);
INSERT INTO English VALUES(58,5,'aunt',0,'dad''s younger brother''s wife',NULL);
INSERT INTO English VALUES(59,5,'aunt',0,'dad''s older brother''s wife',NULL);
INSERT INTO English VALUES(60,5,'aunt',0,'dad''s sister',NULL);
INSERT INTO English VALUES(61,5,'uncle',0,'dad''s sister''s husband',NULL);
INSERT INTO English VALUES(62,5,'aunt',0,'mom''s sister',NULL);
INSERT INTO English VALUES(63,5,'uncle',0,'mom''s sister''s husband',NULL);
INSERT INTO English VALUES(64,5,'uncle',0,'mom''s brother',NULL);
INSERT INTO English VALUES(65,5,'aunt',0,'mom''s brother''s wife',NULL);
INSERT INTO English VALUES(66,5,'relative',0,NULL,NULL);
INSERT INTO English VALUES(67,2,'100',1,NULL,NULL);
INSERT INTO English VALUES(68,6,'television',0,NULL,NULL);
INSERT INTO English VALUES(69,6,'computer',0,NULL,NULL);
INSERT INTO English VALUES(70,6,'phone',0,NULL,NULL);
INSERT INTO English VALUES(71,2,'11',0,NULL,NULL);
INSERT INTO English VALUES(72,2,'12',0,NULL,NULL);
INSERT INTO English VALUES(73,7,'time',1,'hour',10);
INSERT INTO English VALUES(74,7,'half',0,NULL,10);
INSERT INTO English VALUES(75,7,'time',1,'5 min',10);
INSERT INTO English VALUES(76,45,'afternoon',0,NULL,4);
INSERT INTO English VALUES(77,45,'noon',0,NULL,10);
INSERT INTO English VALUES(78,45,'midnight',0,NULL,4);
INSERT INTO English VALUES(79,45,'evening',0,NULL,4);
INSERT INTO English VALUES(80,40,'day',0,NULL,1);
INSERT INTO English VALUES(81,40,'week',0,NULL,1);
INSERT INTO English VALUES(82,40,'month',0,NULL,1);
INSERT INTO English VALUES(83,40,'year',0,NULL,1);
INSERT INTO English VALUES(84,27,'Monday',0,NULL,1);
INSERT INTO English VALUES(85,27,'Tuesday',0,NULL,2);
INSERT INTO English VALUES(86,27,'Wednesday',0,NULL,3);
INSERT INTO English VALUES(87,27,'Thursday',0,NULL,4);
INSERT INTO English VALUES(88,27,'Friday',0,NULL,5);
INSERT INTO English VALUES(89,27,'Saturday',0,NULL,6);
INSERT INTO English VALUES(90,27,'Sunday',0,NULL,7);
INSERT INTO English VALUES(91,26,'January',0,NULL,1);
INSERT INTO English VALUES(92,26,'February',0,NULL,2);
INSERT INTO English VALUES(93,26,'March',0,NULL,3);
INSERT INTO English VALUES(94,26,'April',0,NULL,4);
INSERT INTO English VALUES(95,26,'May',0,NULL,5);
INSERT INTO English VALUES(96,26,'June',0,NULL,6);
INSERT INTO English VALUES(97,26,'July',0,NULL,7);
INSERT INTO English VALUES(98,26,'August',0,NULL,8);
INSERT INTO English VALUES(99,26,'September',0,NULL,9);
INSERT INTO English VALUES(100,26,'October',0,NULL,10);
INSERT INTO English VALUES(101,26,'November',0,NULL,11);
INSERT INTO English VALUES(102,26,'December',0,NULL,12);
INSERT INTO English VALUES(103,8,'small',0,NULL,NULL);
INSERT INTO English VALUES(104,8,'big',0,NULL,NULL);
INSERT INTO English VALUES(105,5,'son',0,NULL,NULL);
INSERT INTO English VALUES(106,5,'daughter',0,NULL,NULL);
INSERT INTO English VALUES(107,45,'morning',0,NULL,4);
INSERT INTO English VALUES(108,40,'tomorrow',0,NULL,2);
INSERT INTO English VALUES(109,40,'yesterday',0,NULL,2);
INSERT INTO English VALUES(110,40,'today',0,NULL,2);
INSERT INTO English VALUES(111,9,'house',0,NULL,NULL);
INSERT INTO English VALUES(112,10,'rice noodles',0,NULL,NULL);
INSERT INTO English VALUES(113,8,'old',0,NULL,NULL);
INSERT INTO English VALUES(114,29,'eggs',0,NULL,10);
INSERT INTO English VALUES(115,17,'expensive',0,NULL,NULL);
INSERT INTO English VALUES(116,17,'cheap',0,NULL,NULL);
INSERT INTO English VALUES(117,11,'eye',0,NULL,NULL);
INSERT INTO English VALUES(119,36,'what',0,NULL,3);
INSERT INTO English VALUES(120,11,'hand',0,NULL,NULL);
INSERT INTO English VALUES(121,30,'water',0,NULL,NULL);
INSERT INTO English VALUES(122,10,'hungry',0,NULL,NULL);
INSERT INTO English VALUES(123,11,'hair',0,NULL,NULL);
INSERT INTO English VALUES(124,8,'pretty',0,NULL,NULL);
INSERT INTO English VALUES(125,9,'living room',0,NULL,NULL);
INSERT INTO English VALUES(126,9,'kitchen',0,NULL,NULL);
INSERT INTO English VALUES(127,31,'restroom',0,NULL,NULL);
INSERT INTO English VALUES(128,31,'bathroom',0,NULL,NULL);
INSERT INTO English VALUES(129,9,'bedroom',0,NULL,NULL);
INSERT INTO English VALUES(130,9,'door',0,NULL,NULL);
INSERT INTO English VALUES(131,9,'room',0,NULL,NULL);
INSERT INTO English VALUES(132,5,'cousin',0,'older male with same family name',NULL);
INSERT INTO English VALUES(133,5,'cousin',0,'younger male with same family name',NULL);
INSERT INTO English VALUES(134,5,'cousin',0,'younger female with same family name',NULL);
INSERT INTO English VALUES(135,5,'cousin',0,'older female with same family name',NULL);
INSERT INTO English VALUES(136,5,'cousin',0,'older female with different family name',NULL);
INSERT INTO English VALUES(137,5,'cousin',0,'younger female with different family name',NULL);
INSERT INTO English VALUES(138,5,'cousin',0,'younger male with different family name',NULL);
INSERT INTO English VALUES(139,5,'cousin',0,'older male with different family name',NULL);
INSERT INTO English VALUES(140,9,'stairs',0,NULL,NULL);
INSERT INTO English VALUES(141,9,'window',0,NULL,NULL);
INSERT INTO English VALUES(142,9,'table',0,NULL,NULL);
INSERT INTO English VALUES(143,9,'pillow',0,NULL,NULL);
INSERT INTO English VALUES(144,9,'blanket',0,NULL,NULL);
INSERT INTO English VALUES(145,9,'fridge',0,NULL,NULL);
INSERT INTO English VALUES(146,2,'1000',0,NULL,NULL);
INSERT INTO English VALUES(147,9,'keys',0,NULL,NULL);
INSERT INTO English VALUES(148,9,'umbrella',0,NULL,NULL);
INSERT INTO English VALUES(149,9,'body pillow',0,NULL,NULL);
INSERT INTO English VALUES(150,9,'chair',0,NULL,NULL);
INSERT INTO English VALUES(151,9,'bed',0,NULL,NULL);
INSERT INTO English VALUES(152,9,'wall',0,NULL,NULL);
INSERT INTO English VALUES(153,9,'drawers',1,NULL,NULL);
INSERT INTO English VALUES(154,9,'closet',1,NULL,NULL);
INSERT INTO English VALUES(155,9,'air conditioner',0,NULL,NULL);
INSERT INTO English VALUES(156,9,'lamp',1,NULL,NULL);
INSERT INTO English VALUES(157,9,'stove',0,NULL,NULL);
INSERT INTO English VALUES(158,9,'garden',0,'vegetable garden',NULL);
INSERT INTO English VALUES(159,9,'garden',0,'flower garden',NULL);
INSERT INTO English VALUES(160,9,'fan',0,NULL,NULL);
INSERT INTO English VALUES(161,9,'ground',0,NULL,NULL);
INSERT INTO English VALUES(162,13,'to wash',0,NULL,NULL);
INSERT INTO English VALUES(163,9,'washing machine',0,NULL,NULL);
INSERT INTO English VALUES(164,14,'school',0,NULL,NULL);
INSERT INTO English VALUES(165,14,'to go to school',0,NULL,NULL);
INSERT INTO English VALUES(166,29,'fish',0,NULL,10);
INSERT INTO English VALUES(167,14,'bookbag',0,NULL,NULL);
INSERT INTO English VALUES(168,28,'banana',0,NULL,10);
INSERT INTO English VALUES(169,28,'apple',0,NULL,10);
INSERT INTO English VALUES(170,14,'teacher',0,NULL,NULL);
INSERT INTO English VALUES(171,14,'principal',1,NULL,NULL);
INSERT INTO English VALUES(172,14,'student',0,NULL,NULL);
INSERT INTO English VALUES(173,14,'kindergarten',1,NULL,NULL);
INSERT INTO English VALUES(174,14,'elementary school',1,NULL,NULL);
INSERT INTO English VALUES(175,14,'middle school',1,NULL,NULL);
INSERT INTO English VALUES(176,14,'high school',1,NULL,NULL);
INSERT INTO English VALUES(177,14,'college',1,NULL,NULL);
INSERT INTO English VALUES(178,14,'pen',0,NULL,NULL);
INSERT INTO English VALUES(179,14,'pencil',0,NULL,NULL);
INSERT INTO English VALUES(180,14,'rubber band',0,NULL,NULL);
INSERT INTO English VALUES(181,14,'eraser',1,NULL,NULL);
INSERT INTO English VALUES(182,14,'paper',0,NULL,NULL);
INSERT INTO English VALUES(183,14,'book',0,NULL,NULL);
INSERT INTO English VALUES(184,14,'ruler',1,NULL,NULL);
INSERT INTO English VALUES(185,14,'calculator',1,NULL,NULL);
INSERT INTO English VALUES(186,30,'milk',0,NULL,NULL);
INSERT INTO English VALUES(187,30,'coffee',0,NULL,NULL);
INSERT INTO English VALUES(188,30,'tea',0,NULL,NULL);
INSERT INTO English VALUES(189,30,'alcohol',0,NULL,NULL);
INSERT INTO English VALUES(190,30,'orange juice',0,NULL,NULL);
INSERT INTO English VALUES(191,31,'to pee',0,NULL,NULL);
INSERT INTO English VALUES(192,31,'to poop',0,NULL,NULL);
INSERT INTO English VALUES(193,31,'to fart',0,NULL,NULL);
INSERT INTO English VALUES(194,43,'to eat',0,NULL,NULL);
INSERT INTO English VALUES(195,43,'to taste',0,NULL,NULL);
INSERT INTO English VALUES(196,29,'beef',0,NULL,10);
INSERT INTO English VALUES(197,15,'chicken',0,NULL,NULL);
INSERT INTO English VALUES(198,29,'chicken',0,'meat',10);
INSERT INTO English VALUES(199,29,'pork',0,NULL,10);
INSERT INTO English VALUES(200,9,'dryer',1,NULL,NULL);
INSERT INTO English VALUES(201,30,'soda',0,NULL,NULL);
INSERT INTO English VALUES(203,30,'milk tea',0,NULL,NULL);
INSERT INTO English VALUES(204,28,'coconut',0,NULL,10);
INSERT INTO English VALUES(205,10,'coconut juice',0,NULL,NULL);
INSERT INTO English VALUES(206,10,'breakfast',0,NULL,NULL);
INSERT INTO English VALUES(207,10,'lunch',0,NULL,NULL);
INSERT INTO English VALUES(208,10,'dinner',1,NULL,NULL);
INSERT INTO English VALUES(209,29,'duck',0,'meat',10);
INSERT INTO English VALUES(210,29,'ground meat',0,NULL,10);
INSERT INTO English VALUES(211,29,'dried, shredded pork',0,NULL,10);
INSERT INTO English VALUES(212,29,'Chinese sausage',0,NULL,10);
INSERT INTO English VALUES(214,29,'crab',0,NULL,10);
INSERT INTO English VALUES(215,29,'shrimp',0,NULL,10);
INSERT INTO English VALUES(216,28,'vegetables',0,NULL,1);
INSERT INTO English VALUES(217,28,'chives',0,NULL,10);
INSERT INTO English VALUES(218,28,'bean sprouts',0,NULL,10);
INSERT INTO English VALUES(219,28,'winter melon',0,NULL,10);
INSERT INTO English VALUES(220,8,'cold',0,NULL,NULL);
INSERT INTO English VALUES(222,28,'eggplant',0,NULL,10);
INSERT INTO English VALUES(223,10,'lamb',1,'meat',NULL);
INSERT INTO English VALUES(224,10,'turkey',1,'meat',NULL);
INSERT INTO English VALUES(225,29,'meatball',0,'beef',10);
INSERT INTO English VALUES(226,29,'meatball',0,NULL,10);
INSERT INTO English VALUES(227,42,'butter',0,NULL,NULL);
INSERT INTO English VALUES(229,10,'seafood',1,NULL,NULL);
INSERT INTO English VALUES(230,29,'lobster',0,NULL,10);
INSERT INTO English VALUES(231,16,'seaweed',1,NULL,NULL);
INSERT INTO English VALUES(232,28,'herbs',0,NULL,10);
INSERT INTO English VALUES(233,28,'basil',0,NULL,10);
INSERT INTO English VALUES(234,10,'mint',1,NULL,NULL);
INSERT INTO English VALUES(236,10,'cilantro',1,NULL,NULL);
INSERT INTO English VALUES(237,28,'green onion',0,NULL,10);
INSERT INTO English VALUES(238,28,'garlic',0,NULL,10);
INSERT INTO English VALUES(239,28,'chili pepper',0,NULL,10);
INSERT INTO English VALUES(240,28,'mushroom',0,NULL,10);
INSERT INTO English VALUES(241,28,'wood ear',0,NULL,10);
INSERT INTO English VALUES(242,28,'beans',0,NULL,10);
INSERT INTO English VALUES(243,10,'watercress',1,NULL,NULL);
INSERT INTO English VALUES(244,28,'lettuce',0,NULL,10);
INSERT INTO English VALUES(245,28,'napa cabbage',0,NULL,10);
INSERT INTO English VALUES(246,10,'spinach',1,NULL,NULL);
INSERT INTO English VALUES(247,10,'bamboo',1,NULL,NULL);
INSERT INTO English VALUES(248,10,'asparagus',1,NULL,NULL);
INSERT INTO English VALUES(249,28,'carrot',0,NULL,10);
INSERT INTO English VALUES(250,11,'head',0,NULL,NULL);
INSERT INTO English VALUES(251,28,'corn',0,NULL,10);
INSERT INTO English VALUES(252,28,'bitter melon',0,NULL,10);
INSERT INTO English VALUES(253,28,'tomato',0,NULL,10);
INSERT INTO English VALUES(254,28,'pumpkin',0,NULL,10);
INSERT INTO English VALUES(255,28,'taro',0,NULL,10);
INSERT INTO English VALUES(256,28,'fruit',0,NULL,NULL);
INSERT INTO English VALUES(257,10,'pear',1,NULL,NULL);
INSERT INTO English VALUES(258,10,'clementine',0,NULL,NULL);
INSERT INTO English VALUES(259,10,'cantaloupe',1,NULL,NULL);
INSERT INTO English VALUES(260,28,'durian',0,NULL,10);
INSERT INTO English VALUES(261,10,'grapefruit',1,NULL,NULL);
INSERT INTO English VALUES(262,10,'guava',1,NULL,NULL);
INSERT INTO English VALUES(263,10,'jackfruit',1,NULL,NULL);
INSERT INTO English VALUES(264,28,'lime',0,NULL,10);
INSERT INTO English VALUES(265,10,'pomegranate',1,NULL,NULL);
INSERT INTO English VALUES(266,28,'watermelon',0,NULL,10);
INSERT INTO English VALUES(267,28,'pineapple',0,NULL,10);
INSERT INTO English VALUES(268,28,'tofu',0,NULL,10);
INSERT INTO English VALUES(269,28,'cucumber',0,NULL,10);
INSERT INTO English VALUES(270,28,'luffa',0,'ridged',10);
INSERT INTO English VALUES(271,28,'radish',0,NULL,10);
INSERT INTO English VALUES(273,28,'onion',0,NULL,10);
INSERT INTO English VALUES(274,28,'papaya',0,NULL,10);
INSERT INTO English VALUES(275,30,'wine',0,NULL,NULL);
INSERT INTO English VALUES(276,28,'grapes',0,NULL,10);
INSERT INTO English VALUES(277,30,'beer',0,NULL,NULL);
INSERT INTO English VALUES(278,10,'garlic chive cake',0,NULL,NULL);
INSERT INTO English VALUES(279,8,'hot',0,NULL,NULL);
INSERT INTO English VALUES(280,32,'name',0,NULL,NULL);
INSERT INTO English VALUES(281,36,'who',0,NULL,3);
INSERT INTO English VALUES(282,36,'when',0,NULL,3);
INSERT INTO English VALUES(283,36,'where',0,NULL,3);
INSERT INTO English VALUES(284,36,'how',0,'in what way',3);
INSERT INTO English VALUES(285,4,'we',0,'excluding person spoken to',1);
INSERT INTO English VALUES(286,11,'hair',0,'on your head',NULL);
INSERT INTO English VALUES(287,11,'forehead',1,NULL,NULL);
INSERT INTO English VALUES(288,11,'face',0,NULL,NULL);
INSERT INTO English VALUES(289,11,'eyebrow',0,NULL,NULL);
INSERT INTO English VALUES(290,11,'ear',0,NULL,NULL);
INSERT INTO English VALUES(291,11,'nose',0,NULL,NULL);
INSERT INTO English VALUES(292,11,'mouth',0,NULL,NULL);
INSERT INTO English VALUES(293,11,'tongue',0,NULL,NULL);
INSERT INTO English VALUES(294,11,'teeth',0,NULL,NULL);
INSERT INTO English VALUES(295,11,'chin',1,NULL,NULL);
INSERT INTO English VALUES(296,11,'neck',0,NULL,NULL);
INSERT INTO English VALUES(297,11,'throat',0,NULL,NULL);
INSERT INTO English VALUES(298,33,'to know',0,'information',NULL);
INSERT INTO English VALUES(299,28,'lotus root',0,NULL,10);
INSERT INTO English VALUES(300,11,'shoulder',1,NULL,NULL);
INSERT INTO English VALUES(301,11,'finger',0,NULL,NULL);
INSERT INTO English VALUES(302,10,'rice',0,NULL,NULL);
INSERT INTO English VALUES(303,11,'foot',0,NULL,NULL);
INSERT INTO English VALUES(304,11,'toe',1,NULL,NULL);
INSERT INTO English VALUES(305,11,'butt',0,NULL,NULL);
INSERT INTO English VALUES(306,10,'ice',0,NULL,NULL);
INSERT INTO English VALUES(307,30,'lemonade',0,NULL,NULL);
INSERT INTO English VALUES(308,11,'waist',1,NULL,NULL);
INSERT INTO English VALUES(309,10,'egg noodles',0,NULL,NULL);
INSERT INTO English VALUES(310,10,'congee',0,NULL,NULL);
INSERT INTO English VALUES(311,10,'bread',0,NULL,NULL);
INSERT INTO English VALUES(312,10,'soup',0,NULL,NULL);
INSERT INTO English VALUES(313,33,'to do',0,NULL,NULL);
INSERT INTO English VALUES(314,32,'bad',0,NULL,NULL);
INSERT INTO English VALUES(315,32,'good',0,NULL,NULL);
INSERT INTO English VALUES(316,14,'library',1,NULL,NULL);
INSERT INTO English VALUES(317,10,'strawberry',1,NULL,NULL);
INSERT INTO English VALUES(318,14,'scissors',0,NULL,NULL);
INSERT INTO English VALUES(320,36,'how many',0,NULL,NULL);
INSERT INTO English VALUES(321,17,'money',0,NULL,NULL);
INSERT INTO English VALUES(322,39,'to be at',0,NULL,NULL);
INSERT INTO English VALUES(323,33,'to go',0,NULL,NULL);
INSERT INTO English VALUES(324,16,'front',1,NULL,NULL);
INSERT INTO English VALUES(325,16,'back',1,NULL,NULL);
INSERT INTO English VALUES(326,17,'store',0,NULL,NULL);
INSERT INTO English VALUES(327,8,'tall',0,NULL,NULL);
INSERT INTO English VALUES(328,4,'this',0,NULL,4);
INSERT INTO English VALUES(329,17,'dollar',0,NULL,NULL);
INSERT INTO English VALUES(330,17,'to buy',0,NULL,NULL);
INSERT INTO English VALUES(331,10,'thirsty',0,NULL,NULL);
INSERT INTO English VALUES(332,33,'to want',0,NULL,NULL);
INSERT INTO English VALUES(333,18,'clothes',0,NULL,NULL);
INSERT INTO English VALUES(334,18,'shirt',0,NULL,NULL);
INSERT INTO English VALUES(335,18,'pants',0,NULL,NULL);
INSERT INTO English VALUES(336,18,'shoes',0,NULL,NULL);
INSERT INTO English VALUES(337,18,'sock',0,NULL,NULL);
INSERT INTO English VALUES(338,33,'to like',0,NULL,NULL);
INSERT INTO English VALUES(339,8,'short',0,'length',NULL);
INSERT INTO English VALUES(340,8,'short',1,'height',NULL);
INSERT INTO English VALUES(341,32,'yes',0,'that''s right',NULL);
INSERT INTO English VALUES(342,14,'to graduate',1,NULL,NULL);
INSERT INTO English VALUES(343,16,'age',1,NULL,NULL);
INSERT INTO English VALUES(344,10,'ice cream',0,NULL,NULL);
INSERT INTO English VALUES(345,14,'to learn',0,NULL,NULL);
INSERT INTO English VALUES(346,33,'to say',0,NULL,NULL);
INSERT INTO English VALUES(347,7,'time',0,NULL,10);
INSERT INTO English VALUES(348,33,'to have',0,NULL,NULL);
INSERT INTO English VALUES(349,32,'no',0,'don''t have',NULL);
INSERT INTO English VALUES(350,32,'yes',0,'to have',NULL);
INSERT INTO English VALUES(351,32,'no',0,'that''s not right',NULL);
INSERT INTO English VALUES(352,29,'meat',0,NULL,1);
INSERT INTO English VALUES(353,5,'great grandmother',0,NULL,NULL);
INSERT INTO English VALUES(354,5,'great grandfather',0,NULL,NULL);
INSERT INTO English VALUES(355,5,'aunt',0,'dad''s oldest sister',NULL);
INSERT INTO English VALUES(356,16,'Teochew language',1,NULL,NULL);
INSERT INTO English VALUES(357,28,'ginger',0,NULL,10);
INSERT INTO English VALUES(358,16,'movie',0,NULL,NULL);
INSERT INTO English VALUES(359,23,'outside',0,NULL,NULL);
INSERT INTO English VALUES(360,16,'park',1,NULL,NULL);
INSERT INTO English VALUES(361,11,'stomach',0,NULL,NULL);
INSERT INTO English VALUES(362,23,'to rain',0,NULL,NULL);
INSERT INTO English VALUES(363,14,'to write',0,NULL,NULL);
INSERT INTO English VALUES(364,6,'cell phone',0,NULL,NULL);
INSERT INTO English VALUES(365,42,'fish sauce',0,NULL,NULL);
INSERT INTO English VALUES(366,23,'tree',1,NULL,NULL);
INSERT INTO English VALUES(367,45,'night',0,NULL,4);
INSERT INTO English VALUES(368,42,'oil',0,NULL,NULL);
INSERT INTO English VALUES(369,42,'soy sauce',0,NULL,NULL);
INSERT INTO English VALUES(370,42,'salt',0,NULL,NULL);
INSERT INTO English VALUES(371,42,'black pepper',0,NULL,NULL);
INSERT INTO English VALUES(372,42,'sugar',0,NULL,NULL);
INSERT INTO English VALUES(373,42,'msg',0,NULL,NULL);
INSERT INTO English VALUES(374,13,'to love',0,NULL,NULL);
INSERT INTO English VALUES(375,43,'to cook',0,NULL,NULL);
INSERT INTO English VALUES(376,8,'long',0,NULL,NULL);
INSERT INTO English VALUES(377,8,'slow',0,NULL,NULL);
INSERT INTO English VALUES(378,8,'fragrant',0,NULL,NULL);
INSERT INTO English VALUES(379,37,'spoon',0,NULL,NULL);
INSERT INTO English VALUES(380,37,'chopsticks',0,NULL,NULL);
INSERT INTO English VALUES(381,37,'knife',0,NULL,NULL);
INSERT INTO English VALUES(382,37,'fork',0,NULL,NULL);
INSERT INTO English VALUES(383,44,'doctor',0,NULL,NULL);
INSERT INTO English VALUES(384,15,'dog',0,NULL,NULL);
INSERT INTO English VALUES(385,15,'cat',0,NULL,NULL);
INSERT INTO English VALUES(386,15,'mouse',0,NULL,NULL);
INSERT INTO English VALUES(387,15,'horse',0,NULL,NULL);
INSERT INTO English VALUES(388,15,'bird',0,NULL,NULL);
INSERT INTO English VALUES(389,15,'duck',0,NULL,NULL);
INSERT INTO English VALUES(390,15,'mosquito',0,NULL,NULL);
INSERT INTO English VALUES(391,23,'flower',0,NULL,NULL);
INSERT INTO English VALUES(392,15,'dragon',0,NULL,NULL);
INSERT INTO English VALUES(393,15,'cow',0,NULL,NULL);
INSERT INTO English VALUES(394,13,'to cry',0,NULL,NULL);
INSERT INTO English VALUES(395,13,'to hate',0,NULL,NULL);
INSERT INTO English VALUES(396,31,'poop',0,NULL,NULL);
INSERT INTO English VALUES(397,9,'to sleep',0,NULL,NULL);
INSERT INTO English VALUES(398,8,'sleepy',0,NULL,NULL);
INSERT INTO English VALUES(399,11,'booger',0,NULL,NULL);
INSERT INTO English VALUES(400,33,'to come',0,NULL,NULL);
INSERT INTO English VALUES(401,13,'to help',0,NULL,NULL);
INSERT INTO English VALUES(402,35,'Chinese people',0,NULL,NULL);
INSERT INTO English VALUES(403,32,'no',0,'don''t want',NULL);
INSERT INTO English VALUES(404,8,'dirty',0,NULL,NULL);
INSERT INTO English VALUES(405,4,'that',0,NULL,4);
INSERT INTO English VALUES(406,32,'many',0,NULL,NULL);
INSERT INTO English VALUES(407,32,'don''t',0,NULL,NULL);
INSERT INTO English VALUES(408,32,'yes',0,'to want',NULL);
INSERT INTO English VALUES(409,13,'to sit',0,NULL,NULL);
INSERT INTO English VALUES(410,16,'fire',0,NULL,NULL);
INSERT INTO English VALUES(411,13,'to laugh',0,NULL,NULL);
INSERT INTO English VALUES(412,33,'to ask',0,NULL,NULL);
INSERT INTO English VALUES(413,13,'to win',0,NULL,NULL);
INSERT INTO English VALUES(414,17,'bank',0,NULL,NULL);
INSERT INTO English VALUES(415,13,'to pray',0,NULL,NULL);
INSERT INTO English VALUES(416,13,'to play',0,NULL,NULL);
INSERT INTO English VALUES(417,46,'male',0,NULL,NULL);
INSERT INTO English VALUES(418,46,'female',0,NULL,NULL);
INSERT INTO English VALUES(419,15,'sheep',0,NULL,NULL);
INSERT INTO English VALUES(420,13,'melt',1,NULL,NULL);
INSERT INTO English VALUES(421,13,'to run',0,NULL,NULL);
INSERT INTO English VALUES(422,16,'company',1,NULL,NULL);
INSERT INTO English VALUES(423,31,'to shower',0,NULL,NULL);
INSERT INTO English VALUES(424,46,'friend',0,NULL,NULL);
INSERT INTO English VALUES(425,18,'shorts',0,NULL,NULL);
INSERT INTO English VALUES(426,18,'jacket',0,NULL,NULL);
INSERT INTO English VALUES(427,5,'teenager',1,NULL,NULL);
INSERT INTO English VALUES(428,41,'cooked',0,NULL,NULL);
INSERT INTO English VALUES(429,8,'crazy',0,NULL,NULL);
INSERT INTO English VALUES(430,41,'chewy',0,NULL,NULL);
INSERT INTO English VALUES(431,28,'black olive',0,NULL,10);
INSERT INTO English VALUES(432,14,'to cut',0,'with scissors',NULL);
INSERT INTO English VALUES(433,3,'dark',0,'shade of color',3);
INSERT INTO English VALUES(434,16,'powder',0,NULL,NULL);
INSERT INTO English VALUES(435,17,'money',0,'silver, coins',NULL);
INSERT INTO English VALUES(436,5,'father',0,'referring to',NULL);
INSERT INTO English VALUES(437,5,'mother',0,'referring to',NULL);
INSERT INTO English VALUES(438,3,'dark red',0,NULL,3);
INSERT INTO English VALUES(439,3,'light',0,'shade of color',3);
INSERT INTO English VALUES(440,3,'light blue',0,NULL,3);
INSERT INTO English VALUES(441,40,'day after tomorrow',0,NULL,2);
INSERT INTO English VALUES(442,35,'Cambodia',0,NULL,NULL);
INSERT INTO English VALUES(443,23,'dark',0,'to describe weather',NULL);
INSERT INTO English VALUES(444,45,'late',0,'at night',4);
INSERT INTO English VALUES(445,45,'tonight',0,NULL,4);
INSERT INTO English VALUES(446,8,'fast',0,NULL,NULL);
INSERT INTO English VALUES(447,11,'bone',0,NULL,NULL);
INSERT INTO English VALUES(448,45,'day time',0,NULL,4);
INSERT INTO English VALUES(449,3,'orange',0,'color',2);
INSERT INTO English VALUES(450,13,'to see',0,NULL,NULL);
INSERT INTO English VALUES(451,16,'free time',0,NULL,NULL);
INSERT INTO English VALUES(452,8,'busy',0,NULL,NULL);
INSERT INTO English VALUES(453,31,'urine',0,NULL,NULL);
INSERT INTO English VALUES(454,32,'the same',0,NULL,NULL);
INSERT INTO English VALUES(455,37,'bowl',0,NULL,NULL);
INSERT INTO English VALUES(456,23,'winter',0,NULL,NULL);
INSERT INTO English VALUES(457,23,'summer',0,NULL,NULL);
INSERT INTO English VALUES(458,32,'a little',0,NULL,NULL);
INSERT INTO English VALUES(459,8,'dry',0,NULL,NULL);
INSERT INTO English VALUES(460,31,'towel',0,NULL,NULL);
INSERT INTO English VALUES(461,31,'face towel',0,NULL,NULL);
INSERT INTO English VALUES(462,13,'to lose',0,NULL,NULL);
INSERT INTO English VALUES(463,18,'wristwatch',0,NULL,NULL);
INSERT INTO English VALUES(464,18,'bracelet',0,NULL,NULL);
INSERT INTO English VALUES(465,18,'ring',0,NULL,NULL);
INSERT INTO English VALUES(466,18,'dress',0,NULL,NULL);
INSERT INTO English VALUES(467,40,'day before yesterday',0,NULL,2);
INSERT INTO English VALUES(468,5,'cousin',0,'with a different family name',NULL);
INSERT INTO English VALUES(469,15,'squirrel',0,NULL,NULL);
INSERT INTO English VALUES(470,31,'to brush teeth',0,NULL,NULL);
INSERT INTO English VALUES(471,31,'toothbrush',0,NULL,NULL);
INSERT INTO English VALUES(472,31,'toothpaste',0,NULL,NULL);
INSERT INTO English VALUES(473,32,'must',0,NULL,NULL);
INSERT INTO English VALUES(474,32,'then',0,NULL,NULL);
INSERT INTO English VALUES(475,15,'rabbit',0,NULL,NULL);
INSERT INTO English VALUES(476,13,'to wait',0,NULL,NULL);
INSERT INTO English VALUES(477,14,'to work a job',0,NULL,NULL);
INSERT INTO English VALUES(478,15,'fly',0,'insect',NULL);
INSERT INTO English VALUES(479,13,'to wipe',0,NULL,NULL);
INSERT INTO English VALUES(480,31,'toilet paper',0,NULL,NULL);
INSERT INTO English VALUES(481,16,'pound',0,'lb.',NULL);
INSERT INTO English VALUES(482,39,'far',0,NULL,NULL);
INSERT INTO English VALUES(483,32,'quite',0,NULL,NULL);
INSERT INTO English VALUES(484,32,'done',0,NULL,NULL);
INSERT INTO English VALUES(485,32,'no',0,'not yet',NULL);
INSERT INTO English VALUES(486,13,'to look for',0,NULL,NULL);
INSERT INTO English VALUES(487,8,'difficult',0,NULL,NULL);
INSERT INTO English VALUES(488,13,'to think',0,NULL,NULL);
INSERT INTO English VALUES(489,10,'rice',0,'uncooked',NULL);
INSERT INTO English VALUES(490,10,'rice vermicelli',0,NULL,NULL);
INSERT INTO English VALUES(491,38,'to walk',0,NULL,NULL);
INSERT INTO English VALUES(492,32,'not',0,NULL,NULL);
INSERT INTO English VALUES(493,33,'to be in the process of',0,NULL,NULL);
INSERT INTO English VALUES(494,32,'already',0,NULL,NULL);
INSERT INTO English VALUES(495,28,'cabbage',0,NULL,10);
INSERT INTO English VALUES(498,43,'to boil',0,NULL,NULL);
INSERT INTO English VALUES(499,43,'to cook rice',0,NULL,NULL);
INSERT INTO English VALUES(500,43,'to pan fry',0,NULL,NULL);
INSERT INTO English VALUES(501,43,'to stir fry',0,NULL,NULL);
INSERT INTO English VALUES(502,10,'fried rice',0,NULL,NULL);
INSERT INTO English VALUES(503,41,'sweet',0,NULL,NULL);
INSERT INTO English VALUES(504,41,'salty',0,NULL,NULL);
INSERT INTO English VALUES(505,28,'jujube',0,NULL,10);
INSERT INTO English VALUES(506,43,'to brew',0,'with hot water',NULL);
INSERT INTO English VALUES(507,30,'to make tea',0,NULL,NULL);
INSERT INTO English VALUES(508,30,'to make coffee',0,NULL,NULL);
INSERT INTO English VALUES(509,10,'leftover',0,NULL,NULL);
INSERT INTO English VALUES(510,32,'completed',0,NULL,NULL);
INSERT INTO English VALUES(511,9,'bag',0,NULL,NULL);
INSERT INTO English VALUES(512,9,'box',0,NULL,NULL);
INSERT INTO English VALUES(513,33,'to take',0,NULL,NULL);
INSERT INTO English VALUES(514,8,'straight',0,NULL,NULL);
INSERT INTO English VALUES(515,32,'don''t need to',0,NULL,NULL);
INSERT INTO English VALUES(516,13,'to open',0,NULL,NULL);
INSERT INTO English VALUES(517,6,'to turn on',0,NULL,NULL);
INSERT INTO English VALUES(518,13,'to bite',0,NULL,NULL);
INSERT INTO English VALUES(519,13,'to rise',0,NULL,NULL);
INSERT INTO English VALUES(520,41,'raw',0,NULL,NULL);
INSERT INTO English VALUES(521,13,'to thank',0,NULL,NULL);
INSERT INTO English VALUES(522,10,'meal',0,NULL,NULL);
INSERT INTO English VALUES(523,7,'early',0,NULL,4);
INSERT INTO English VALUES(524,39,'inside',0,NULL,NULL);
INSERT INTO English VALUES(525,39,'side',0,NULL,NULL);
INSERT INTO English VALUES(526,7,'hour',0,NULL,10);
INSERT INTO English VALUES(527,7,'minute',0,NULL,10);
INSERT INTO English VALUES(528,28,'jicama',0,NULL,10);
INSERT INTO English VALUES(529,16,'ash',0,NULL,NULL);
INSERT INTO English VALUES(530,16,'smoke',1,NULL,NULL);
INSERT INTO English VALUES(531,3,'brown',0,NULL,2);
INSERT INTO English VALUES(532,41,'crispy',0,NULL,NULL);
INSERT INTO English VALUES(533,16,'question',0,NULL,NULL);
INSERT INTO English VALUES(534,16,'inside',1,NULL,NULL);
INSERT INTO English VALUES(535,23,'outside',1,NULL,NULL);
INSERT INTO English VALUES(536,5,'offspring',1,NULL,NULL);
INSERT INTO English VALUES(537,6,'electricity',0,NULL,NULL);
INSERT INTO English VALUES(538,13,'to look',1,NULL,NULL);
INSERT INTO English VALUES(539,11,'brain',0,NULL,NULL);
INSERT INTO English VALUES(540,14,'word',0,'spoken',NULL);
INSERT INTO English VALUES(542,7,'part of day',1,NULL,4);
INSERT INTO English VALUES(543,16,'low',1,NULL,NULL);
INSERT INTO English VALUES(544,16,'first',1,NULL,NULL);
INSERT INTO English VALUES(545,34,'stay',1,NULL,NULL);
INSERT INTO English VALUES(546,18,'to wear',0,NULL,NULL);
INSERT INTO English VALUES(547,5,'aunt',0,'dad''s youngest sister',NULL);
INSERT INTO English VALUES(548,18,'to wear shoes',0,NULL,NULL);
INSERT INTO English VALUES(549,43,'to knead',0,NULL,NULL);
INSERT INTO English VALUES(550,18,'to wash clothes',0,NULL,NULL);
INSERT INTO English VALUES(551,43,'to wash dishes',0,NULL,NULL);
INSERT INTO English VALUES(552,32,'with',0,NULL,NULL);
INSERT INTO English VALUES(553,14,'to add',0,NULL,NULL);
INSERT INTO English VALUES(554,8,'scared',0,NULL,NULL);
INSERT INTO English VALUES(555,38,'car',0,NULL,NULL);
INSERT INTO English VALUES(556,38,'to drive',0,NULL,NULL);
INSERT INTO English VALUES(557,38,'to drive a car',0,NULL,NULL);
INSERT INTO English VALUES(558,23,'weather',0,NULL,NULL);
INSERT INTO English VALUES(559,32,'too',0,NULL,NULL);
INSERT INTO English VALUES(560,8,'too hot',0,NULL,NULL);
INSERT INTO English VALUES(561,8,'quite hot',0,NULL,NULL);
INSERT INTO English VALUES(562,23,'good weather',0,NULL,NULL);
INSERT INTO English VALUES(563,8,'new',0,NULL,NULL);
INSERT INTO English VALUES(564,13,'to fold',0,NULL,NULL);
INSERT INTO English VALUES(565,14,'work',0,NULL,NULL);
INSERT INTO English VALUES(566,14,'a new job',0,NULL,NULL);
INSERT INTO English VALUES(567,18,'to fold clothes',0,NULL,NULL);
INSERT INTO English VALUES(568,33,'to use',0,NULL,NULL);
INSERT INTO English VALUES(569,37,'cup',0,NULL,NULL);
INSERT INTO English VALUES(570,13,'to hit',0,NULL,NULL);
INSERT INTO English VALUES(571,33,'to know',0,'how to do something',NULL);
INSERT INTO English VALUES(572,33,'to hear',0,NULL,NULL);
INSERT INTO English VALUES(573,15,'oyster',0,NULL,NULL);
INSERT INTO English VALUES(574,42,'oyster sauce',0,NULL,NULL);
INSERT INTO English VALUES(575,33,'to remember',0,NULL,NULL);
INSERT INTO English VALUES(576,33,'to forget',0,NULL,NULL);
INSERT INTO English VALUES(577,9,'to wake up',0,NULL,NULL);
INSERT INTO English VALUES(578,36,'how much',0,NULL,NULL);
INSERT INTO English VALUES(579,6,'broken',0,NULL,NULL);
INSERT INTO English VALUES(580,32,'one''s self',0,NULL,NULL);
INSERT INTO English VALUES(581,42,'chicken bouillon',0,NULL,NULL);
INSERT INTO English VALUES(582,31,'to comb hair',0,NULL,NULL);
INSERT INTO English VALUES(583,41,'tastes good',0,NULL,NULL);
INSERT INTO English VALUES(584,14,'word',0,'written',NULL);
INSERT INTO English VALUES(585,10,'full',0,'from eating',NULL);
INSERT INTO English VALUES(586,16,'number',0,NULL,NULL);
INSERT INTO English VALUES(587,41,'sour',0,NULL,NULL);
INSERT INTO English VALUES(588,23,'rock',0,NULL,NULL);
INSERT INTO English VALUES(589,23,'mountain',0,NULL,NULL);
INSERT INTO English VALUES(590,23,'to climb',0,NULL,NULL);
INSERT INTO English VALUES(591,23,'to go hiking',0,NULL,NULL);
INSERT INTO English VALUES(592,23,'degrees',0,'temperature',NULL);
INSERT INTO English VALUES(593,10,'restaurant',0,NULL,NULL);
INSERT INTO English VALUES(594,11,'pain',0,NULL,NULL);
INSERT INTO English VALUES(595,11,'stomach ache',0,NULL,NULL);
INSERT INTO English VALUES(596,28,'Chinese broccoli',0,NULL,10);
INSERT INTO English VALUES(597,28,'cauliflower',0,NULL,10);
INSERT INTO English VALUES(598,28,'broccoli',0,NULL,10);
INSERT INTO English VALUES(599,39,'top',0,NULL,NULL);
INSERT INTO English VALUES(600,23,'mountain top',0,NULL,NULL);
INSERT INTO English VALUES(601,38,'to go out and have fun',0,NULL,NULL);
INSERT INTO English VALUES(602,38,'to go on a walk',0,NULL,NULL);
INSERT INTO English VALUES(603,16,'birthday',0,NULL,NULL);
INSERT INTO English VALUES(604,1,'happy birthday',0,NULL,NULL);
INSERT INTO English VALUES(605,32,'classifier',0,'generic',NULL);
INSERT INTO English VALUES(606,13,'to leave',0,NULL,NULL);
INSERT INTO English VALUES(607,44,'to be born',0,NULL,NULL);
INSERT INTO English VALUES(608,9,'to live in',0,NULL,NULL);
INSERT INTO English VALUES(609,35,'California',0,NULL,NULL);
INSERT INTO English VALUES(610,35,'Southeast Asia',0,NULL,NULL);
INSERT INTO English VALUES(611,39,'near',0,NULL,NULL);
INSERT INTO English VALUES(612,13,'to enter',0,NULL,NULL);
INSERT INTO English VALUES(613,8,'fake',0,NULL,NULL);
INSERT INTO English VALUES(614,13,'to call out for someone',0,NULL,NULL);
INSERT INTO English VALUES(615,6,'to call',0,'on the phone',NULL);
INSERT INTO English VALUES(616,28,'sweet potato',0,NULL,10);
INSERT INTO English VALUES(617,35,'America',0,NULL,NULL);
INSERT INTO English VALUES(618,28,'potato',0,NULL,10);
INSERT INTO English VALUES(619,4,'other people',0,NULL,2);
INSERT INTO English VALUES(620,33,'to make',0,NULL,NULL);
INSERT INTO English VALUES(621,33,'to meet',0,NULL,NULL);
INSERT INTO English VALUES(622,33,'to meet',0,'each other',NULL);
INSERT INTO English VALUES(623,13,'to stop',0,NULL,NULL);
INSERT INTO English VALUES(624,38,'to arrive',0,NULL,NULL);
INSERT INTO English VALUES(625,35,'Chinese language',0,NULL,NULL);
INSERT INTO English VALUES(626,32,'more',0,NULL,NULL);
INSERT INTO English VALUES(627,29,'pork belly',0,NULL,10);
INSERT INTO English VALUES(628,37,'steamer',0,NULL,NULL);
INSERT INTO English VALUES(629,13,'to carry in an embrace',0,NULL,NULL);
INSERT INTO English VALUES(630,8,'round',0,NULL,NULL);
INSERT INTO English VALUES(631,40,'next week',0,NULL,2);
INSERT INTO English VALUES(632,40,'week',0,'a week',1);
INSERT INTO English VALUES(633,40,'month',0,'a month',1);
INSERT INTO English VALUES(634,40,'day',0,'a day',1);
INSERT INTO English VALUES(635,7,'hour',0,'an hour',10);
INSERT INTO English VALUES(636,7,'minute',0,'a minute',10);
INSERT INTO English VALUES(637,43,'to stir',0,NULL,NULL);
INSERT INTO English VALUES(638,32,'enough',0,NULL,NULL);
INSERT INTO English VALUES(639,9,'to clean and sweep',0,NULL,NULL);
INSERT INTO English VALUES(640,37,'plate',0,NULL,NULL);
INSERT INTO English VALUES(641,17,'five dollars',0,NULL,NULL);
INSERT INTO English VALUES(642,17,'ten dollars',0,NULL,NULL);
INSERT INTO English VALUES(643,33,'is',0,NULL,NULL);
INSERT INTO English VALUES(644,23,'drizzle',0,NULL,NULL);
INSERT INTO English VALUES(645,45,'all day',0,NULL,10);
INSERT INTO English VALUES(646,44,'strength',0,NULL,NULL);
INSERT INTO English VALUES(647,32,'thing',0,NULL,NULL);
INSERT INTO English VALUES(648,10,'cake',0,NULL,NULL);
INSERT INTO English VALUES(649,23,'sunny',0,NULL,NULL);
INSERT INTO English VALUES(650,8,'wet',0,NULL,NULL);
INSERT INTO English VALUES(651,28,'mango',0,NULL,10);
INSERT INTO English VALUES(652,43,'to peel',0,'with a blade',NULL);
INSERT INTO English VALUES(653,41,'bitter',0,NULL,NULL);
INSERT INTO English VALUES(654,45,'last night',0,NULL,10);
INSERT INTO English VALUES(655,36,'how',0,'to what degree',NULL);
INSERT INTO English VALUES(656,28,'luffa',0,'smooth',10);
INSERT INTO English VALUES(657,8,'lazy',0,NULL,NULL);
INSERT INTO English VALUES(658,39,'there',0,NULL,NULL);
INSERT INTO English VALUES(659,39,'here',0,NULL,NULL);
INSERT INTO English VALUES(660,7,'how late',0,NULL,10);
INSERT INTO English VALUES(661,8,'how large',0,NULL,NULL);
INSERT INTO English VALUES(662,8,'how high',0,NULL,NULL);
INSERT INTO English VALUES(663,43,'to add',0,'to food or a mixture',NULL);
INSERT INTO English VALUES(664,32,'classifier',0,'for round objects',NULL);
INSERT INTO English VALUES(665,32,'classifier',0,'for large objects, animals',NULL);
INSERT INTO English VALUES(666,38,'car',0,'a car',NULL);
INSERT INTO English VALUES(667,33,'to know',0,'recognize, be familiar with someone or something',NULL);
INSERT INTO English VALUES(668,32,'type',0,'kind',NULL);
INSERT INTO English VALUES(669,32,'many kinds of things',0,NULL,NULL);
INSERT INTO English VALUES(670,39,'place',0,NULL,NULL);
INSERT INTO English VALUES(671,36,'question particle',0,NULL,4);
INSERT INTO English VALUES(672,23,'how many degrees',0,NULL,NULL);
INSERT INTO English VALUES(673,37,'pan',0,NULL,NULL);
INSERT INTO English VALUES(674,8,'heavy',0,NULL,NULL);
INSERT INTO English VALUES(675,8,'thick',0,NULL,NULL);
INSERT INTO English VALUES(676,8,'heavy duty',0,NULL,NULL);
INSERT INTO English VALUES(677,1,'more or less',0,NULL,NULL);
INSERT INTO English VALUES(678,32,'this way',0,NULL,NULL);
INSERT INTO English VALUES(679,10,'to accompany',0,'food pairing',NULL);
INSERT INTO English VALUES(680,10,'rice with eggs',0,NULL,NULL);
INSERT INTO English VALUES(681,13,'to scratch',0,NULL,NULL);
INSERT INTO English VALUES(682,43,'to cut',0,'with a knife',NULL);
INSERT INTO English VALUES(683,8,'messy',0,NULL,NULL);
INSERT INTO English VALUES(684,44,'itchy',0,NULL,NULL);
INSERT INTO English VALUES(685,8,'sharp',0,NULL,NULL);
INSERT INTO English VALUES(686,38,'road',0,NULL,NULL);
INSERT INTO English VALUES(687,32,'a few',0,NULL,NULL);
INSERT INTO English VALUES(688,7,'ago',0,NULL,10);
INSERT INTO English VALUES(689,40,'a few weeks ago',0,NULL,2);
INSERT INTO English VALUES(690,17,'$1.50',0,NULL,NULL);
INSERT INTO English VALUES(691,17,'cent',0,NULL,NULL);
INSERT INTO English VALUES(692,28,'mustard greens',0,NULL,10);
INSERT INTO English VALUES(693,41,'not that spicy',0,NULL,NULL);
INSERT INTO English VALUES(694,41,'spicy',0,NULL,NULL);
INSERT INTO English VALUES(695,32,'not that...',0,NULL,NULL);
INSERT INTO English VALUES(696,32,'some amount over',0,NULL,NULL);
INSERT INTO English VALUES(697,17,'$2 something',0,NULL,NULL);
INSERT INTO English VALUES(698,23,'wind',0,NULL,NULL);
INSERT INTO English VALUES(699,40,'year',0,'a year',1);
INSERT INTO English VALUES(700,33,'to give',0,NULL,NULL);
INSERT INTO English VALUES(701,6,'flashlight',0,NULL,NULL);
INSERT INTO English VALUES(702,2,'50',0,NULL,NULL);
INSERT INTO English VALUES(703,23,'rain',0,NULL,NULL);
INSERT INTO English VALUES(704,16,'red envelope',0,NULL,NULL);
INSERT INTO English VALUES(705,39,'middle',0,NULL,NULL);
INSERT INTO English VALUES(706,33,'to put',0,NULL,NULL);
INSERT INTO English VALUES(707,7,'the first time',0,NULL,10);
INSERT INTO English VALUES(708,1,'it''s okay',0,NULL,NULL);
INSERT INTO English VALUES(709,32,'unable',0,NULL,NULL);
INSERT INTO English VALUES(710,32,'correct',0,NULL,NULL);
INSERT INTO English VALUES(712,1,'hello',0,'hello everyone',NULL);
INSERT INTO English VALUES(713,7,'now',0,NULL,10);
INSERT INTO English VALUES(714,15,'pig',0,NULL,NULL);
INSERT INTO English VALUES(715,11,'heart',0,NULL,NULL);
INSERT INTO English VALUES(716,43,'to braise',0,NULL,NULL);
INSERT INTO English VALUES(717,29,'sweet soy sauce braised pork',0,NULL,10);
INSERT INTO English VALUES(718,29,'sweet soy sauce braised egg',0,NULL,10);
INSERT INTO English VALUES(719,23,'leaf',0,NULL,NULL);
INSERT INTO English VALUES(720,32,'classifier',0,'for stick-like objects',NULL);
INSERT INTO English VALUES(721,37,'fork',0,'a fork',NULL);
INSERT INTO English VALUES(722,29,'dried shrimp',0,NULL,10);
INSERT INTO English VALUES(723,35,'city',0,NULL,NULL);
INSERT INTO English VALUES(724,35,'Germany',0,NULL,NULL);
INSERT INTO English VALUES(725,23,'seed',0,NULL,NULL);
INSERT INTO English VALUES(726,32,'classifier',0,'for small pieces',NULL);
INSERT INTO English VALUES(727,14,'to retire',0,NULL,NULL);
INSERT INTO English VALUES(728,13,'to kiss',0,NULL,NULL);
INSERT INTO English VALUES(729,13,'to take photos',0,NULL,NULL);
INSERT INTO English VALUES(730,35,'Philadelphia',0,NULL,NULL);
INSERT INTO English VALUES(731,8,'embarrassed',0,NULL,NULL);
INSERT INTO English VALUES(732,28,'pickled mustard greens',0,NULL,10);
INSERT INTO English VALUES(733,13,'to send',0,NULL,NULL);
INSERT INTO English VALUES(734,16,'to offer good wishes',0,NULL,NULL);
INSERT INTO English VALUES(735,23,'to water',0,NULL,NULL);
INSERT INTO English VALUES(736,35,'Pennsylvania',1,NULL,NULL);
INSERT INTO English VALUES(737,35,'Texas',0,NULL,NULL);
INSERT INTO English VALUES(738,13,'to sing',0,NULL,NULL);
INSERT INTO English VALUES(739,13,'to change',0,NULL,NULL);
INSERT INTO English VALUES(740,9,'to fix',0,NULL,NULL);
INSERT INTO English VALUES(741,6,'battery',0,NULL,NULL);
INSERT INTO English VALUES(742,7,'time',0,'it''s time',10);
INSERT INTO English VALUES(743,10,'waffle',0,NULL,NULL);
INSERT INTO English VALUES(744,31,'diarrhea',0,NULL,NULL);
INSERT INTO English VALUES(745,44,'skin coining',0,NULL,NULL);
INSERT INTO English VALUES(746,44,'dead',0,NULL,NULL);
INSERT INTO English VALUES(747,16,'good idea',0,NULL,NULL);
INSERT INTO English VALUES(748,29,'cured meat',0,NULL,10);
INSERT INTO English VALUES(749,37,'chopsticks',0,'a pair of chopsticks',NULL);
INSERT INTO English VALUES(750,32,'classifier',0,'for slices',NULL);
INSERT INTO English VALUES(751,10,'bread',0,'two slices of bread',NULL);
INSERT INTO English VALUES(752,44,'to exercise',0,NULL,NULL);
INSERT INTO English VALUES(753,17,'stocks',0,NULL,NULL);
INSERT INTO English VALUES(754,10,'Chinese fried dough stick',0,NULL,NULL);
INSERT INTO English VALUES(755,10,'dough',0,NULL,NULL);
INSERT INTO English VALUES(756,8,'few',0,NULL,NULL);
INSERT INTO English VALUES(757,15,'snake',0,NULL,NULL);
INSERT INTO English VALUES(758,38,'airplane',0,NULL,NULL);
INSERT INTO English VALUES(759,13,'to hold',0,NULL,NULL);
INSERT INTO English VALUES(760,13,'to close',0,NULL,NULL);
INSERT INTO English VALUES(761,6,'to turn off',0,NULL,NULL);
INSERT INTO English VALUES(762,44,'medicine',0,NULL,NULL);
INSERT INTO English VALUES(763,35,'English',0,NULL,NULL);
INSERT INTO English VALUES(764,7,'first',0,'beforehand',10);
INSERT INTO English VALUES(765,43,'to scoop rice into a bowl',0,NULL,NULL);
INSERT INTO English VALUES(766,32,'classifier',0,'for pairs',NULL);
INSERT INTO English VALUES(767,7,'just now',0,NULL,10);
INSERT INTO English VALUES(768,44,'skinny',0,NULL,NULL);
INSERT INTO English VALUES(769,44,'fat',0,NULL,NULL);
INSERT INTO English VALUES(770,37,'rice paddle',0,NULL,NULL);
INSERT INTO English VALUES(771,37,'strainer',0,NULL,NULL);
INSERT INTO English VALUES(772,40,'two days ago',0,NULL,3);
INSERT INTO English VALUES(773,40,'three days ago',0,NULL,4);
INSERT INTO English VALUES(774,40,'four days ago',0,NULL,5);
INSERT INTO English VALUES(775,40,'five days ago',0,NULL,6);
INSERT INTO English VALUES(776,40,'in two days',0,NULL,7);
INSERT INTO English VALUES(777,40,'in three days',0,NULL,8);
INSERT INTO English VALUES(778,40,'in four days',0,NULL,9);
INSERT INTO English VALUES(779,40,'in five days',0,NULL,10);
INSERT INTO English VALUES(780,14,'smart',0,NULL,NULL);
INSERT INTO English VALUES(781,43,'to deep fry',0,NULL,NULL);
INSERT INTO English VALUES(782,43,'to steam',0,NULL,NULL);
INSERT INTO English VALUES(783,43,'to roast',0,NULL,NULL);
INSERT INTO English VALUES(784,13,'to dance',0,NULL,NULL);
INSERT INTO English VALUES(785,11,'saliva',0,NULL,NULL);
INSERT INTO English VALUES(786,7,'late',0,NULL,NULL);
INSERT INTO English VALUES(787,46,'brat',0,NULL,NULL);
INSERT INTO English VALUES(788,9,'to throw away',0,NULL,NULL);
INSERT INTO English VALUES(789,8,'smelly',0,NULL,NULL);
INSERT INTO English VALUES(790,43,'to pour',0,NULL,NULL);
INSERT INTO English VALUES(791,38,'to pump gas',0,NULL,NULL);
INSERT INTO English VALUES(792,38,'boat',0,NULL,NULL);
INSERT INTO English VALUES(793,7,'long',0,'time',10);
INSERT INTO English VALUES(794,41,'soft',0,'mushy',NULL);
INSERT INTO English VALUES(795,43,'to pour',0,'over something',NULL);
INSERT INTO English VALUES(796,43,'to pour soup over something',0,NULL,NULL);
INSERT INTO English VALUES(797,13,'to blow',0,NULL,NULL);
INSERT INTO English VALUES(798,43,'to heat up',0,'food',NULL);
INSERT INTO English VALUES(799,8,'hard',0,'firm, stiff',NULL);
INSERT INTO English VALUES(800,28,'water spinach',0,NULL,10);
INSERT INTO English VALUES(801,16,'ball',0,NULL,NULL);
INSERT INTO English VALUES(802,13,'to play sports',0,'with a ball',NULL);
INSERT INTO English VALUES(803,32,'classifier',0,'for instances of time',NULL);
INSERT INTO English VALUES(804,7,'one more time',0,NULL,10);
INSERT INTO English VALUES(805,32,'or...',0,NULL,NULL);
INSERT INTO English VALUES(806,31,'soap',0,NULL,NULL);
INSERT INTO English VALUES(807,5,'sister-in-law',0,'older brother''s wife',NULL);
INSERT INTO English VALUES(808,9,'to lock',0,NULL,NULL);
INSERT INTO English VALUES(809,9,'to lock the door',0,NULL,NULL);
INSERT INTO English VALUES(810,9,'to turn on the lights',0,NULL,NULL);
INSERT INTO English VALUES(811,43,'to pour out',0,NULL,NULL);
INSERT INTO English VALUES(812,32,'altogether',0,NULL,NULL);
INSERT INTO English VALUES(813,32,'really',0,NULL,NULL);
INSERT INTO English VALUES(814,32,'particle that follows a negative statement',0,NULL,NULL);
INSERT INTO English VALUES(815,32,'like',0,'similar to',NULL);
INSERT INTO English VALUES(816,33,'to return',0,'go back',NULL);
INSERT INTO English VALUES(817,29,'dried fish',0,NULL,10);
INSERT INTO English VALUES(818,39,'bottom',0,NULL,NULL);
INSERT INTO English VALUES(819,35,'China',0,NULL,NULL);
INSERT INTO English VALUES(820,18,'purse',0,NULL,NULL);
INSERT INTO English VALUES(821,8,'happy',0,NULL,NULL);
INSERT INTO English VALUES(822,38,'to go back home',0,NULL,NULL);
INSERT INTO English VALUES(823,10,'pasta',0,NULL,NULL);
INSERT INTO English VALUES(824,23,'humid',0,NULL,NULL);
INSERT INTO English VALUES(825,10,'peanut',0,NULL,NULL);
INSERT INTO English VALUES(826,28,'mung bean',0,NULL,10);
INSERT INTO English VALUES(827,15,'monkey',0,NULL,NULL);
INSERT INTO English VALUES(828,7,'a short while',0,NULL,10);
INSERT INTO English VALUES(829,13,'to stack things',0,NULL,NULL);
INSERT INTO English VALUES(830,43,'to drink',0,NULL,NULL);
INSERT INTO English VALUES(831,11,'blood',0,NULL,NULL);
INSERT INTO English VALUES(832,15,'butterfly',0,NULL,NULL);
INSERT INTO English VALUES(833,43,'to sip soup',0,NULL,NULL);
CREATE TABLE Chinese (
    id          integer primary key,
    simplified  text,
    traditional text,
    pengim text, standard_pengim text);
INSERT INTO Chinese VALUES(1,'',NULL,'leu2',NULL);
INSERT INTO Chinese VALUES(2,'',NULL,'ho2',NULL);
INSERT INTO Chinese VALUES(3,'',NULL,'joi7',NULL);
INSERT INTO Chinese VALUES(5,'','','sia7',NULL);
INSERT INTO Chinese VALUES(6,'','','dui3',NULL);
INSERT INTO Chinese VALUES(7,'',NULL,'im6',NULL);
INSERT INTO Chinese VALUES(8,'',NULL,'ju6',NULL);
INSERT INTO Chinese VALUES(9,'','','lai6',NULL);
INSERT INTO Chinese VALUES(10,'',NULL,'mo2',NULL);
INSERT INTO Chinese VALUES(11,'',NULL,'i3',NULL);
INSERT INTO Chinese VALUES(12,'',NULL,'seu1',NULL);
INSERT INTO Chinese VALUES(13,'',NULL,'ua2',NULL);
INSERT INTO Chinese VALUES(14,'',NULL,'jai1',NULL);
INSERT INTO Chinese VALUES(15,'','','ou1',NULL);
INSERT INTO Chinese VALUES(16,'',NULL,'beh8',NULL);
INSERT INTO Chinese VALUES(17,'','','ang5',NULL);
INSERT INTO Chinese VALUES(18,'',NULL,'gan1',NULL);
INSERT INTO Chinese VALUES(19,'','','eung5',NULL);
INSERT INTO Chinese VALUES(20,'',NULL,'chen1',NULL);
INSERT INTO Chinese VALUES(21,'','','lek8',NULL);
INSERT INTO Chinese VALUES(22,'','','nam5',NULL);
INSERT INTO Chinese VALUES(23,'',NULL,'ji2',NULL);
INSERT INTO Chinese VALUES(25,'',NULL,'gim1',NULL);
INSERT INTO Chinese VALUES(26,'',NULL,'hui1',NULL);
INSERT INTO Chinese VALUES(27,'',NULL,'hung2',NULL);
INSERT INTO Chinese VALUES(28,'',NULL,'i1',NULL);
INSERT INTO Chinese VALUES(29,'',NULL,'nang5',NULL);
INSERT INTO Chinese VALUES(30,'',NULL,'nang7',NULL);
INSERT INTO Chinese VALUES(31,'',NULL,'nang2',NULL);
INSERT INTO Chinese VALUES(32,'',NULL,'ba1',NULL);
INSERT INTO Chinese VALUES(33,'',NULL,'ba5',NULL);
INSERT INTO Chinese VALUES(34,'','','ma1',NULL);
INSERT INTO Chinese VALUES(35,'','','ma2',NULL);
INSERT INTO Chinese VALUES(36,'','','ma5',NULL);
INSERT INTO Chinese VALUES(37,'',NULL,'ghua7',NULL);
INSERT INTO Chinese VALUES(38,'',NULL,'gian2',NULL);
INSERT INTO Chinese VALUES(39,'',NULL,'dua7',NULL);
INSERT INTO Chinese VALUES(40,'',NULL,'da1',NULL);
INSERT INTO Chinese VALUES(41,'',NULL,'dai6',NULL);
INSERT INTO Chinese VALUES(42,'','','hak8',NULL);
INSERT INTO Chinese VALUES(43,'',NULL,'hao6',NULL);
INSERT INTO Chinese VALUES(44,'','','jiang2',NULL);
INSERT INTO Chinese VALUES(45,'',NULL,'hian1',NULL);
INSERT INTO Chinese VALUES(46,'',NULL,'di6',NULL);
INSERT INTO Chinese VALUES(47,'',NULL,'tang5',NULL);
INSERT INTO Chinese VALUES(48,'',NULL,'bio2',NULL);
INSERT INTO Chinese VALUES(49,'',NULL,'je2',NULL);
INSERT INTO Chinese VALUES(50,'',NULL,'mue6',NULL);
INSERT INTO Chinese VALUES(51,'',NULL,'ang1',NULL);
INSERT INTO Chinese VALUES(52,'',NULL,'m2',NULL);
INSERT INTO Chinese VALUES(53,'',NULL,'bhou2',NULL);
INSERT INTO Chinese VALUES(54,'',NULL,'gong1',NULL);
INSERT INTO Chinese VALUES(55,'','','sung1',NULL);
INSERT INTO Chinese VALUES(56,'',NULL,'beh4',NULL);
INSERT INTO Chinese VALUES(57,'',NULL,'jek4',NULL);
INSERT INTO Chinese VALUES(58,'',NULL,'dion6',NULL);
INSERT INTO Chinese VALUES(59,'',NULL,'gu6',NULL);
INSERT INTO Chinese VALUES(60,'','','sim2',NULL);
INSERT INTO Chinese VALUES(61,'',NULL,'gou1',NULL);
INSERT INTO Chinese VALUES(62,'',NULL,'i5',NULL);
INSERT INTO Chinese VALUES(63,'',NULL,'gim6',NULL);
INSERT INTO Chinese VALUES(64,'','','cheng1','ching1');
INSERT INTO Chinese VALUES(65,'',NULL,'chek4',NULL);
INSERT INTO Chinese VALUES(66,'','','diang6',NULL);
INSERT INTO Chinese VALUES(67,'','','si6',NULL);
INSERT INTO Chinese VALUES(68,'','','nao2',NULL);
INSERT INTO Chinese VALUES(69,'','','ue7',NULL);
INSERT INTO Chinese VALUES(71,'','','loi2',NULL);
INSERT INTO Chinese VALUES(72,'',NULL,'bai3',NULL);
INSERT INTO Chinese VALUES(74,'',NULL,'jap8',NULL);
INSERT INTO Chinese VALUES(75,'',NULL,'yi6',NULL);
INSERT INTO Chinese VALUES(76,'',NULL,'san1',NULL);
INSERT INTO Chinese VALUES(77,'',NULL,'si3',NULL);
INSERT INTO Chinese VALUES(78,'',NULL,'ngou6',NULL);
INSERT INTO Chinese VALUES(79,'',NULL,'lak8',NULL);
INSERT INTO Chinese VALUES(80,'',NULL,'ghueh8',NULL);
INSERT INTO Chinese VALUES(82,'',NULL,'boih4',NULL);
INSERT INTO Chinese VALUES(83,'',NULL,'gao2',NULL);
INSERT INTO Chinese VALUES(84,'',NULL,'ni5',NULL);
INSERT INTO Chinese VALUES(85,'','','soi3',NULL);
INSERT INTO Chinese VALUES(86,'',NULL,'bou1',NULL);
INSERT INTO Chinese VALUES(87,'',NULL,'dao1',NULL);
INSERT INTO Chinese VALUES(88,'',NULL,'gim1',NULL);
INSERT INTO Chinese VALUES(90,'',NULL,'chu3',NULL);
INSERT INTO Chinese VALUES(91,'','','diao5',NULL);
INSERT INTO Chinese VALUES(92,'',NULL,'lao6',NULL);
INSERT INTO Chinese VALUES(93,'','','seu1',NULL);
INSERT INTO Chinese VALUES(94,'',NULL,'seng1','sing1');
INSERT INTO Chinese VALUES(95,'',NULL,'sen1',NULL);
INSERT INTO Chinese VALUES(96,'','','goi1',NULL);
INSERT INTO Chinese VALUES(97,'',NULL,'bhah4',NULL);
INSERT INTO Chinese VALUES(98,'','','deu1',NULL);
INSERT INTO Chinese VALUES(99,'',NULL,'chue1',NULL);
INSERT INTO Chinese VALUES(100,'','','gi1',NULL);
INSERT INTO Chinese VALUES(101,'',NULL,'ki3',NULL);
INSERT INTO Chinese VALUES(102,'',NULL,'jui2',NULL);
INSERT INTO Chinese VALUES(103,'',NULL,'ni6',NULL);
INSERT INTO Chinese VALUES(104,'',NULL,'de5',NULL);
INSERT INTO Chinese VALUES(105,'',NULL,'ia5',NULL);
INSERT INTO Chinese VALUES(106,'',NULL,'ji2',NULL);
INSERT INTO Chinese VALUES(107,'',NULL,'ja2',NULL);
INSERT INTO Chinese VALUES(108,'',NULL,'chang1',NULL);
INSERT INTO Chinese VALUES(109,'',NULL,'dong1',NULL);
INSERT INTO Chinese VALUES(110,'',NULL,'ngou2',NULL);
INSERT INTO Chinese VALUES(111,'',NULL,'men5',NULL);
INSERT INTO Chinese VALUES(112,'','','ah4',NULL);
INSERT INTO Chinese VALUES(113,'',NULL,'cho3',NULL);
INSERT INTO Chinese VALUES(114,'','','yong5',NULL);
INSERT INTO Chinese VALUES(115,'',NULL,'guang3',NULL);
INSERT INTO Chinese VALUES(116,'','','chiang5',NULL);
INSERT INTO Chinese VALUES(117,'','','lah8',NULL);
INSERT INTO Chinese VALUES(118,'',NULL,'hoi6',NULL);
INSERT INTO Chinese VALUES(119,'','','he5',NULL);
INSERT INTO Chinese VALUES(120,'',NULL,'chai3',NULL);
INSERT INTO Chinese VALUES(121,'',NULL,'gu2',NULL);
INSERT INTO Chinese VALUES(122,'',NULL,'dao7',NULL);
INSERT INTO Chinese VALUES(123,'',NULL,'ghe5',NULL);
INSERT INTO Chinese VALUES(124,'',NULL,'dang1',NULL);
INSERT INTO Chinese VALUES(125,'',NULL,'gue1',NULL);
INSERT INTO Chinese VALUES(126,'',NULL,'ngang5',NULL);
INSERT INTO Chinese VALUES(127,'','','liang5',NULL);
INSERT INTO Chinese VALUES(128,'',NULL,'gio5',NULL);
INSERT INTO Chinese VALUES(129,'',NULL,'sek4',NULL);
INSERT INTO Chinese VALUES(130,'',NULL,'ion5',NULL);
INSERT INTO Chinese VALUES(131,'',NULL,'hue2',NULL);
INSERT INTO Chinese VALUES(132,'',NULL,'mo5',NULL);
INSERT INTO Chinese VALUES(133,'',NULL,'ghu5',NULL);
INSERT INTO Chinese VALUES(134,'','','in5',NULL);
INSERT INTO Chinese VALUES(135,'',NULL,'iu5',NULL);
INSERT INTO Chinese VALUES(136,'',NULL,'hai2',NULL);
INSERT INTO Chinese VALUES(137,'','','chin1',NULL);
INSERT INTO Chinese VALUES(138,'','','leng5',NULL);
INSERT INTO Chinese VALUES(139,'','','dua3',NULL);
INSERT INTO Chinese VALUES(140,'',NULL,'chao2',NULL);
INSERT INTO Chinese VALUES(141,'',NULL,'buk4',NULL);
INSERT INTO Chinese VALUES(142,'','','huang3',NULL);
INSERT INTO Chinese VALUES(143,'',NULL,'bo5',NULL);
INSERT INTO Chinese VALUES(144,'',NULL,'ho5',NULL);
INSERT INTO Chinese VALUES(145,'',NULL,'uang5',NULL);
INSERT INTO Chinese VALUES(146,'',NULL,'sui1',NULL);
INSERT INTO Chinese VALUES(147,'','','chang1',NULL);
INSERT INTO Chinese VALUES(148,'',NULL,'seung3',NULL);
INSERT INTO Chinese VALUES(149,'','','tao5',NULL);
INSERT INTO Chinese VALUES(150,'','','hiam1',NULL);
INSERT INTO Chinese VALUES(151,'',NULL,'jio1',NULL);
INSERT INTO Chinese VALUES(152,'',NULL,'gou1',NULL);
INSERT INTO Chinese VALUES(153,'',NULL,'bhak8',NULL);
INSERT INTO Chinese VALUES(154,'',NULL,'yeu2',NULL);
INSERT INTO Chinese VALUES(155,'',NULL,'sai1',NULL);
INSERT INTO Chinese VALUES(156,'',NULL,'ion5',NULL);
INSERT INTO Chinese VALUES(157,'',NULL,'pang1',NULL);
INSERT INTO Chinese VALUES(158,'',NULL,'bue1',NULL);
INSERT INTO Chinese VALUES(159,'',NULL,'leng5',NULL);
INSERT INTO Chinese VALUES(160,'','','sung2',NULL);
INSERT INTO Chinese VALUES(161,'','','lou5',NULL);
INSERT INTO Chinese VALUES(162,'',NULL,'huang1',NULL);
INSERT INTO Chinese VALUES(163,'','','bheh8',NULL);
INSERT INTO Chinese VALUES(164,'',NULL,'kou2',NULL);
INSERT INTO Chinese VALUES(165,'',NULL,'ou7',NULL);
INSERT INTO Chinese VALUES(166,'',NULL,'gue2',NULL);
INSERT INTO Chinese VALUES(167,'',NULL,'lai5',NULL);
INSERT INTO Chinese VALUES(168,'',NULL,'gek4',NULL);
INSERT INTO Chinese VALUES(169,'','','tou5',NULL);
INSERT INTO Chinese VALUES(170,'',NULL,'iu7',NULL);
INSERT INTO Chinese VALUES(171,'',NULL,'bo1',NULL);
INSERT INTO Chinese VALUES(172,'','','lo5',NULL);
INSERT INTO Chinese VALUES(173,'',NULL,'bhek8','bhik8');
INSERT INTO Chinese VALUES(174,'',NULL,'seung1',NULL);
INSERT INTO Chinese VALUES(175,'',NULL,'sioh8',NULL);
INSERT INTO Chinese VALUES(176,'',NULL,'liu5',NULL);
INSERT INTO Chinese VALUES(177,'',NULL,'si1',NULL);
INSERT INTO Chinese VALUES(178,'',NULL,'gia1',NULL);
INSERT INTO Chinese VALUES(179,'',NULL,'hu7',NULL);
INSERT INTO Chinese VALUES(180,'',NULL,'diao3',NULL);
INSERT INTO Chinese VALUES(181,'',NULL,'gak4',NULL);
INSERT INTO Chinese VALUES(183,'',NULL,'la7',NULL);
INSERT INTO Chinese VALUES(184,'','','hong5',NULL);
INSERT INTO Chinese VALUES(185,'',NULL,'pu5',NULL);
INSERT INTO Chinese VALUES(186,'',NULL,'do5',NULL);
INSERT INTO Chinese VALUES(187,'',NULL,'jiu2',NULL);
INSERT INTO Chinese VALUES(189,'',NULL,'gue2',NULL);
INSERT INTO Chinese VALUES(190,'','','yuah8',NULL);
INSERT INTO Chinese VALUES(191,'',NULL,'mian5',NULL);
INSERT INTO Chinese VALUES(192,'',NULL,'di7',NULL);
INSERT INTO Chinese VALUES(193,'',NULL,'diang1',NULL);
INSERT INTO Chinese VALUES(194,'','','gai5',NULL);
INSERT INTO Chinese VALUES(195,'','','si5',NULL);
INSERT INTO Chinese VALUES(196,'','','go3',NULL);
INSERT INTO Chinese VALUES(197,'',NULL,'jo3',NULL);
INSERT INTO Chinese VALUES(198,'',NULL,'ni5',NULL);
INSERT INTO Chinese VALUES(199,'',NULL,'uang2',NULL);
INSERT INTO Chinese VALUES(200,'','','hiah8',NULL);
INSERT INTO Chinese VALUES(201,'',NULL,'meng7','ming7');
INSERT INTO Chinese VALUES(202,'',NULL,'mak8',NULL);
INSERT INTO Chinese VALUES(203,'',NULL,'bhai5',NULL);
INSERT INTO Chinese VALUES(204,'',NULL,'hin6',NULL);
INSERT INTO Chinese VALUES(205,'',NULL,'pin7',NULL);
INSERT INTO Chinese VALUES(206,'',NULL,'chui3',NULL);
INSERT INTO Chinese VALUES(207,'',NULL,'jih8',NULL);
INSERT INTO Chinese VALUES(208,'',NULL,'ghe5',NULL);
INSERT INTO Chinese VALUES(209,'','','ki2',NULL);
INSERT INTO Chinese VALUES(210,'',NULL,'e6',NULL);
INSERT INTO Chinese VALUES(211,'','','hai5',NULL);
INSERT INTO Chinese VALUES(212,'','','am6',NULL);
INSERT INTO Chinese VALUES(213,'',NULL,'ao5',NULL);
INSERT INTO Chinese VALUES(214,'','','leng5',NULL);
INSERT INTO Chinese VALUES(215,'','','nai5',NULL);
INSERT INTO Chinese VALUES(216,'',NULL,'gao6',NULL);
INSERT INTO Chinese VALUES(217,'',NULL,'gain1',NULL);
INSERT INTO Chinese VALUES(218,'',NULL,'chiu2',NULL);
INSERT INTO Chinese VALUES(219,'',NULL,'jain2',NULL);
INSERT INTO Chinese VALUES(220,'','','beung7',NULL);
INSERT INTO Chinese VALUES(221,'','','ka1',NULL);
INSERT INTO Chinese VALUES(222,'',NULL,'ka1',NULL);
INSERT INTO Chinese VALUES(223,'',NULL,'cheung1',NULL);
INSERT INTO Chinese VALUES(224,'',NULL,'bian1',NULL);
INSERT INTO Chinese VALUES(225,'',NULL,'seung1',NULL);
INSERT INTO Chinese VALUES(226,'',NULL,'io1',NULL);
INSERT INTO Chinese VALUES(227,'',NULL,'mi7',NULL);
INSERT INTO Chinese VALUES(228,'',NULL,'mue5',NULL);
INSERT INTO Chinese VALUES(229,'',NULL,'bao1',NULL);
INSERT INTO Chinese VALUES(230,'','','teung1',NULL);
INSERT INTO Chinese VALUES(231,'',NULL,'mueh8',NULL);
INSERT INTO Chinese VALUES(232,'','','dou5',NULL);
INSERT INTO Chinese VALUES(233,'','','jeu1',NULL);
INSERT INTO Chinese VALUES(234,'','','guang2',NULL);
INSERT INTO Chinese VALUES(235,'',NULL,'gek8',NULL);
INSERT INTO Chinese VALUES(236,'',NULL,'bhue5',NULL);
INSERT INTO Chinese VALUES(237,'','','ga1',NULL);
INSERT INTO Chinese VALUES(238,'',NULL,'do1',NULL);
INSERT INTO Chinese VALUES(239,'',NULL,'m6',NULL);
INSERT INTO Chinese VALUES(240,'','','jin5',NULL);
INSERT INTO Chinese VALUES(241,'','','lui1',NULL);
INSERT INTO Chinese VALUES(242,'','','gui2',NULL);
INSERT INTO Chinese VALUES(243,'',NULL,'do6',NULL);
INSERT INTO Chinese VALUES(244,'',NULL,'keu3',NULL);
INSERT INTO Chinese VALUES(245,'',NULL,'jain5',NULL);
INSERT INTO Chinese VALUES(246,'','','ao6',NULL);
INSERT INTO Chinese VALUES(247,'',NULL,'chi6',NULL);
INSERT INTO Chinese VALUES(248,'',NULL,'jiah8',NULL);
INSERT INTO Chinese VALUES(249,'','','chi3',NULL);
INSERT INTO Chinese VALUES(250,'',NULL,'bang3',NULL);
INSERT INTO Chinese VALUES(251,'',NULL,'yio7',NULL);
INSERT INTO Chinese VALUES(252,'',NULL,'sai2',NULL);
INSERT INTO Chinese VALUES(253,'',NULL,'pui3',NULL);
INSERT INTO Chinese VALUES(254,'',NULL,'jek8',NULL);
INSERT INTO Chinese VALUES(255,'',NULL,'guin5',NULL);
INSERT INTO Chinese VALUES(256,'',NULL,'ji2',NULL);
INSERT INTO Chinese VALUES(257,'',NULL,'kou1',NULL);
INSERT INTO Chinese VALUES(258,'','','bhoi2',NULL);
INSERT INTO Chinese VALUES(259,'',NULL,'da1',NULL);
INSERT INTO Chinese VALUES(260,'','','ain3',NULL);
INSERT INTO Chinese VALUES(261,'',NULL,'san1',NULL);
INSERT INTO Chinese VALUES(262,'','','kou3',NULL);
INSERT INTO Chinese VALUES(263,'',NULL,'oi5',NULL);
INSERT INTO Chinese VALUES(264,'','','ghueh8',NULL);
INSERT INTO Chinese VALUES(265,'',NULL,'hah8',NULL);
INSERT INTO Chinese VALUES(266,'',NULL,'do2',NULL);
INSERT INTO Chinese VALUES(267,'',NULL,'oi2',NULL);
INSERT INTO Chinese VALUES(268,'',NULL,'si6',NULL);
INSERT INTO Chinese VALUES(269,'','','bek8',NULL);
INSERT INTO Chinese VALUES(270,'','','ngiap8',NULL);
INSERT INTO Chinese VALUES(271,'','','hue3',NULL);
INSERT INTO Chinese VALUES(272,'','','oh8',NULL);
INSERT INTO Chinese VALUES(273,'',NULL,'dan3',NULL);
INSERT INTO Chinese VALUES(274,'','','gang1',NULL);
INSERT INTO Chinese VALUES(275,'',NULL,'u6',NULL);
INSERT INTO Chinese VALUES(276,'','','bho5',NULL);
INSERT INTO Chinese VALUES(277,'',NULL,'jek8',NULL);
INSERT INTO Chinese VALUES(278,'','','no6',NULL);
INSERT INTO Chinese VALUES(279,'',NULL,'no6',NULL);
INSERT INTO Chinese VALUES(280,'',NULL,'dio5',NULL);
INSERT INTO Chinese VALUES(281,'',NULL,'jiu1',NULL);
INSERT INTO Chinese VALUES(282,'',NULL,'ue7',NULL);
INSERT INTO Chinese VALUES(283,'',NULL,'gion1',NULL);
INSERT INTO Chinese VALUES(284,'','','hi3',NULL);
INSERT INTO Chinese VALUES(285,'',NULL,'kao2',NULL);
INSERT INTO Chinese VALUES(286,'',NULL,'bain5',NULL);
INSERT INTO Chinese VALUES(287,'','','heung5',NULL);
INSERT INTO Chinese VALUES(288,'',NULL,'dou2',NULL);
INSERT INTO Chinese VALUES(289,'',NULL,'loh8',NULL);
INSERT INTO Chinese VALUES(290,'',NULL,'hou6',NULL);
INSERT INTO Chinese VALUES(291,'','','sia2',NULL);
INSERT INTO Chinese VALUES(292,'',NULL,'yi7',NULL);
INSERT INTO Chinese VALUES(293,'','','heu5',NULL);
INSERT INTO Chinese VALUES(294,'','','chiu7',NULL);
INSERT INTO Chinese VALUES(295,'',NULL,'mua3',NULL);
INSERT INTO Chinese VALUES(296,'',NULL,'ma3',NULL);
INSERT INTO Chinese VALUES(297,'',NULL,'meng5',NULL);
INSERT INTO Chinese VALUES(298,'',NULL,'me5',NULL);
INSERT INTO Chinese VALUES(299,'',NULL,'si7',NULL);
INSERT INTO Chinese VALUES(300,'','','iam5',NULL);
INSERT INTO Chinese VALUES(301,'',NULL,'hou5',NULL);
INSERT INTO Chinese VALUES(302,'',NULL,'teung5',NULL);
INSERT INTO Chinese VALUES(303,'',NULL,'bhi7',NULL);
INSERT INTO Chinese VALUES(304,'',NULL,'jeng1',NULL);
INSERT INTO Chinese VALUES(305,'',NULL,'sioh4',NULL);
INSERT INTO Chinese VALUES(306,'',NULL,'jeu2',NULL);
INSERT INTO Chinese VALUES(307,'','','deung5',NULL);
INSERT INTO Chinese VALUES(308,'',NULL,'mang7',NULL);
INSERT INTO Chinese VALUES(309,'',NULL,'si5',NULL);
INSERT INTO Chinese VALUES(310,'',NULL,'deu7',NULL);
INSERT INTO Chinese VALUES(311,'',NULL,'che1',NULL);
INSERT INTO Chinese VALUES(312,'','','ui1',NULL);
INSERT INTO Chinese VALUES(313,'',NULL,'seng1',NULL);
INSERT INTO Chinese VALUES(314,'',NULL,'gao2',NULL);
INSERT INTO Chinese VALUES(315,'','','ngiao1',NULL);
INSERT INTO Chinese VALUES(316,'','','ngiao2',NULL);
INSERT INTO Chinese VALUES(317,'',NULL,'cheu2',NULL);
INSERT INTO Chinese VALUES(318,'','','bhe2',NULL);
INSERT INTO Chinese VALUES(319,'','','jiao2',NULL);
INSERT INTO Chinese VALUES(320,'',NULL,'mang2',NULL);
INSERT INTO Chinese VALUES(321,'',NULL,'hue1',NULL);
INSERT INTO Chinese VALUES(322,'',NULL,'kao3',NULL);
INSERT INTO Chinese VALUES(323,'','','lou2',NULL);
INSERT INTO Chinese VALUES(324,'',NULL,'in6',NULL);
INSERT INTO Chinese VALUES(325,'',NULL,'uk8',NULL);
INSERT INTO Chinese VALUES(326,'','','siap4',NULL);
INSERT INTO Chinese VALUES(327,'','','lai5',NULL);
INSERT INTO Chinese VALUES(328,'',NULL,'sio1',NULL);
INSERT INTO Chinese VALUES(329,'','','hu6',NULL);
INSERT INTO Chinese VALUES(330,'',NULL,'deung5',NULL);
INSERT INTO Chinese VALUES(331,'',NULL,'mai3',NULL);
INSERT INTO Chinese VALUES(332,'','','chi1',NULL);
INSERT INTO Chinese VALUES(333,'',NULL,'ghi5',NULL);
INSERT INTO Chinese VALUES(334,'','','heu2',NULL);
INSERT INTO Chinese VALUES(335,'',NULL,'mai3',NULL);
INSERT INTO Chinese VALUES(336,'',NULL,'jo6',NULL);
INSERT INTO Chinese VALUES(337,'',NULL,'chio3',NULL);
INSERT INTO Chinese VALUES(338,'','','meung7',NULL);
INSERT INTO Chinese VALUES(339,'','','ian5',NULL);
INSERT INTO Chinese VALUES(340,'',NULL,'hang5',NULL);
INSERT INTO Chinese VALUES(341,'',NULL,'seung2',NULL);
INSERT INTO Chinese VALUES(342,'',NULL,'ja1',NULL);
INSERT INTO Chinese VALUES(343,'',NULL,'bhou2',NULL);
INSERT INTO Chinese VALUES(344,'',NULL,'ion5',NULL);
INSERT INTO Chinese VALUES(345,'',NULL,'jao2',NULL);
INSERT INTO Chinese VALUES(346,'',NULL,'si1',NULL);
INSERT INTO Chinese VALUES(347,'',NULL,'ek8',NULL);
INSERT INTO Chinese VALUES(348,'','','dao3',NULL);
INSERT INTO Chinese VALUES(349,'',NULL,'gua3',NULL);
INSERT INTO Chinese VALUES(350,'',NULL,'heung1',NULL);
INSERT INTO Chinese VALUES(351,'',NULL,'nou1',NULL);
INSERT INTO Chinese VALUES(352,'',NULL,'peng5',NULL);
INSERT INTO Chinese VALUES(353,'',NULL,'iu2',NULL);
INSERT INTO Chinese VALUES(354,'',NULL,'sek8',NULL);
INSERT INTO Chinese VALUES(355,'',NULL,'siao2',NULL);
INSERT INTO Chinese VALUES(356,'','','yung7',NULL);
INSERT INTO Chinese VALUES(357,'','','nam2',NULL);
INSERT INTO Chinese VALUES(358,'',NULL,'ngeng5','nging5');
INSERT INTO Chinese VALUES(359,'',NULL,'hung1',NULL);
INSERT INTO Chinese VALUES(360,'',NULL,'chim1',NULL);
INSERT INTO Chinese VALUES(361,'',NULL,'be6',NULL);
INSERT INTO Chinese VALUES(362,'','','ai5',NULL);
INSERT INTO Chinese VALUES(363,'',NULL,'chek4','chik4');
INSERT INTO Chinese VALUES(364,'','','chiang2',NULL);
INSERT INTO Chinese VALUES(365,'',NULL,'ek4','ik4');
INSERT INTO Chinese VALUES(366,'',NULL,'jian1',NULL);
INSERT INTO Chinese VALUES(367,'',NULL,'yek8','yik8');
INSERT INTO Chinese VALUES(368,'',NULL,'geng1','ging1');
INSERT INTO Chinese VALUES(369,'',NULL,'gao1',NULL);
INSERT INTO Chinese VALUES(370,'',NULL,'miang5',NULL);
INSERT INTO Chinese VALUES(371,'',NULL,'ne2',NULL);
INSERT INTO Chinese VALUES(372,'','','ki3',NULL);
INSERT INTO Chinese VALUES(373,'',NULL,'be5',NULL);
INSERT INTO Chinese VALUES(374,'','','pou1',NULL);
INSERT INTO Chinese VALUES(375,'',NULL,'bang5',NULL);
INSERT INTO Chinese VALUES(376,'',NULL,'pue6',NULL);
INSERT INTO Chinese VALUES(377,'',NULL,'puang5',NULL);
INSERT INTO Chinese VALUES(378,'',NULL,'in2',NULL);
INSERT INTO Chinese VALUES(379,'','','meung5',NULL);
INSERT INTO Chinese VALUES(380,'','','huang1',NULL);
INSERT INTO Chinese VALUES(381,'','','sin3',NULL);
INSERT INTO Chinese VALUES(382,'','','du5',NULL);
INSERT INTO Chinese VALUES(383,'',NULL,'jim2',NULL);
INSERT INTO Chinese VALUES(384,'','','che3',NULL);
INSERT INTO Chinese VALUES(385,'',NULL,'so2',NULL);
INSERT INTO Chinese VALUES(386,'',NULL,'cheung5',NULL);
INSERT INTO Chinese VALUES(387,'',NULL,'jang5',NULL);
INSERT INTO Chinese VALUES(388,'',NULL,'soi2',NULL);
INSERT INTO Chinese VALUES(389,'',NULL,'teng1',NULL);
INSERT INTO Chinese VALUES(390,'',NULL,'am3',NULL);
INSERT INTO Chinese VALUES(391,'',NULL,'me2',NULL);
INSERT INTO Chinese VALUES(392,'',NULL,'guk4',NULL);
INSERT INTO Chinese VALUES(393,'',NULL,'pou6',NULL);
INSERT INTO Chinese VALUES(394,'','','jua2',NULL);
INSERT INTO Chinese VALUES(395,'','','bek4','bik4');
INSERT INTO Chinese VALUES(396,'','','eng5','ing5');
INSERT INTO Chinese VALUES(397,'','','tak8',NULL);
INSERT INTO Chinese VALUES(398,'',NULL,'kung3',NULL);
INSERT INTO Chinese VALUES(399,'','','peng5','ping5');
INSERT INTO Chinese VALUES(400,'',NULL,'geng1',NULL);
INSERT INTO Chinese VALUES(401,'',NULL,'neung6',NULL);
INSERT INTO Chinese VALUES(402,'',NULL,'ga1',NULL);
INSERT INTO Chinese VALUES(403,'',NULL,'hui1',NULL);
INSERT INTO Chinese VALUES(404,'',NULL,'jap4',NULL);
INSERT INTO Chinese VALUES(405,'',NULL,'meh4','mih4');
INSERT INTO Chinese VALUES(406,'','','diang1',NULL);
INSERT INTO Chinese VALUES(407,'','','diang5',NULL);
INSERT INTO Chinese VALUES(408,'',NULL,'jo3',NULL);
INSERT INTO Chinese VALUES(409,'',NULL,'ngia2',NULL);
INSERT INTO Chinese VALUES(410,'','','so2',NULL);
INSERT INTO Chinese VALUES(411,'',NULL,'jia1',NULL);
INSERT INTO Chinese VALUES(412,'',NULL,'toin2',NULL);
INSERT INTO Chinese VALUES(413,'','','ain5',NULL);
INSERT INTO Chinese VALUES(414,'',NULL,'pin1',NULL);
INSERT INTO Chinese VALUES(415,'','','gui3',NULL);
INSERT INTO Chinese VALUES(416,'',NULL,'da1',NULL);
INSERT INTO Chinese VALUES(417,'',NULL,'bain5',NULL);
INSERT INTO Chinese VALUES(418,'','','diam2',NULL);
INSERT INTO Chinese VALUES(419,'',NULL,'kang3',NULL);
INSERT INTO Chinese VALUES(420,'',NULL,'buan3',NULL);
INSERT INTO Chinese VALUES(421,'',NULL,'seung3',NULL);
INSERT INTO Chinese VALUES(422,'','','goi3',NULL);
INSERT INTO Chinese VALUES(423,'',NULL,'chioh4',NULL);
INSERT INTO Chinese VALUES(424,'',NULL,'geh4',NULL);
INSERT INTO Chinese VALUES(425,'',NULL,'ni5',NULL);
INSERT INTO Chinese VALUES(426,'',NULL,'cho1',NULL);
INSERT INTO Chinese VALUES(427,'',NULL,'siao2',NULL);
INSERT INTO Chinese VALUES(428,'',NULL,'jin2',NULL);
INSERT INTO Chinese VALUES(429,'',NULL,'iun3',NULL);
INSERT INTO Chinese VALUES(430,'',NULL,'jio1',NULL);
INSERT INTO Chinese VALUES(431,'','','lou5',NULL);
INSERT INTO Chinese VALUES(432,'','','deng1',NULL);
INSERT INTO Chinese VALUES(433,'','','chion5',NULL);
INSERT INTO Chinese VALUES(434,'',NULL,'chain1',NULL);
INSERT INTO Chinese VALUES(435,'',NULL,'tui1',NULL);
INSERT INTO Chinese VALUES(436,'','','lao5',NULL);
INSERT INTO Chinese VALUES(437,'',NULL,'beh4',NULL);
INSERT INTO Chinese VALUES(438,'','','dou5',NULL);
INSERT INTO Chinese VALUES(439,'',NULL,'keh4',NULL);
INSERT INTO Chinese VALUES(440,'','','tian1',NULL);
INSERT INTO Chinese VALUES(441,'',NULL,'ja1',NULL);
INSERT INTO Chinese VALUES(442,'',NULL,'jao1',NULL);
INSERT INTO Chinese VALUES(443,'',NULL,'ki2',NULL);
INSERT INTO Chinese VALUES(444,'',NULL,'meung5',NULL);
INSERT INTO Chinese VALUES(445,'',NULL,'dah4',NULL);
INSERT INTO Chinese VALUES(446,'',NULL,'ben5',NULL);
INSERT INTO Chinese VALUES(447,'','','ion7',NULL);
INSERT INTO Chinese VALUES(448,'',NULL,'uan2',NULL);
INSERT INTO Chinese VALUES(449,'',NULL,'tin1',NULL);
INSERT INTO Chinese VALUES(450,'',NULL,'dih4',NULL);
INSERT INTO Chinese VALUES(451,'',NULL,'suk4',NULL);
INSERT INTO Chinese VALUES(452,'',NULL,'bou3',NULL);
INSERT INTO Chinese VALUES(453,'','','su1',NULL);
INSERT INTO Chinese VALUES(454,'',NULL,'bio1',NULL);
INSERT INTO Chinese VALUES(455,'',NULL,'soh4',NULL);
INSERT INTO Chinese VALUES(456,'',NULL,'gung5',NULL);
INSERT INTO Chinese VALUES(457,'',NULL,'song5',NULL);
INSERT INTO Chinese VALUES(458,'',NULL,'chiu3',NULL);
INSERT INTO Chinese VALUES(459,'',NULL,'go1',NULL);
INSERT INTO Chinese VALUES(460,'','','dioh8',NULL);
INSERT INTO Chinese VALUES(461,'',NULL,'tou3',NULL);
INSERT INTO Chinese VALUES(462,'',NULL,'dang2',NULL);
INSERT INTO Chinese VALUES(463,'',NULL,'joh4',NULL);
INSERT INTO Chinese VALUES(464,'',NULL,'gang1',NULL);
INSERT INTO Chinese VALUES(465,'',NULL,'kang1',NULL);
INSERT INTO Chinese VALUES(466,'','','kue3',NULL);
INSERT INTO Chinese VALUES(467,'','','seng5','sing5');
INSERT INTO Chinese VALUES(468,'',NULL,'chek4','chik4');
INSERT INTO Chinese VALUES(469,'',NULL,'bong7',NULL);
INSERT INTO Chinese VALUES(470,'','','heung6',NULL);
INSERT INTO Chinese VALUES(471,'',NULL,'hoh4',NULL);
INSERT INTO Chinese VALUES(472,'',NULL,'bhue7',NULL);
INSERT INTO Chinese VALUES(473,'','','chue7',NULL);
INSERT INTO Chinese VALUES(474,'','','gang1',NULL);
INSERT INTO Chinese VALUES(475,'',NULL,'sion6',NULL);
INSERT INTO Chinese VALUES(476,'',NULL,'bhi2',NULL);
INSERT INTO Chinese VALUES(477,'',NULL,'gian5',NULL);
INSERT INTO Chinese VALUES(478,'',NULL,'bhoi6',NULL);
INSERT INTO Chinese VALUES(479,'',NULL,'ou3',NULL);
INSERT INTO Chinese VALUES(480,'',NULL,'go1',NULL);
INSERT INTO Chinese VALUES(481,'','','le6',NULL);
INSERT INTO Chinese VALUES(482,'',NULL,'bu5',NULL);
INSERT INTO Chinese VALUES(483,'',NULL,'bu5',NULL);
INSERT INTO Chinese VALUES(484,'',NULL,'bu5',NULL);
INSERT INTO Chinese VALUES(485,'',NULL,'hoh4',NULL);
INSERT INTO Chinese VALUES(486,'',NULL,'luah4',NULL);
INSERT INTO Chinese VALUES(487,'',NULL,'cha2',NULL);
INSERT INTO Chinese VALUES(488,'',NULL,'diam5',NULL);
INSERT INTO Chinese VALUES(489,'','','giam5',NULL);
INSERT INTO Chinese VALUES(490,'','','jo2',NULL);
INSERT INTO Chinese VALUES(491,'','','chong1',NULL);
INSERT INTO Chinese VALUES(492,'',NULL,'gu1',NULL);
INSERT INTO Chinese VALUES(493,'',NULL,'bi5',NULL);
INSERT INTO Chinese VALUES(494,'',NULL,'chung5',NULL);
INSERT INTO Chinese VALUES(495,'',NULL,'liao2',NULL);
INSERT INTO Chinese VALUES(496,'',NULL,'do7',NULL);
INSERT INTO Chinese VALUES(497,'',NULL,'ap8',NULL);
INSERT INTO Chinese VALUES(498,'',NULL,'kioh8',NULL);
INSERT INTO Chinese VALUES(499,'',NULL,'dek8','dik8');
INSERT INTO Chinese VALUES(500,'',NULL,'miang2',NULL);
INSERT INTO Chinese VALUES(501,'','','kui1',NULL);
INSERT INTO Chinese VALUES(502,'',NULL,'ga6',NULL);
INSERT INTO Chinese VALUES(503,'',NULL,'chen1',NULL);
INSERT INTO Chinese VALUES(504,'','','lai6',NULL);
INSERT INTO Chinese VALUES(505,'',NULL,'lai6',NULL);
INSERT INTO Chinese VALUES(506,'',NULL,'doi2',NULL);
INSERT INTO Chinese VALUES(507,'','','jeng1',NULL);
INSERT INTO Chinese VALUES(508,'',NULL,'hung1',NULL);
INSERT INTO Chinese VALUES(509,'',NULL,'guah4',NULL);
INSERT INTO Chinese VALUES(510,'',NULL,'ma2',NULL);
INSERT INTO Chinese VALUES(511,'',NULL,'ma2',NULL);
INSERT INTO Chinese VALUES(512,'',NULL,'chiah4',NULL);
INSERT INTO Chinese VALUES(513,'',NULL,'sou1',NULL);
INSERT INTO Chinese VALUES(514,'','','doi5',NULL);
INSERT INTO Chinese VALUES(515,'',NULL,'cheng7',NULL);
INSERT INTO Chinese VALUES(516,'','','chip8',NULL);
INSERT INTO Chinese VALUES(517,'',NULL,'gah8',NULL);
INSERT INTO Chinese VALUES(518,'',NULL,'gia1',NULL);
INSERT INTO Chinese VALUES(519,'','','gian1',NULL);
INSERT INTO Chinese VALUES(520,'','','chia1',NULL);
INSERT INTO Chinese VALUES(521,'','','sai2',NULL);
INSERT INTO Chinese VALUES(522,'',NULL,'kah4',NULL);
INSERT INTO Chinese VALUES(523,'',NULL,'kah4',NULL);
INSERT INTO Chinese VALUES(524,'',NULL,'seng1','sing1');
INSERT INTO Chinese VALUES(525,'',NULL,'jih4',NULL);
INSERT INTO Chinese VALUES(526,'',NULL,'eng7',NULL);
INSERT INTO Chinese VALUES(527,'',NULL,'bue1',NULL);
INSERT INTO Chinese VALUES(528,'',NULL,'pah4',NULL);
INSERT INTO Chinese VALUES(529,'',NULL,'pah4',NULL);
INSERT INTO Chinese VALUES(530,'','','hiao2',NULL);
INSERT INTO Chinese VALUES(531,'','','tian1',NULL);
INSERT INTO Chinese VALUES(532,'','','o5',NULL);
INSERT INTO Chinese VALUES(533,'','','ek4',NULL);
INSERT INTO Chinese VALUES(534,'',NULL,'dek4',NULL);
INSERT INTO Chinese VALUES(535,'',NULL,'m6',NULL);
INSERT INTO Chinese VALUES(536,'',NULL,'chen2',NULL);
INSERT INTO Chinese VALUES(537,'',NULL,'yioh8',NULL);
INSERT INTO Chinese VALUES(538,'',NULL,'sek4','sik4');
INSERT INTO Chinese VALUES(539,'',NULL,'diao7',NULL);
INSERT INTO Chinese VALUES(540,'',NULL,'ga1',NULL);
INSERT INTO Chinese VALUES(541,'',NULL,'di7',NULL);
INSERT INTO Chinese VALUES(542,'',NULL,'gi7',NULL);
INSERT INTO Chinese VALUES(543,'',NULL,'siu1',NULL);
INSERT INTO Chinese VALUES(544,'','','ba2',NULL);
INSERT INTO Chinese VALUES(545,'','','ho7',NULL);
INSERT INTO Chinese VALUES(546,'',NULL,'jioh8',NULL);
INSERT INTO Chinese VALUES(547,'',NULL,'suan1',NULL);
INSERT INTO Chinese VALUES(548,'',NULL,'beh4',NULL);
INSERT INTO Chinese VALUES(549,'',NULL,'dou7',NULL);
INSERT INTO Chinese VALUES(550,'',NULL,'diam3',NULL);
INSERT INTO Chinese VALUES(551,'','','pou3',NULL);
INSERT INTO Chinese VALUES(552,'',NULL,'na7',NULL);
INSERT INTO Chinese VALUES(553,'',NULL,'na7',NULL);
INSERT INTO Chinese VALUES(554,'',NULL,'tian3',NULL);
INSERT INTO Chinese VALUES(555,'',NULL,'tian3',NULL);
INSERT INTO Chinese VALUES(556,'',NULL,'kah4',NULL);
INSERT INTO Chinese VALUES(557,'','','na5',NULL);
INSERT INTO Chinese VALUES(558,'',NULL,'gah4',NULL);
INSERT INTO Chinese VALUES(559,'','','deng2',NULL);
INSERT INTO Chinese VALUES(560,'',NULL,'tek4','tik4');
INSERT INTO Chinese VALUES(561,'',NULL,'to5',NULL);
INSERT INTO Chinese VALUES(562,'',NULL,'kuai3',NULL);
INSERT INTO Chinese VALUES(563,'','','lak8',NULL);
INSERT INTO Chinese VALUES(564,'',NULL,'chuk4',NULL);
INSERT INTO Chinese VALUES(565,'',NULL,'si3',NULL);
INSERT INTO Chinese VALUES(566,'',NULL,'kia6',NULL);
INSERT INTO Chinese VALUES(567,'',NULL,'kia6',NULL);
INSERT INTO Chinese VALUES(568,'',NULL,'geng6',NULL);
INSERT INTO Chinese VALUES(569,'',NULL,'yip8',NULL);
INSERT INTO Chinese VALUES(570,'',NULL,'ge2',NULL);
INSERT INTO Chinese VALUES(571,'',NULL,'ham3',NULL);
INSERT INTO Chinese VALUES(572,'',NULL,'ka3',NULL);
INSERT INTO Chinese VALUES(573,'','','jeu5',NULL);
INSERT INTO Chinese VALUES(574,'',NULL,'mui2',NULL);
INSERT INTO Chinese VALUES(575,'','','gok4',NULL);
INSERT INTO Chinese VALUES(576,'',NULL,'dang5',NULL);
INSERT INTO Chinese VALUES(577,'','','nang5',NULL);
INSERT INTO Chinese VALUES(578,'','','nang7',NULL);
INSERT INTO Chinese VALUES(579,'',NULL,'ngo6',NULL);
INSERT INTO Chinese VALUES(580,'',NULL,'hiah4',NULL);
INSERT INTO Chinese VALUES(581,'',NULL,'gao3',NULL);
INSERT INTO Chinese VALUES(582,'',NULL,'ge1',NULL);
INSERT INTO Chinese VALUES(583,'','','leng5',NULL);
INSERT INTO Chinese VALUES(584,'',NULL,'seung5',NULL);
INSERT INTO Chinese VALUES(585,'',NULL,'po6',NULL);
INSERT INTO Chinese VALUES(586,'',NULL,'li2',NULL);
INSERT INTO Chinese VALUES(587,'','','la6',NULL);
INSERT INTO Chinese VALUES(588,'',NULL,'la6',NULL);
INSERT INTO Chinese VALUES(589,'',NULL,'siu1',NULL);
INSERT INTO Chinese VALUES(590,'','','sao3',NULL);
INSERT INTO Chinese VALUES(591,'','','buan5',NULL);
INSERT INTO Chinese VALUES(592,'','','deung3',NULL);
INSERT INTO Chinese VALUES(593,'',NULL,'mui5',NULL);
INSERT INTO Chinese VALUES(594,'','','tang3',NULL);
INSERT INTO Chinese VALUES(595,'',NULL,'iao2',NULL);
INSERT INTO Chinese VALUES(596,'',NULL,'lak8',NULL);
INSERT INTO Chinese VALUES(597,'',NULL,'gian6',NULL);
INSERT INTO Chinese VALUES(598,'',NULL,'dam5',NULL);
INSERT INTO Chinese VALUES(599,'',NULL,'dam5',NULL);
INSERT INTO Chinese VALUES(600,'',NULL,'suain7',NULL);
INSERT INTO Chinese VALUES(601,'',NULL,'poi1',NULL);
INSERT INTO Chinese VALUES(602,'',NULL,'yioh8',NULL);
INSERT INTO Chinese VALUES(603,'','','chiu1',NULL);
INSERT INTO Chinese VALUES(604,'',NULL,'duan6',NULL);
INSERT INTO Chinese VALUES(605,'',NULL,'ui7',NULL);
INSERT INTO Chinese VALUES(606,'',NULL,'liap8',NULL);
INSERT INTO Chinese VALUES(607,'',NULL,'jiah4',NULL);
INSERT INTO Chinese VALUES(608,'',NULL,'bak4',NULL);
INSERT INTO Chinese VALUES(609,'',NULL,'kuang2',NULL);
INSERT INTO Chinese VALUES(610,'',NULL,'a1',NULL);
INSERT INTO Chinese VALUES(611,'',NULL,'dian2',NULL);
INSERT INTO Chinese VALUES(612,'',NULL,'dang6',NULL);
INSERT INTO Chinese VALUES(613,'','','gi3',NULL);
INSERT INTO Chinese VALUES(614,'',NULL,'cha1',NULL);
INSERT INTO Chinese VALUES(615,'',NULL,'do1',NULL);
INSERT INTO Chinese VALUES(616,'',NULL,'ang1',NULL);
INSERT INTO Chinese VALUES(617,'',NULL,'he1',NULL);
INSERT INTO Chinese VALUES(618,'',NULL,'pue3',NULL);
INSERT INTO Chinese VALUES(619,'',NULL,'kao1',NULL);
INSERT INTO Chinese VALUES(620,'','','kao1',NULL);
INSERT INTO Chinese VALUES(621,'',NULL,'joih8',NULL);
INSERT INTO Chinese VALUES(622,'',NULL,'yeu5',NULL);
INSERT INTO Chinese VALUES(623,'','','jion6',NULL);
INSERT INTO Chinese VALUES(624,'',NULL,'lai7',NULL);
INSERT INTO Chinese VALUES(625,'','','oi6',NULL);
INSERT INTO Chinese VALUES(626,'',NULL,'lou7',NULL);
INSERT INTO Chinese VALUES(627,'',NULL,'jiam1',NULL);
INSERT INTO Chinese VALUES(628,'',NULL,'hou7',NULL);
INSERT INTO Chinese VALUES(629,'',NULL,'hou7',NULL);
INSERT INTO Chinese VALUES(630,'',NULL,'da1',NULL);
INSERT INTO Chinese VALUES(631,'',NULL,'eung1',NULL);
INSERT INTO Chinese VALUES(632,'',NULL,'doi6',NULL);
INSERT INTO Chinese VALUES(633,'',NULL,'cheu3',NULL);
INSERT INTO Chinese VALUES(634,'','','biang3',NULL);
INSERT INTO Chinese VALUES(635,'','','giang3',NULL);
INSERT INTO Chinese VALUES(636,'',NULL,'ge1',NULL);
INSERT INTO Chinese VALUES(637,'','','jung5',NULL);
INSERT INTO Chinese VALUES(638,'',NULL,'sim1',NULL);
INSERT INTO Chinese VALUES(639,'',NULL,'gong3',NULL);
INSERT INTO Chinese VALUES(640,'',NULL,'hioh8',NULL);
INSERT INTO Chinese VALUES(641,'',NULL,'gi1',NULL);
INSERT INTO Chinese VALUES(642,'',NULL,'sian5',NULL);
INSERT INTO Chinese VALUES(643,'',NULL,'dek4',NULL);
INSERT INTO Chinese VALUES(644,'',NULL,'ji2',NULL);
INSERT INTO Chinese VALUES(645,'',NULL,'oh4',NULL);
INSERT INTO Chinese VALUES(646,'',NULL,'to3',NULL);
INSERT INTO Chinese VALUES(647,'',NULL,'hiun1',NULL);
INSERT INTO Chinese VALUES(648,'',NULL,'jim1',NULL);
INSERT INTO Chinese VALUES(649,'',NULL,'jim1',NULL);
INSERT INTO Chinese VALUES(650,'',NULL,'jim1',NULL);
INSERT INTO Chinese VALUES(651,'',NULL,'hoh4',NULL);
INSERT INTO Chinese VALUES(652,'',NULL,'sion3',NULL);
INSERT INTO Chinese VALUES(653,'',NULL,'ho3',NULL);
INSERT INTO Chinese VALUES(654,'','','hui3',NULL);
INSERT INTO Chinese VALUES(655,'','','li2',NULL);
INSERT INTO Chinese VALUES(656,'','','geng1',NULL);
INSERT INTO Chinese VALUES(657,'',NULL,'gia3',NULL);
INSERT INTO Chinese VALUES(658,'',NULL,'jok4',NULL);
INSERT INTO Chinese VALUES(659,'',NULL,'ak4',NULL);
INSERT INTO Chinese VALUES(660,'','','beng1',NULL);
INSERT INTO Chinese VALUES(661,'',NULL,'chiang3',NULL);
INSERT INTO Chinese VALUES(662,'',NULL,'go1',NULL);
INSERT INTO Chinese VALUES(663,'',NULL,'sip8',NULL);
INSERT INTO Chinese VALUES(664,'',NULL,'lao3',NULL);
INSERT INTO Chinese VALUES(665,'','','lao3',NULL);
INSERT INTO Chinese VALUES(666,'',NULL,'gueh4',NULL);
INSERT INTO Chinese VALUES(667,'',NULL,'sua1',NULL);
INSERT INTO Chinese VALUES(668,'',NULL,'si2',NULL);
INSERT INTO Chinese VALUES(669,'',NULL,'ju2',NULL);
INSERT INTO Chinese VALUES(670,'',NULL,'seu3',NULL);
INSERT INTO Chinese VALUES(671,'','','sang1',NULL);
INSERT INTO Chinese VALUES(672,'',NULL,'piang3',NULL);
INSERT INTO Chinese VALUES(673,'','','ung7',NULL);
INSERT INTO Chinese VALUES(674,'','','dong6',NULL);
INSERT INTO Chinese VALUES(675,'',NULL,'gou2',NULL);
INSERT INTO Chinese VALUES(676,'',NULL,'pio3',NULL);
INSERT INTO Chinese VALUES(677,'',NULL,'ja3',NULL);
INSERT INTO Chinese VALUES(678,'',NULL,'choi3',NULL);
INSERT INTO Chinese VALUES(679,'','','giam2',NULL);
INSERT INTO Chinese VALUES(680,'',NULL,'jua5',NULL);
INSERT INTO Chinese VALUES(681,'','','bue1',NULL);
INSERT INTO Chinese VALUES(682,'',NULL,'nim6',NULL);
INSERT INTO Chinese VALUES(683,'',NULL,'nim6',NULL);
INSERT INTO Chinese VALUES(684,'','','guen1',NULL);
INSERT INTO Chinese VALUES(685,'','','ioh8',NULL);
INSERT INTO Chinese VALUES(686,'',NULL,'eng1',NULL);
INSERT INTO Chinese VALUES(687,'',NULL,'bhung5',NULL);
INSERT INTO Chinese VALUES(688,'',NULL,'sain1',NULL);
INSERT INTO Chinese VALUES(689,'',NULL,'tin1',NULL);
INSERT INTO Chinese VALUES(690,'','','jiam2',NULL);
INSERT INTO Chinese VALUES(691,'','','jiam2',NULL);
INSERT INTO Chinese VALUES(692,'','','jiam2',NULL);
INSERT INTO Chinese VALUES(693,'',NULL,'sang2',NULL);
INSERT INTO Chinese VALUES(694,'',NULL,'bui5',NULL);
INSERT INTO Chinese VALUES(695,'','','loi7',NULL);
INSERT INTO Chinese VALUES(696,'',NULL,'ghao5',NULL);
INSERT INTO Chinese VALUES(697,'','','kiang3',NULL);
INSERT INTO Chinese VALUES(698,'','','ghao5',NULL);
INSERT INTO Chinese VALUES(699,'',NULL,'pu5',NULL);
INSERT INTO Chinese VALUES(700,'',NULL,'chue1',NULL);
INSERT INTO Chinese VALUES(701,'',NULL,'bue7',NULL);
INSERT INTO Chinese VALUES(702,'',NULL,'tiao3',NULL);
INSERT INTO Chinese VALUES(703,'',NULL,'bhu2',NULL);
INSERT INTO Chinese VALUES(704,'',NULL,'nua6',NULL);
INSERT INTO Chinese VALUES(705,'','','nua6',NULL);
INSERT INTO Chinese VALUES(706,'',NULL,'uan3',NULL);
INSERT INTO Chinese VALUES(707,'',NULL,'pai2',NULL);
INSERT INTO Chinese VALUES(708,'',NULL,'gak8',NULL);
INSERT INTO Chinese VALUES(709,'',NULL,'chao3',NULL);
INSERT INTO Chinese VALUES(710,'',NULL,'do3',NULL);
INSERT INTO Chinese VALUES(711,'',NULL,'jung5',NULL);
INSERT INTO Chinese VALUES(712,'',NULL,'gu2',NULL);
INSERT INTO Chinese VALUES(713,'',NULL,'nap4',NULL);
INSERT INTO Chinese VALUES(714,'',NULL,'nam5',NULL);
INSERT INTO Chinese VALUES(715,'',NULL,'bung5',NULL);
INSERT INTO Chinese VALUES(716,'','','dim1',NULL);
INSERT INTO Chinese VALUES(717,'',NULL,'dain7',NULL);
INSERT INTO Chinese VALUES(718,'',NULL,'eng3',NULL);
INSERT INTO Chinese VALUES(719,'',NULL,'giu5',NULL);
INSERT INTO Chinese VALUES(720,'',NULL,'jua7',NULL);
INSERT INTO Chinese VALUES(721,'',NULL,'jua7',NULL);
INSERT INTO Chinese VALUES(722,'',NULL,'jio3',NULL);
INSERT INTO Chinese VALUES(723,'','','bian2',NULL);
INSERT INTO Chinese VALUES(724,'',NULL,'so2',NULL);
INSERT INTO Chinese VALUES(725,'','','long2',NULL);
INSERT INTO Chinese VALUES(726,'','','jong2',NULL);
INSERT INTO Chinese VALUES(727,'',NULL,'jeng1',NULL);
INSERT INTO Chinese VALUES(728,'','','sek8',NULL);
INSERT INTO Chinese VALUES(729,'',NULL,'siao6',NULL);
INSERT INTO Chinese VALUES(730,'','','deung2',NULL);
INSERT INTO Chinese VALUES(731,'','','ain3',NULL);
INSERT INTO Chinese VALUES(732,'','','guan1',NULL);
INSERT INTO Chinese VALUES(733,'','','huan1',NULL);
INSERT INTO Chinese VALUES(734,'',NULL,'hi2',NULL);
INSERT INTO Chinese VALUES(735,'','','leng3',NULL);
INSERT INTO Chinese VALUES(736,'',NULL,'tong1',NULL);
INSERT INTO Chinese VALUES(737,'',NULL,'hip4',NULL);
INSERT INTO Chinese VALUES(738,'',NULL,'di7',NULL);
INSERT INTO Chinese VALUES(739,'',NULL,'yeng5',NULL);
INSERT INTO Chinese VALUES(740,'',NULL,'gao5',NULL);
INSERT INTO Chinese VALUES(741,'',NULL,'mi6',NULL);
INSERT INTO Chinese VALUES(742,'',NULL,'e7',NULL);
INSERT INTO Chinese VALUES(743,'','','tiap8',NULL);
INSERT INTO Chinese VALUES(744,'','','luh4',NULL);
INSERT INTO Chinese VALUES(745,'',NULL,'hueh4',NULL);
INSERT INTO Chinese VALUES(746,'',NULL,'hu5',NULL);
INSERT INTO Chinese VALUES(747,'',NULL,'diap8',NULL);
CREATE TABLE Synonyms (
    id          integer primary key,
    english_id  integer,
    word        text collate nocase, show_on_flashcard boolean default 0,
    foreign key(english_id) references English(id)
);
INSERT INTO Synonyms VALUES(1,258,'tangerine',0);
INSERT INTO Synonyms VALUES(2,211,'pork sung',1);
INSERT INTO Synonyms VALUES(3,145,'refrigerator',0);
INSERT INTO Synonyms VALUES(4,241,'black fungus',0);
INSERT INTO Synonyms VALUES(5,165,'to study',1);
INSERT INTO Synonyms VALUES(6,201,'soft drink',0);
INSERT INTO Synonyms VALUES(7,201,'pop',0);
INSERT INTO Synonyms VALUES(8,278,'chive dumpling',0);
INSERT INTO Synonyms VALUES(9,104,'large',0);
INSERT INTO Synonyms VALUES(10,39,'mom',0);
INSERT INTO Synonyms VALUES(11,38,'dad',0);
INSERT INTO Synonyms VALUES(12,310,'rice porridge',0);
INSERT INTO Synonyms VALUES(13,32,'me',1);
INSERT INTO Synonyms VALUES(14,323,'to leave',0);
INSERT INTO Synonyms VALUES(15,111,'home',0);
INSERT INTO Synonyms VALUES(17,47,'grandma',0);
INSERT INTO Synonyms VALUES(18,48,'grandpa',0);
INSERT INTO Synonyms VALUES(19,70,'telephone',0);
INSERT INTO Synonyms VALUES(20,270,'towel gourd',0);
INSERT INTO Synonyms VALUES(21,427,'adolescent',0);
INSERT INTO Synonyms VALUES(22,427,'young person',0);
INSERT INTO Synonyms VALUES(23,40,'kid',0);
INSERT INTO Synonyms VALUES(24,237,'scallion',0);
INSERT INTO Synonyms VALUES(25,167,'backpack',0);
INSERT INTO Synonyms VALUES(26,211,'pork fu',1);
INSERT INTO Synonyms VALUES(27,354,'great grandpa',0);
INSERT INTO Synonyms VALUES(28,353,'great grandma',0);
INSERT INTO Synonyms VALUES(29,116,'inexpensive',1);
INSERT INTO Synonyms VALUES(30,27,'violet',0);
INSERT INTO Synonyms VALUES(31,68,'tv',0);
INSERT INTO Synonyms VALUES(32,44,'little sister',0);
INSERT INTO Synonyms VALUES(33,30,'grey',0);
INSERT INTO Synonyms VALUES(34,237,'spring onion',0);
INSERT INTO Synonyms VALUES(35,1,'hi',0);
INSERT INTO Synonyms VALUES(36,443,'dim',1);
INSERT INTO Synonyms VALUES(37,361,'belly',1);
INSERT INTO Synonyms VALUES(38,358,'film',0);
INSERT INTO Synonyms VALUES(39,346,'to speak',0);
INSERT INTO Synonyms VALUES(40,450,'to look',1);
INSERT INTO Synonyms VALUES(41,450,'to watch',1);
INSERT INTO Synonyms VALUES(42,450,'to read',1);
INSERT INTO Synonyms VALUES(43,195,'to try',0);
INSERT INTO Synonyms VALUES(44,451,'availability',0);
INSERT INTO Synonyms VALUES(45,473,'have to',0);
INSERT INTO Synonyms VALUES(46,475,'bunny',0);
INSERT INTO Synonyms VALUES(47,478,'housefly',0);
INSERT INTO Synonyms VALUES(49,473,'need to',0);
INSERT INTO Synonyms VALUES(50,483,'very',1);
INSERT INTO Synonyms VALUES(51,483,'so',1);
INSERT INTO Synonyms VALUES(52,486,'to find',1);
INSERT INTO Synonyms VALUES(53,486,'to search',1);
INSERT INTO Synonyms VALUES(54,487,'hard',0);
INSERT INTO Synonyms VALUES(55,501,'to saute',0);
INSERT INTO Synonyms VALUES(56,513,'to bring',1);
INSERT INTO Synonyms VALUES(57,513,'to get',1);
INSERT INTO Synonyms VALUES(58,515,'shouldn''t',0);
INSERT INTO Synonyms VALUES(59,155,'AC',0);
INSERT INTO Synonyms VALUES(60,310,'porridge',0);
INSERT INTO Synonyms VALUES(61,34,'he',1);
INSERT INTO Synonyms VALUES(62,34,'it',1);
INSERT INTO Synonyms VALUES(63,426,'coat',0);
INSERT INTO Synonyms VALUES(64,552,'and',1);
INSERT INTO Synonyms VALUES(65,554,'scary',1);
INSERT INTO Synonyms VALUES(66,220,'cool',1);
INSERT INTO Synonyms VALUES(67,565,'job',0);
INSERT INTO Synonyms VALUES(68,572,'to listen',0);
INSERT INTO Synonyms VALUES(69,582,'to brush hair',0);
INSERT INTO Synonyms VALUES(70,583,'yummy',0);
INSERT INTO Synonyms VALUES(71,583,'delicious',0);
INSERT INTO Synonyms VALUES(72,583,'tasty',0);
INSERT INTO Synonyms VALUES(73,540,'language',0);
INSERT INTO Synonyms VALUES(74,540,'speech',0);
INSERT INTO Synonyms VALUES(75,540,'text',0);
INSERT INTO Synonyms VALUES(76,264,'lemon',0);
INSERT INTO Synonyms VALUES(77,588,'stone',0);
INSERT INTO Synonyms VALUES(78,589,'hill',0);
INSERT INTO Synonyms VALUES(79,591,'to hike',0);
INSERT INTO Synonyms VALUES(80,322,'at',1);
INSERT INTO Synonyms VALUES(81,322,'in',1);
INSERT INTO Synonyms VALUES(82,594,'ache',0);
INSERT INTO Synonyms VALUES(83,217,'garlic chive',0);
INSERT INTO Synonyms VALUES(84,596,'gai lan',1);
INSERT INTO Synonyms VALUES(85,596,'Chinese kale',1);
INSERT INTO Synonyms VALUES(86,599,'on top',1);
INSERT INTO Synonyms VALUES(87,599,'upstairs',1);
INSERT INTO Synonyms VALUES(88,601,'for leisure',1);
INSERT INTO Synonyms VALUES(89,601,'to vacation',1);
INSERT INTO Synonyms VALUES(90,601,'for fun',1);
INSERT INTO Synonyms VALUES(91,601,'to hang out',1);
INSERT INTO Synonyms VALUES(92,606,'to exit',1);
INSERT INTO Synonyms VALUES(93,606,'to go out',1);
INSERT INTO Synonyms VALUES(94,608,'to reside at',0);
INSERT INTO Synonyms VALUES(95,610,'Cambodia',0);
INSERT INTO Synonyms VALUES(96,612,'to go in',0);
INSERT INTO Synonyms VALUES(97,614,'to beckon',0);
INSERT INTO Synonyms VALUES(98,617,'United States',1);
INSERT INTO Synonyms VALUES(99,617,'USA',1);
INSERT INTO Synonyms VALUES(100,616,'potato',0);
INSERT INTO Synonyms VALUES(101,616,'yam',0);
INSERT INTO Synonyms VALUES(102,629,'to hold in arms',1);
INSERT INTO Synonyms VALUES(103,630,'circular',0);
INSERT INTO Synonyms VALUES(104,640,'dish',0);
INSERT INTO Synonyms VALUES(105,643,'to be',1);
INSERT INTO Synonyms VALUES(106,643,'are',1);
INSERT INTO Synonyms VALUES(107,643,'am',1);
INSERT INTO Synonyms VALUES(108,232,'basil',0);
INSERT INTO Synonyms VALUES(109,270,'Chinese okra',0);
INSERT INTO Synonyms VALUES(110,670,'location',0);
INSERT INTO Synonyms VALUES(111,673,'wok',0);
INSERT INTO Synonyms VALUES(112,677,'so so',1);
INSERT INTO Synonyms VALUES(113,677,'sort of',1);
INSERT INTO Synonyms VALUES(114,677,'kind of',1);
INSERT INTO Synonyms VALUES(115,678,'like this',1);
INSERT INTO Synonyms VALUES(116,681,'to scrape',1);
INSERT INTO Synonyms VALUES(117,681,'to shave off',1);
INSERT INTO Synonyms VALUES(118,705,'center',0);
INSERT INTO Synonyms VALUES(119,706,'to place',0);
INSERT INTO Synonyms VALUES(120,611,'close',0);
INSERT INTO Synonyms VALUES(121,708,'it''s alright',1);
INSERT INTO Synonyms VALUES(122,708,'it''s nothing',1);
INSERT INTO Synonyms VALUES(123,708,'no big deal',1);
INSERT INTO Synonyms VALUES(124,453,'pee',0);
INSERT INTO Synonyms VALUES(125,729,'to photograph',0);
INSERT INTO Synonyms VALUES(126,730,'Philly',0);
INSERT INTO Synonyms VALUES(127,734,'to wish',0);
INSERT INTO Synonyms VALUES(128,740,'to repair',0);
INSERT INTO Synonyms VALUES(129,746,'to die',0);
INSERT INTO Synonyms VALUES(130,752,'to work out',0);
INSERT INTO Synonyms VALUES(131,753,'stock market',0);
INSERT INTO Synonyms VALUES(132,754,'youtiao',1);
INSERT INTO Synonyms VALUES(133,754,'Chinese cruller',1);
INSERT INTO Synonyms VALUES(134,768,'thin',0);
INSERT INTO Synonyms VALUES(135,768,'slim',0);
INSERT INTO Synonyms VALUES(136,780,'skilled',0);
INSERT INTO Synonyms VALUES(137,780,'clever',0);
INSERT INTO Synonyms VALUES(138,783,'to bake',0);
INSERT INTO Synonyms VALUES(139,785,'spit',0);
INSERT INTO Synonyms VALUES(140,787,'hooligan',1);
INSERT INTO Synonyms VALUES(141,789,'stinky',0);
INSERT INTO Synonyms VALUES(142,798,'to microwave',0);
INSERT INTO Synonyms VALUES(143,800,'morning glory',1);
INSERT INTO Synonyms VALUES(144,818,'below',1);
INSERT INTO Synonyms VALUES(145,818,'under',1);
INSERT INTO Synonyms VALUES(146,818,'downstairs',1);
INSERT INTO Synonyms VALUES(147,828,'a bit',1);
INSERT INTO Synonyms VALUES(148,829,'to pile up in an organized way',1);
INSERT INTO Synonyms VALUES(149,829,'to organize',1);
INSERT INTO Synonyms VALUES(150,830,'to sip',1);
CREATE TABLE SubCategories (
    id integer primary key,
    category_id integer,
    name text,
    foreign key(category_id) references Categories(id)
);
INSERT INTO SubCategories VALUES(1,NULL,'smallnumber');
INSERT INTO SubCategories VALUES(2,NULL,'personadjective');
INSERT INTO SubCategories VALUES(3,NULL,'drink');
CREATE TABLE Phrases (
    id integer primary key,
    sentence text,
    hidden boolean default 0);
INSERT INTO Phrases VALUES(1,'I know',0);
INSERT INTO Phrases VALUES(2,'My name is...',0);
INSERT INTO Phrases VALUES(3,'What is your name?',0);
INSERT INTO Phrases VALUES(4,'What are you doing?',0);
INSERT INTO Phrases VALUES(5,'How are you?',0);
INSERT INTO Phrases VALUES(6,'I don''t know',0);
INSERT INTO Phrases VALUES(7,'What time is it?',0);
INSERT INTO Phrases VALUES(8,'Where are you?',0);
INSERT INTO Phrases VALUES(9,'Where are you going?',0);
INSERT INTO Phrases VALUES(10,'I am at home',0);
INSERT INTO Phrases VALUES(13,'How much does this cost?',0);
INSERT INTO Phrases VALUES(14,'I went to the store',0);
INSERT INTO Phrases VALUES(15,'I''m going to buy vegetables',0);
INSERT INTO Phrases VALUES(16,'I''m $personadjective',0);
INSERT INTO Phrases VALUES(17,'I want to drink $drink',0);
INSERT INTO Phrases VALUES(18,'What color do you like?',0);
INSERT INTO Phrases VALUES(19,'How old are you?',0);
INSERT INTO Phrases VALUES(20,'Do you have time today?',1);
INSERT INTO Phrases VALUES(21,'I am learning to speak Teochew',0);
INSERT INTO Phrases VALUES(22,'When are you coming?',0);
INSERT INTO Phrases VALUES(23,'Do you have time?',0);
INSERT INTO Phrases VALUES(24,'I''m busy',0);
INSERT INTO Phrases VALUES(25,'I''m thirty years old',0);
INSERT INTO Phrases VALUES(26,'I washed dishes',0);
INSERT INTO Phrases VALUES(27,'I have to brush my teeth',0);
INSERT INTO Phrases VALUES(28,'Have you eaten rice yet?',0);
INSERT INTO Phrases VALUES(29,'I did not finish eating yet',0);
INSERT INTO Phrases VALUES(30,'She is watching tv',0);
INSERT INTO Phrases VALUES(31,'He is already asleep',0);
INSERT INTO Phrases VALUES(32,'I have already eaten',0);
INSERT INTO Phrases VALUES(33,'Eat all of it',0);
INSERT INTO Phrases VALUES(34,'You don''t have to turn on the AC',0);
INSERT INTO Phrases VALUES(35,'I know how to do it',0);
INSERT INTO Phrases VALUES(36,'Did you come home yet?',0);
INSERT INTO Phrases VALUES(37,'I want to talk to you',0);
INSERT INTO Phrases VALUES(38,'Tonight I am going to eat at a restaurant',0);
INSERT INTO Phrases VALUES(39,'Don''t go to sleep too late',0);
INSERT INTO Phrases VALUES(40,'My friend and I went out for a walk',0);
INSERT INTO Phrases VALUES(41,'He lives in California',0);
INSERT INTO Phrases VALUES(42,'He doesn''t know how to speak Chinese',0);
INSERT INTO Phrases VALUES(43,'I''ll talk to you more tomorrow',0);
INSERT INTO Phrases VALUES(44,'Wishing you a happy birthday',0);
INSERT INTO Phrases VALUES(45,'I didn''t hear it',0);
INSERT INTO Phrases VALUES(46,'We''re going now',0);
INSERT INTO Phrases VALUES(47,'I just got here',0);
INSERT INTO Phrases VALUES(48,'It''s time for me to go meet my friend now',0);
CREATE TABLE CategoryLinks (
    id integer primary key,
    subcategory_id integer,
    english_id integer,
    foreign key(subcategory_id) references SubCategories(id),
    foreign key(english_id) references English(id)
);
INSERT INTO CategoryLinks VALUES(1,1,7);
INSERT INTO CategoryLinks VALUES(2,1,8);
INSERT INTO CategoryLinks VALUES(3,1,9);
INSERT INTO CategoryLinks VALUES(4,1,10);
INSERT INTO CategoryLinks VALUES(5,2,122);
INSERT INTO CategoryLinks VALUES(6,2,331);
INSERT INTO CategoryLinks VALUES(7,3,121);
INSERT INTO CategoryLinks VALUES(8,3,187);
INSERT INTO CategoryLinks VALUES(9,3,188);
INSERT INTO CategoryLinks VALUES(10,2,398);
CREATE TABLE Extra (
    id integer primary key,
    english_id integer,
    info text,
    foreign key(english_id) references English(id)
);
INSERT INTO Extra VALUES(1,6,replace('If you are counting the numbers, or you are referring to one of something, you would use **jek8**. **ek4** is typically used when the number 1 is part of another word, like **jap(4) ek4** for the word 11, or **loi(6) bai(2) ek4** for Monday.\n','\n',char(10)));
INSERT INTO Extra VALUES(2,7,replace('The number 2 by itself is pronounced **no6**, but many other words that include a 2 in it will use **yi6(7)**. You may also see the character  for 2.  is only pronounced as "no6", whereas  can be pronounced as "no6" or "yi6".\n','\n',char(10)));
INSERT INTO Extra VALUES(3,111,replace('**chu3**  refers to a house as a building, whereas **lai6**  is more like a home. I have heard both used interchangeably though.\n','\n',char(10)));
INSERT INTO Extra VALUES(4,108,replace('Each of these translations starts with the same character (). This can be pronounced in a variety of different ways. Some of these translations can also be used to mean "tomorrow morning" as  **ki2** means to go up and  **ja2** means early.\n','\n',char(10)));
INSERT INTO Extra VALUES(5,30,'My family never uses the word ''gray'', so it''s not really familiar to me. When I asked my aunt how to say it in Teochew, she said that ''pin7 hung1 sek4'' was like the smoke that comes out of the nose.');
INSERT INTO Extra VALUES(7,47,replace('Note that you should always just use **ma2** when addressing your grandmother. **lai7 ma2** and **ghua7 ma2** can be used when referring to your grandmother, to be more specific and differentiate when talking to someone else, but it should not be what you call your grandmother.\n','\n',char(10)));
INSERT INTO Extra VALUES(8,48,replace('Note that you should always just use **gong1** when addressing your grandfather. **lai7 gong1** and **ghua7 gong1** can be used when referring to your grandfather, to be more specific and differentiate when talking to someone else, but it should not be what you call your grandfather.\n','\n',char(10)));
INSERT INTO Extra VALUES(10,344,replace('**ga lem** originates from the French word crme. We just throw a teochew accent on it (:\n','\n',char(10)));
INSERT INTO Extra VALUES(11,110,replace('There are many different variations in the way people say "today" in Teochew! My dad''s family tends to say **geng1 yek8**, and my mom''s family tends to say **gian(6) yek8**. And while I mainly have the  Gekion pronunciations on this site, I have also included **gim1 yik8**, which I think is the  "Teochew-proper" way of saying it.\n','\n',char(10)));
INSERT INTO Extra VALUES(12,274,replace('**la hong** comes from Cambodian , and is often used among Cambodian Teochew speakers.\n','\n',char(10)));
INSERT INTO Extra VALUES(13,281,replace('Alternatively, you may see  or  used.\n','\n',char(10)));
INSERT INTO Extra VALUES(14,284,replace('You''ll always see **yioh8** followed by an adjective, so it should actually be pronounced **yioh(4)**. It can be used as both a question and a statement.\n','\n',char(10)));
INSERT INTO Extra VALUES(15,180,replace('Alternatively, you might see .\n','\n',char(10)));
INSERT INTO Extra VALUES(16,493,replace('This is like using -ing on an action. You would say **do** in front of the verb. So if you wanted to say "I am washing dishes", you would say "ua2 **do(7)** soi(6) uan2"\n','\n',char(10)));
INSERT INTO Extra VALUES(17,496,replace('Teochew uses the same word for "he", "she", and "it"\n','\n',char(10)));
INSERT INTO Extra VALUES(18,34,replace('Teochew uses the same word for "he", "she", and "it"\n','\n',char(10)));
INSERT INTO Extra VALUES(19,497,replace('Teochew uses the same word for "he", "she", and "it"\n','\n',char(10)));
INSERT INTO Extra VALUES(22,25,replace('**chen1** might also be used to mean blue or blue-green.\n','\n',char(10)));
INSERT INTO Extra VALUES(23,531,replace('We often use this term when cooking. When something is crispy or golden brown, it''s **chiah(8) chiah4**.\n','\n',char(10)));
INSERT INTO Extra VALUES(24,549,replace('My mom used this word when we were making dumplings, and she told me I needed to **chip** the filling, so this is not limited to just dough.\n\nI''m not 100% sure on the appropriate Chinese character for this, but it looks like  is included in a gekion dictionary. WhatTCSay has  (), but it looks like that might be chip4 rather than chip8. And the definitions don''t quite line up in the online dictionaries I check.\n','\n',char(10)));
INSERT INTO Extra VALUES(25,155,replace('I think I hear my family use **liang(7) gi1** for this, but it seems like **ne(6) ki3** is mainly what''s used by other people in the Gaginang discord.\n\nMy great uncle said that it''s more proper to say **liang(7) ki(2) gi1** or just **liang(7) ki3**, so I''ve included all variations here.\n','\n',char(10)));
INSERT INTO Extra VALUES(26,559,replace('"too" to mean _excessively_, as in "too much"\n','\n',char(10)));
INSERT INTO Extra VALUES(27,220,replace('**ngang5** is colder than **liang5**. liang5 is more like "cool"\n','\n',char(10)));
INSERT INTO Extra VALUES(28,564,replace('My family has always used **yih8** to mean "to fold", so we would say **yih(4) san1 kou3** to mean "to fold clothes" or **yih(4) pue6** to mean "to fold the blanket". I wasn''t able to find this in the online dictionaries. Instead, they use **jih4**, and other people in the Gaginang discord server also use jih4. So, I have included both versions here.\n\nI''ve also asked my soi2 gou1, and it sounds like she has said "yih(8) san1 kou3", so I''m not entirely sure on the tone or whether my mom''s family and dad''s family say this word the same way. yih8(4) seems more natural to me though.\n\nIt looks like there is  yih8, meaning "to press" though I am not sure if my family is using the word for press or if they just pronounce "fold" a little differently.\n','\n',char(10)));
INSERT INTO Extra VALUES(29,567,replace('See the extra notes under the entry for [to fold](/english/to%20fold), which explains why I have multiple translations for this.\n','\n',char(10)));
INSERT INTO Extra VALUES(30,580,replace('**ga1 di7** is the  Gekion pronunciation, but I have also included **ga1 gi7** as a separate translation because it uses different characters and because it''s part of "Gaginang", which is one of the largest online Teochew communities.\n','\n',char(10)));
INSERT INTO Extra VALUES(31,1,replace('**leu2 ho2** is basically the equivalent of saying  **n ho** in Mandarin. I don''t know if people actually say **leu2 ho2** in normal conversation. I''ve never used it, and will normally just say "hi" or "hello" in English.\n','\n',char(10)));
INSERT INTO Extra VALUES(32,586,replace('If you want to say something like "number 5", you would say **ngou(7) ho7**. You can also place ho7 after a number to refer to a date in a month.\n\nThere are many other uses of **ho7**, but I don''t know enough about them.\n','\n',char(10)));
INSERT INTO Extra VALUES(33,264,replace('If you need to differentiate between lemon and lime, I would use color. So you could say **eung(7) seung1 gan1** for lemon and **chen1 seung1 gan1** for lime.\n','\n',char(10)));
INSERT INTO Extra VALUES(34,597,replace('I guess cauliflower and [broccoli](/english/broccoli) are seen as the same vegetable (kind of like lemon and lime), so if you want to differentiate, you should use color (white for cauliflower and green for broccoli). If you don''t specify color, I think people will assume you mean cauliflower.\n','\n',char(10)));
INSERT INTO Extra VALUES(35,598,replace('I guess [cauliflower](/english/cauliflower) and broccoli are seen as the same vegetable (kind of like lemon and lime), so if you want to differentiate, you should use color (white for cauliflower and green for broccoli). If you don''t specify color, I think people will assume you mean cauliflower.\n','\n',char(10)));
INSERT INTO Extra VALUES(36,552,replace('I personally am very inconsistent with what tone I use for this word, switching between gah4(8) and gah8(4) depending on what flows better in context. I''ve seen different sources/people use different tones. WhatTCSay has **gah4** while Mogher and CZYZD both have **gah8**.\n','\n',char(10)));
INSERT INTO Extra VALUES(37,610,replace('**huang1 bain5** more literally translates to a foreign place. I''ve found that Teochew people that are from countries other than China will use it to refer to the country that they are from, which is generally somewhere in Southeast Asia. My family uses it to mean Cambodia, because that''s where they''re from\n','\n',char(10)));
INSERT INTO Extra VALUES(38,618,replace('**gang1 dang5** is apparently derived from the Malay word for potato, _kentang_. Other Teochew people might pronounce this slightly differently and with different tones, but this is what is closest to how my aunt pronounces it.\n\n**[huang1 jeu5](/english/sweet%20potato)** is technically the term for _sweet potato_, but my mom says she uses it for all kinds of potatoes, even non-sweet ones, so I''ve included it here. It seems like most people use huang1 jeu5 only for sweet potatoes.\n','\n',char(10)));
INSERT INTO Extra VALUES(39,233,replace('My family often uses **chao(6) gian2** to mean basil, though others use it to generically mean fresh herbs.\n','\n',char(10)));
INSERT INTO Extra VALUES(40,671,replace('You can add **a1** at the end of a statement to turn it into a question.\n','\n',char(10)));
INSERT INTO Extra VALUES(41,643,replace('You would use **si6(7)** if it comes before a noun, and **oi6(7)** if it comes before an adjective\n','\n',char(10)));
INSERT INTO Extra VALUES(42,695,replace('You would say this following an adjective. For example, "not that late" would be **bho(7) meh(8) am3**\n','\n',char(10)));
INSERT INTO Extra VALUES(43,696,replace('Use it as the word "something" when referring to an amount. Some examples are:\n\n* "20 something" - **yi(7) jap(4) ghua7**\n* "70 something degrees" - **chek(8) jap(4) ghua7 dou7**\n','\n',char(10)));
INSERT INTO Extra VALUES(44,697,replace('You can leave off the **ngeng5** at the end if you''d like\n','\n',char(10)));
INSERT INTO Extra VALUES(45,709,replace('You can add a verb after this to mean that you are unable to or don''t have the means to do something. For example, "unable to play" would be **bho(7) biang(2) seung2**\n\nYou could also say that as a phrase on its own, to mean something like "nothing you can do about it"\n','\n',char(10)));
INSERT INTO Extra VALUES(46,450,replace('In this case, **giang3** indicates success, so **toin(6) giang3** means to have seen something sucessfully.\n\nI''ve also heard it pronounced without sandhi-ing, which would be **toin2 giang3**\n','\n',char(10)));
INSERT INTO Extra VALUES(47,572,replace('In this case, **giang3** indicates success, so **toin(6) giang3** means to have heard something sucessfully.\n','\n',char(10)));
INSERT INTO Extra VALUES(48,716,replace('When I hear **gong3**, I generally think of **gong(2) bhah4**, a sweet soy sauce braised pork, which typically also has hard boiled eggs in it.\n','\n',char(10)));
INSERT INTO Extra VALUES(49,604,replace('I didn''t get this translation from my family because I guess we never said "happy birthday" in Chinese. So I''m not sure how common of a phrase this is.\n','\n',char(10)));
INSERT INTO Extra VALUES(50,744,replace('I''ve actually pronounced this **lao7 sai2**, but I couldn''t find any confirmation from other people that pronounce it that way. **lao(2) sai2** seems to be the common pronunciation of this word.\n','\n',char(10)));
INSERT INTO Extra VALUES(51,780,replace('While both of these words generally mean "smart", I would also use **ghao5** to describe someone that is well-behaved or is a good person. I think of **kiang3** as skilled or clever.\n','\n',char(10)));
INSERT INTO Extra VALUES(52,786,replace('If you are late to something, you would use **uan3**. **am3** implies that it''s late and it''s dark, so you can use am3 to say that it''s too late in the day to go out.\n','\n',char(10)));
INSERT INTO Extra VALUES(53,790,replace('If you are pouring water into a glass, you would use **do3**.\n\nIf you are pouring soup or sauce over your rice, you would use **nam5**. Growing up, it was common to have rice and soup during dinner, and I would always **nam(7) teung1**, which meant I poured a bunch of soup in my bowl of rice.\n','\n',char(10)));
INSERT INTO Extra VALUES(54,798,replace('We typically use **dim1** if we''re heating up food using a microwave, but I don''t think it''s exclusive to microwaving. You could use it for heating up food on a stove too.\n','\n',char(10)));
INSERT INTO Extra VALUES(55,820,replace('I think this word is borrowed from Thai\n','\n',char(10)));
INSERT INTO Extra VALUES(56,829,replace('**tiap8** has the connotation of making things more organized. While it literally means to stack or to pile up, my family has also used it to generally mean organizing or putting things away.\n','\n',char(10)));
INSERT INTO Extra VALUES(57,830,replace('It seems like some people have **luh4** and some other people have **luh8** for this. My family uses luh4.\n\nI''ve personally never used this to mean drinking a drink. I''ve only used this word in **luh(8) teung1** to mean "to sip soup".\n','\n',char(10)));
CREATE TABLE FlashcardSet (
    id           integer primary key,
    name         text,
    display_name text,
    hidden boolean default 0,
    sort integer);
INSERT INTO FlashcardSet VALUES(1,'Colors','Colors',0,3);
INSERT INTO FlashcardSet VALUES(2,'People','People',0,2);
INSERT INTO FlashcardSet VALUES(3,'Datetime','Date/Time',0,4);
INSERT INTO FlashcardSet VALUES(4,'House','Around the House',0,6);
INSERT INTO FlashcardSet VALUES(5,'Food','Food/Drink',0,5);
INSERT INTO FlashcardSet VALUES(6,'Body','Human Body',0,10);
INSERT INTO FlashcardSet VALUES(7,'Places','Other Places',0,7);
INSERT INTO FlashcardSet VALUES(8,'Misc','Miscellaneous',0,11);
INSERT INTO FlashcardSet VALUES(9,'','All',1,10);
INSERT INTO FlashcardSet VALUES(10,'Phrase','Sentences',1,10);
INSERT INTO FlashcardSet VALUES(11,'Time','Clock Time',1,10);
INSERT INTO FlashcardSet VALUES(12,'Basics','Basics',0,1);
INSERT INTO FlashcardSet VALUES(13,'Number','Numbers',1,NULL);
INSERT INTO FlashcardSet VALUES(14,'Nature','Nature',0,10);
CREATE TABLE TeochewAltChinese (
    id integer primary key,
    teochew_id integer references Teochew(id),
    chinese text
);
INSERT INTO TeochewAltChinese VALUES(1,572,'');
INSERT INTO TeochewAltChinese VALUES(2,572,'');
INSERT INTO TeochewAltChinese VALUES(3,557,'');
INSERT INTO TeochewAltChinese VALUES(4,6,'');
INSERT INTO TeochewAltChinese VALUES(5,7,'');
INSERT INTO TeochewAltChinese VALUES(6,120,' ()');
INSERT INTO TeochewAltChinese VALUES(7,120,'');
INSERT INTO TeochewAltChinese VALUES(8,602,'');
INSERT INTO TeochewAltChinese VALUES(9,403,'');
INSERT INTO TeochewAltChinese VALUES(10,601,'');
INSERT INTO TeochewAltChinese VALUES(11,47,'');
INSERT INTO TeochewAltChinese VALUES(12,47,'');
INSERT INTO TeochewAltChinese VALUES(13,641,'');
INSERT INTO TeochewAltChinese VALUES(14,655,'');
INSERT INTO TeochewAltChinese VALUES(15,361,'');
INSERT INTO TeochewAltChinese VALUES(16,662,'');
INSERT INTO TeochewAltChinese VALUES(17,666,'');
INSERT INTO TeochewAltChinese VALUES(18,680,'');
INSERT INTO TeochewAltChinese VALUES(19,681,'');
INSERT INTO TeochewAltChinese VALUES(20,681,'');
INSERT INTO TeochewAltChinese VALUES(21,682,'');
INSERT INTO TeochewAltChinese VALUES(22,702,'');
INSERT INTO TeochewAltChinese VALUES(23,712,'');
INSERT INTO TeochewAltChinese VALUES(24,37,'');
INSERT INTO TeochewAltChinese VALUES(25,324,'');
INSERT INTO TeochewAltChinese VALUES(26,743,'');
INSERT INTO TeochewAltChinese VALUES(27,748,'');
INSERT INTO TeochewAltChinese VALUES(28,772,'');
INSERT INTO TeochewAltChinese VALUES(29,777,'');
INSERT INTO TeochewAltChinese VALUES(30,159,'');
INSERT INTO TeochewAltChinese VALUES(31,535,'');
INSERT INTO TeochewAltChinese VALUES(32,794,'');
INSERT INTO TeochewAltChinese VALUES(33,664,'');
INSERT INTO TeochewAltChinese VALUES(34,1020,'');
INSERT INTO TeochewAltChinese VALUES(35,1020,'');
INSERT INTO TeochewAltChinese VALUES(36,1051,'');
INSERT INTO TeochewAltChinese VALUES(37,1051,' ()');
INSERT INTO TeochewAltChinese VALUES(38,1079,'');
INSERT INTO TeochewAltChinese VALUES(39,1088,' ()');
INSERT INTO TeochewAltChinese VALUES(40,1088,' ()');
INSERT INTO TeochewAltChinese VALUES(41,1102,' ()');
INSERT INTO TeochewAltChinese VALUES(42,1110,' ()');
INSERT INTO TeochewAltChinese VALUES(43,1133,'');
INSERT INTO TeochewAltChinese VALUES(44,375,' ()');
CREATE TABLE Translation (
    id integer primary key,
    english_id integer references English(id),
    teochew_id integer references Teochew(id),
    hidden_from_flashcards boolean default 0
);
INSERT INTO Translation VALUES(1,1,1,0);
INSERT INTO Translation VALUES(2,2,2,0);
INSERT INTO Translation VALUES(3,3,3,0);
INSERT INTO Translation VALUES(4,4,4,1);
INSERT INTO Translation VALUES(6,6,6,0);
INSERT INTO Translation VALUES(7,7,7,0);
INSERT INTO Translation VALUES(8,8,8,0);
INSERT INTO Translation VALUES(9,9,9,0);
INSERT INTO Translation VALUES(10,10,10,0);
INSERT INTO Translation VALUES(11,11,11,0);
INSERT INTO Translation VALUES(12,13,13,0);
INSERT INTO Translation VALUES(13,14,14,0);
INSERT INTO Translation VALUES(14,15,15,0);
INSERT INTO Translation VALUES(15,16,16,1);
INSERT INTO Translation VALUES(16,17,17,1);
INSERT INTO Translation VALUES(17,19,19,0);
INSERT INTO Translation VALUES(18,20,20,1);
INSERT INTO Translation VALUES(19,21,21,1);
INSERT INTO Translation VALUES(20,22,22,1);
INSERT INTO Translation VALUES(21,23,23,0);
INSERT INTO Translation VALUES(22,24,24,1);
INSERT INTO Translation VALUES(23,25,25,1);
INSERT INTO Translation VALUES(24,26,26,1);
INSERT INTO Translation VALUES(25,27,27,1);
INSERT INTO Translation VALUES(26,29,29,1);
INSERT INTO Translation VALUES(27,529,30,1);
INSERT INTO Translation VALUES(28,31,31,1);
INSERT INTO Translation VALUES(29,32,32,0);
INSERT INTO Translation VALUES(30,33,33,0);
INSERT INTO Translation VALUES(31,34,34,0);
INSERT INTO Translation VALUES(32,35,35,0);
INSERT INTO Translation VALUES(33,36,36,0);
INSERT INTO Translation VALUES(34,37,37,0);
INSERT INTO Translation VALUES(35,38,38,0);
INSERT INTO Translation VALUES(36,39,39,0);
INSERT INTO Translation VALUES(37,40,40,0);
INSERT INTO Translation VALUES(38,41,41,0);
INSERT INTO Translation VALUES(39,42,42,0);
INSERT INTO Translation VALUES(40,43,43,0);
INSERT INTO Translation VALUES(41,44,44,0);
INSERT INTO Translation VALUES(42,45,45,0);
INSERT INTO Translation VALUES(43,46,46,0);
INSERT INTO Translation VALUES(44,47,47,0);
INSERT INTO Translation VALUES(45,48,48,0);
INSERT INTO Translation VALUES(46,49,49,0);
INSERT INTO Translation VALUES(47,50,50,0);
INSERT INTO Translation VALUES(48,51,51,0);
INSERT INTO Translation VALUES(49,52,52,0);
INSERT INTO Translation VALUES(50,53,53,0);
INSERT INTO Translation VALUES(52,55,55,0);
INSERT INTO Translation VALUES(53,56,56,0);
INSERT INTO Translation VALUES(54,57,57,0);
INSERT INTO Translation VALUES(55,58,58,0);
INSERT INTO Translation VALUES(56,59,59,0);
INSERT INTO Translation VALUES(57,60,60,0);
INSERT INTO Translation VALUES(58,61,61,0);
INSERT INTO Translation VALUES(59,62,62,0);
INSERT INTO Translation VALUES(60,63,61,0);
INSERT INTO Translation VALUES(61,64,64,0);
INSERT INTO Translation VALUES(62,65,65,0);
INSERT INTO Translation VALUES(63,66,66,0);
INSERT INTO Translation VALUES(64,68,67,0);
INSERT INTO Translation VALUES(65,69,68,0);
INSERT INTO Translation VALUES(66,70,69,0);
INSERT INTO Translation VALUES(67,71,70,0);
INSERT INTO Translation VALUES(68,72,71,0);
INSERT INTO Translation VALUES(69,73,72,0);
INSERT INTO Translation VALUES(70,74,73,0);
INSERT INTO Translation VALUES(71,75,74,0);
INSERT INTO Translation VALUES(72,76,75,0);
INSERT INTO Translation VALUES(73,77,76,0);
INSERT INTO Translation VALUES(74,78,77,1);
INSERT INTO Translation VALUES(75,79,78,0);
INSERT INTO Translation VALUES(76,81,80,0);
INSERT INTO Translation VALUES(77,82,81,0);
INSERT INTO Translation VALUES(78,83,82,0);
INSERT INTO Translation VALUES(79,84,83,0);
INSERT INTO Translation VALUES(80,85,84,0);
INSERT INTO Translation VALUES(81,86,85,0);
INSERT INTO Translation VALUES(82,87,86,0);
INSERT INTO Translation VALUES(83,88,87,0);
INSERT INTO Translation VALUES(84,89,88,0);
INSERT INTO Translation VALUES(85,92,91,0);
INSERT INTO Translation VALUES(86,93,92,0);
INSERT INTO Translation VALUES(87,94,93,0);
INSERT INTO Translation VALUES(88,95,94,0);
INSERT INTO Translation VALUES(89,96,95,0);
INSERT INTO Translation VALUES(90,97,96,0);
INSERT INTO Translation VALUES(91,98,97,0);
INSERT INTO Translation VALUES(92,99,98,0);
INSERT INTO Translation VALUES(93,100,99,0);
INSERT INTO Translation VALUES(94,102,101,0);
INSERT INTO Translation VALUES(95,103,102,0);
INSERT INTO Translation VALUES(96,104,103,0);
INSERT INTO Translation VALUES(97,105,104,0);
INSERT INTO Translation VALUES(98,105,105,1);
INSERT INTO Translation VALUES(99,106,106,0);
INSERT INTO Translation VALUES(100,106,107,0);
INSERT INTO Translation VALUES(101,107,108,0);
INSERT INTO Translation VALUES(102,107,109,0);
INSERT INTO Translation VALUES(103,107,110,0);
INSERT INTO Translation VALUES(104,107,111,0);
INSERT INTO Translation VALUES(105,108,112,0);
INSERT INTO Translation VALUES(106,108,113,0);
INSERT INTO Translation VALUES(107,108,114,0);
INSERT INTO Translation VALUES(108,109,115,0);
INSERT INTO Translation VALUES(109,109,116,0);
INSERT INTO Translation VALUES(110,110,118,1);
INSERT INTO Translation VALUES(111,111,119,0);
INSERT INTO Translation VALUES(112,111,120,0);
INSERT INTO Translation VALUES(113,112,121,0);
INSERT INTO Translation VALUES(114,113,122,0);
INSERT INTO Translation VALUES(115,114,123,0);
INSERT INTO Translation VALUES(116,115,124,0);
INSERT INTO Translation VALUES(117,116,125,0);
INSERT INTO Translation VALUES(118,117,126,0);
INSERT INTO Translation VALUES(119,119,128,0);
INSERT INTO Translation VALUES(120,120,129,0);
INSERT INTO Translation VALUES(121,121,130,0);
INSERT INTO Translation VALUES(122,122,131,0);
INSERT INTO Translation VALUES(123,123,132,0);
INSERT INTO Translation VALUES(124,124,133,0);
INSERT INTO Translation VALUES(125,125,134,0);
INSERT INTO Translation VALUES(126,126,135,0);
INSERT INTO Translation VALUES(127,127,136,0);
INSERT INTO Translation VALUES(128,128,137,0);
INSERT INTO Translation VALUES(129,25,138,1);
INSERT INTO Translation VALUES(130,130,139,0);
INSERT INTO Translation VALUES(131,129,140,0);
INSERT INTO Translation VALUES(132,131,141,0);
INSERT INTO Translation VALUES(133,67,142,0);
INSERT INTO Translation VALUES(134,39,143,1);
INSERT INTO Translation VALUES(135,38,144,1);
INSERT INTO Translation VALUES(136,132,145,1);
INSERT INTO Translation VALUES(137,133,146,1);
INSERT INTO Translation VALUES(138,134,147,1);
INSERT INTO Translation VALUES(139,135,148,1);
INSERT INTO Translation VALUES(140,136,149,1);
INSERT INTO Translation VALUES(141,137,150,1);
INSERT INTO Translation VALUES(142,138,151,1);
INSERT INTO Translation VALUES(143,139,152,1);
INSERT INTO Translation VALUES(144,632,154,0);
INSERT INTO Translation VALUES(145,633,155,0);
INSERT INTO Translation VALUES(146,699,156,0);
INSERT INTO Translation VALUES(147,140,157,0);
INSERT INTO Translation VALUES(148,141,158,0);
INSERT INTO Translation VALUES(149,142,159,0);
INSERT INTO Translation VALUES(150,143,160,0);
INSERT INTO Translation VALUES(151,144,161,0);
INSERT INTO Translation VALUES(152,145,162,0);
INSERT INTO Translation VALUES(153,146,163,0);
INSERT INTO Translation VALUES(154,147,164,0);
INSERT INTO Translation VALUES(155,148,165,0);
INSERT INTO Translation VALUES(156,149,166,0);
INSERT INTO Translation VALUES(157,150,167,0);
INSERT INTO Translation VALUES(158,151,168,0);
INSERT INTO Translation VALUES(159,150,169,0);
INSERT INTO Translation VALUES(160,152,170,0);
INSERT INTO Translation VALUES(161,152,171,0);
INSERT INTO Translation VALUES(162,153,172,1);
INSERT INTO Translation VALUES(163,154,173,1);
INSERT INTO Translation VALUES(164,155,174,0);
INSERT INTO Translation VALUES(165,155,175,0);
INSERT INTO Translation VALUES(166,155,176,1);
INSERT INTO Translation VALUES(167,156,177,1);
INSERT INTO Translation VALUES(168,157,178,0);
INSERT INTO Translation VALUES(169,158,179,0);
INSERT INTO Translation VALUES(170,159,180,0);
INSERT INTO Translation VALUES(171,160,181,0);
INSERT INTO Translation VALUES(172,161,182,0);
INSERT INTO Translation VALUES(173,162,183,0);
INSERT INTO Translation VALUES(174,163,184,0);
INSERT INTO Translation VALUES(175,164,185,0);
INSERT INTO Translation VALUES(176,165,186,0);
INSERT INTO Translation VALUES(177,166,187,0);
INSERT INTO Translation VALUES(178,167,188,0);
INSERT INTO Translation VALUES(179,168,189,0);
INSERT INTO Translation VALUES(180,169,190,0);
INSERT INTO Translation VALUES(181,170,191,0);
INSERT INTO Translation VALUES(182,170,192,0);
INSERT INTO Translation VALUES(183,171,193,1);
INSERT INTO Translation VALUES(184,172,194,1);
INSERT INTO Translation VALUES(185,173,195,1);
INSERT INTO Translation VALUES(186,174,196,1);
INSERT INTO Translation VALUES(187,175,197,1);
INSERT INTO Translation VALUES(188,176,198,1);
INSERT INTO Translation VALUES(189,177,199,1);
INSERT INTO Translation VALUES(190,178,200,0);
INSERT INTO Translation VALUES(191,179,201,0);
INSERT INTO Translation VALUES(192,180,202,0);
INSERT INTO Translation VALUES(193,181,203,1);
INSERT INTO Translation VALUES(194,182,204,0);
INSERT INTO Translation VALUES(195,183,205,0);
INSERT INTO Translation VALUES(196,183,206,0);
INSERT INTO Translation VALUES(197,184,207,1);
INSERT INTO Translation VALUES(198,185,208,1);
INSERT INTO Translation VALUES(199,186,209,0);
INSERT INTO Translation VALUES(200,187,210,0);
INSERT INTO Translation VALUES(201,188,211,0);
INSERT INTO Translation VALUES(202,189,212,0);
INSERT INTO Translation VALUES(203,190,213,0);
INSERT INTO Translation VALUES(204,191,214,0);
INSERT INTO Translation VALUES(205,192,215,0);
INSERT INTO Translation VALUES(206,193,216,0);
INSERT INTO Translation VALUES(207,194,217,0);
INSERT INTO Translation VALUES(208,195,218,0);
INSERT INTO Translation VALUES(209,195,219,0);
INSERT INTO Translation VALUES(210,196,220,0);
INSERT INTO Translation VALUES(211,197,221,0);
INSERT INTO Translation VALUES(212,198,222,0);
INSERT INTO Translation VALUES(213,199,223,0);
INSERT INTO Translation VALUES(214,200,224,1);
INSERT INTO Translation VALUES(215,201,225,0);
INSERT INTO Translation VALUES(216,201,226,0);
INSERT INTO Translation VALUES(217,203,227,0);
INSERT INTO Translation VALUES(218,204,228,1);
INSERT INTO Translation VALUES(219,205,229,1);
INSERT INTO Translation VALUES(220,206,230,0);
INSERT INTO Translation VALUES(221,207,231,1);
INSERT INTO Translation VALUES(222,208,232,1);
INSERT INTO Translation VALUES(223,209,233,0);
INSERT INTO Translation VALUES(224,210,234,0);
INSERT INTO Translation VALUES(225,211,235,0);
INSERT INTO Translation VALUES(226,212,236,0);
INSERT INTO Translation VALUES(227,212,237,0);
INSERT INTO Translation VALUES(228,214,238,0);
INSERT INTO Translation VALUES(229,215,239,0);
INSERT INTO Translation VALUES(230,216,240,0);
INSERT INTO Translation VALUES(231,217,241,0);
INSERT INTO Translation VALUES(232,218,242,0);
INSERT INTO Translation VALUES(233,219,243,0);
INSERT INTO Translation VALUES(234,220,244,0);
INSERT INTO Translation VALUES(235,220,245,0);
INSERT INTO Translation VALUES(236,222,246,0);
INSERT INTO Translation VALUES(237,20,247,0);
INSERT INTO Translation VALUES(238,21,248,0);
INSERT INTO Translation VALUES(239,22,249,0);
INSERT INTO Translation VALUES(240,449,250,0);
INSERT INTO Translation VALUES(241,24,251,0);
INSERT INTO Translation VALUES(242,25,252,0);
INSERT INTO Translation VALUES(243,25,253,0);
INSERT INTO Translation VALUES(244,26,254,0);
INSERT INTO Translation VALUES(245,27,255,0);
INSERT INTO Translation VALUES(246,29,257,0);
INSERT INTO Translation VALUES(247,30,258,0);
INSERT INTO Translation VALUES(248,31,259,0);
INSERT INTO Translation VALUES(249,223,260,1);
INSERT INTO Translation VALUES(250,224,261,1);
INSERT INTO Translation VALUES(251,224,262,1);
INSERT INTO Translation VALUES(252,225,263,0);
INSERT INTO Translation VALUES(253,226,264,0);
INSERT INTO Translation VALUES(254,227,265,0);
INSERT INTO Translation VALUES(255,227,266,0);
INSERT INTO Translation VALUES(256,229,267,1);
INSERT INTO Translation VALUES(257,230,268,0);
INSERT INTO Translation VALUES(258,231,269,1);
INSERT INTO Translation VALUES(259,232,270,0);
INSERT INTO Translation VALUES(260,233,271,0);
INSERT INTO Translation VALUES(261,234,272,1);
INSERT INTO Translation VALUES(262,236,274,1);
INSERT INTO Translation VALUES(263,237,275,0);
INSERT INTO Translation VALUES(264,238,276,0);
INSERT INTO Translation VALUES(265,239,277,0);
INSERT INTO Translation VALUES(266,240,278,0);
INSERT INTO Translation VALUES(267,241,279,0);
INSERT INTO Translation VALUES(268,242,280,0);
INSERT INTO Translation VALUES(269,243,281,1);
INSERT INTO Translation VALUES(270,244,282,0);
INSERT INTO Translation VALUES(271,245,283,0);
INSERT INTO Translation VALUES(272,246,284,1);
INSERT INTO Translation VALUES(273,247,285,1);
INSERT INTO Translation VALUES(274,248,286,1);
INSERT INTO Translation VALUES(275,249,287,0);
INSERT INTO Translation VALUES(276,250,288,0);
INSERT INTO Translation VALUES(277,251,289,0);
INSERT INTO Translation VALUES(278,252,290,0);
INSERT INTO Translation VALUES(279,253,291,0);
INSERT INTO Translation VALUES(280,254,292,1);
INSERT INTO Translation VALUES(281,255,293,0);
INSERT INTO Translation VALUES(282,256,294,0);
INSERT INTO Translation VALUES(283,257,295,1);
INSERT INTO Translation VALUES(284,258,296,0);
INSERT INTO Translation VALUES(285,259,297,1);
INSERT INTO Translation VALUES(286,260,298,0);
INSERT INTO Translation VALUES(287,261,299,1);
INSERT INTO Translation VALUES(288,262,300,1);
INSERT INTO Translation VALUES(289,263,301,1);
INSERT INTO Translation VALUES(290,264,302,0);
INSERT INTO Translation VALUES(291,265,303,1);
INSERT INTO Translation VALUES(292,266,304,0);
INSERT INTO Translation VALUES(293,267,305,0);
INSERT INTO Translation VALUES(294,268,306,0);
INSERT INTO Translation VALUES(295,269,307,0);
INSERT INTO Translation VALUES(296,270,308,1);
INSERT INTO Translation VALUES(297,271,309,0);
INSERT INTO Translation VALUES(298,239,310,0);
INSERT INTO Translation VALUES(299,273,311,0);
INSERT INTO Translation VALUES(300,274,312,0);
INSERT INTO Translation VALUES(301,274,313,0);
INSERT INTO Translation VALUES(302,274,314,0);
INSERT INTO Translation VALUES(303,275,315,0);
INSERT INTO Translation VALUES(304,276,316,0);
INSERT INTO Translation VALUES(305,277,317,0);
INSERT INTO Translation VALUES(306,278,318,0);
INSERT INTO Translation VALUES(307,279,319,0);
INSERT INTO Translation VALUES(308,280,320,0);
INSERT INTO Translation VALUES(309,281,321,0);
INSERT INTO Translation VALUES(310,282,322,0);
INSERT INTO Translation VALUES(311,283,323,0);
INSERT INTO Translation VALUES(312,284,324,0);
INSERT INTO Translation VALUES(313,285,325,0);
INSERT INTO Translation VALUES(314,286,326,0);
INSERT INTO Translation VALUES(315,287,327,1);
INSERT INTO Translation VALUES(316,288,328,0);
INSERT INTO Translation VALUES(317,289,329,0);
INSERT INTO Translation VALUES(318,290,330,0);
INSERT INTO Translation VALUES(319,291,331,0);
INSERT INTO Translation VALUES(320,292,332,0);
INSERT INTO Translation VALUES(321,293,333,0);
INSERT INTO Translation VALUES(322,294,334,0);
INSERT INTO Translation VALUES(323,294,335,0);
INSERT INTO Translation VALUES(324,295,336,1);
INSERT INTO Translation VALUES(325,296,337,0);
INSERT INTO Translation VALUES(326,297,338,0);
INSERT INTO Translation VALUES(327,298,339,0);
INSERT INTO Translation VALUES(328,299,340,0);
INSERT INTO Translation VALUES(329,300,341,1);
INSERT INTO Translation VALUES(330,301,342,0);
INSERT INTO Translation VALUES(331,302,343,0);
INSERT INTO Translation VALUES(332,303,344,0);
INSERT INTO Translation VALUES(333,304,345,1);
INSERT INTO Translation VALUES(334,305,346,0);
INSERT INTO Translation VALUES(335,306,347,0);
INSERT INTO Translation VALUES(336,307,348,0);
INSERT INTO Translation VALUES(337,308,349,1);
INSERT INTO Translation VALUES(338,309,350,0);
INSERT INTO Translation VALUES(339,310,351,0);
INSERT INTO Translation VALUES(340,311,352,0);
INSERT INTO Translation VALUES(341,312,353,0);
INSERT INTO Translation VALUES(342,313,354,0);
INSERT INTO Translation VALUES(343,314,355,0);
INSERT INTO Translation VALUES(344,315,356,0);
INSERT INTO Translation VALUES(345,316,357,1);
INSERT INTO Translation VALUES(346,316,358,1);
INSERT INTO Translation VALUES(347,317,359,1);
INSERT INTO Translation VALUES(348,318,360,0);
INSERT INTO Translation VALUES(350,321,362,0);
INSERT INTO Translation VALUES(351,320,363,1);
INSERT INTO Translation VALUES(352,321,364,0);
INSERT INTO Translation VALUES(353,322,365,1);
INSERT INTO Translation VALUES(354,323,366,0);
INSERT INTO Translation VALUES(355,324,367,0);
INSERT INTO Translation VALUES(356,325,368,0);
INSERT INTO Translation VALUES(357,326,369,0);
INSERT INTO Translation VALUES(358,327,370,0);
INSERT INTO Translation VALUES(359,328,371,0);
INSERT INTO Translation VALUES(360,329,372,0);
INSERT INTO Translation VALUES(361,330,373,0);
INSERT INTO Translation VALUES(362,331,374,0);
INSERT INTO Translation VALUES(363,332,375,0);
INSERT INTO Translation VALUES(364,297,376,0);
INSERT INTO Translation VALUES(365,333,377,0);
INSERT INTO Translation VALUES(366,334,378,0);
INSERT INTO Translation VALUES(367,335,379,0);
INSERT INTO Translation VALUES(368,336,380,0);
INSERT INTO Translation VALUES(369,337,381,0);
INSERT INTO Translation VALUES(370,338,382,0);
INSERT INTO Translation VALUES(371,339,383,0);
INSERT INTO Translation VALUES(372,340,384,1);
INSERT INTO Translation VALUES(373,341,385,0);
INSERT INTO Translation VALUES(374,342,386,1);
INSERT INTO Translation VALUES(375,343,387,0);
INSERT INTO Translation VALUES(376,344,388,0);
INSERT INTO Translation VALUES(377,345,389,0);
INSERT INTO Translation VALUES(378,346,390,0);
INSERT INTO Translation VALUES(379,347,391,0);
INSERT INTO Translation VALUES(380,348,392,0);
INSERT INTO Translation VALUES(381,349,393,0);
INSERT INTO Translation VALUES(382,350,392,0);
INSERT INTO Translation VALUES(383,351,395,0);
INSERT INTO Translation VALUES(384,352,396,0);
INSERT INTO Translation VALUES(385,353,397,0);
INSERT INTO Translation VALUES(386,354,398,0);
INSERT INTO Translation VALUES(387,355,399,1);
INSERT INTO Translation VALUES(388,356,400,0);
INSERT INTO Translation VALUES(389,357,401,0);
INSERT INTO Translation VALUES(390,358,402,0);
INSERT INTO Translation VALUES(391,359,403,0);
INSERT INTO Translation VALUES(392,360,404,1);
INSERT INTO Translation VALUES(393,361,405,0);
INSERT INTO Translation VALUES(394,362,406,0);
INSERT INTO Translation VALUES(395,363,407,0);
INSERT INTO Translation VALUES(396,364,408,0);
INSERT INTO Translation VALUES(397,365,409,0);
INSERT INTO Translation VALUES(398,366,410,1);
INSERT INTO Translation VALUES(399,108,411,0);
INSERT INTO Translation VALUES(400,367,413,0);
INSERT INTO Translation VALUES(401,110,414,0);
INSERT INTO Translation VALUES(402,368,415,0);
INSERT INTO Translation VALUES(403,369,416,0);
INSERT INTO Translation VALUES(404,370,417,0);
INSERT INTO Translation VALUES(405,371,418,0);
INSERT INTO Translation VALUES(406,372,419,0);
INSERT INTO Translation VALUES(407,373,420,0);
INSERT INTO Translation VALUES(408,374,421,0);
INSERT INTO Translation VALUES(409,375,422,0);
INSERT INTO Translation VALUES(410,376,423,0);
INSERT INTO Translation VALUES(411,377,424,0);
INSERT INTO Translation VALUES(412,378,425,0);
INSERT INTO Translation VALUES(413,379,426,0);
INSERT INTO Translation VALUES(414,380,427,0);
INSERT INTO Translation VALUES(415,381,428,0);
INSERT INTO Translation VALUES(416,382,429,0);
INSERT INTO Translation VALUES(417,383,430,0);
INSERT INTO Translation VALUES(418,384,431,0);
INSERT INTO Translation VALUES(419,385,432,0);
INSERT INTO Translation VALUES(420,386,433,0);
INSERT INTO Translation VALUES(421,387,434,0);
INSERT INTO Translation VALUES(422,388,435,0);
INSERT INTO Translation VALUES(423,389,436,0);
INSERT INTO Translation VALUES(424,390,437,0);
INSERT INTO Translation VALUES(425,391,438,0);
INSERT INTO Translation VALUES(426,392,439,0);
INSERT INTO Translation VALUES(427,393,440,0);
INSERT INTO Translation VALUES(428,394,441,0);
INSERT INTO Translation VALUES(429,395,442,0);
INSERT INTO Translation VALUES(430,396,443,0);
INSERT INTO Translation VALUES(431,397,444,0);
INSERT INTO Translation VALUES(432,397,445,0);
INSERT INTO Translation VALUES(433,398,446,0);
INSERT INTO Translation VALUES(434,399,447,0);
INSERT INTO Translation VALUES(435,400,448,0);
INSERT INTO Translation VALUES(436,401,449,0);
INSERT INTO Translation VALUES(437,402,450,0);
INSERT INTO Translation VALUES(438,404,452,0);
INSERT INTO Translation VALUES(439,405,453,0);
INSERT INTO Translation VALUES(440,406,454,0);
INSERT INTO Translation VALUES(441,403,455,0);
INSERT INTO Translation VALUES(442,407,456,0);
INSERT INTO Translation VALUES(443,408,375,0);
INSERT INTO Translation VALUES(444,409,458,0);
INSERT INTO Translation VALUES(445,410,459,0);
INSERT INTO Translation VALUES(446,411,460,0);
INSERT INTO Translation VALUES(447,412,461,0);
INSERT INTO Translation VALUES(448,413,462,0);
INSERT INTO Translation VALUES(449,414,463,0);
INSERT INTO Translation VALUES(450,415,464,0);
INSERT INTO Translation VALUES(451,416,465,0);
INSERT INTO Translation VALUES(452,417,466,0);
INSERT INTO Translation VALUES(453,418,467,0);
INSERT INTO Translation VALUES(454,419,468,0);
INSERT INTO Translation VALUES(455,420,469,1);
INSERT INTO Translation VALUES(456,421,470,0);
INSERT INTO Translation VALUES(457,422,471,1);
INSERT INTO Translation VALUES(458,423,472,0);
INSERT INTO Translation VALUES(459,40,473,0);
INSERT INTO Translation VALUES(460,424,474,0);
INSERT INTO Translation VALUES(461,425,475,0);
INSERT INTO Translation VALUES(462,426,476,0);
INSERT INTO Translation VALUES(463,427,477,1);
INSERT INTO Translation VALUES(464,428,478,0);
INSERT INTO Translation VALUES(465,429,479,0);
INSERT INTO Translation VALUES(466,430,480,0);
INSERT INTO Translation VALUES(467,431,481,0);
INSERT INTO Translation VALUES(468,429,482,1);
INSERT INTO Translation VALUES(469,432,483,0);
INSERT INTO Translation VALUES(470,28,485,0);
INSERT INTO Translation VALUES(471,30,486,0);
INSERT INTO Translation VALUES(472,27,487,0);
INSERT INTO Translation VALUES(473,433,488,0);
INSERT INTO Translation VALUES(474,434,489,0);
INSERT INTO Translation VALUES(475,435,491,0);
INSERT INTO Translation VALUES(476,436,492,0);
INSERT INTO Translation VALUES(477,38,493,0);
INSERT INTO Translation VALUES(478,39,494,0);
INSERT INTO Translation VALUES(479,437,495,0);
INSERT INTO Translation VALUES(480,12,496,0);
INSERT INTO Translation VALUES(481,438,497,0);
INSERT INTO Translation VALUES(482,439,498,0);
INSERT INTO Translation VALUES(483,440,499,0);
INSERT INTO Translation VALUES(484,18,500,1);
INSERT INTO Translation VALUES(485,91,502,0);
INSERT INTO Translation VALUES(486,80,503,0);
INSERT INTO Translation VALUES(487,634,504,0);
INSERT INTO Translation VALUES(488,91,505,0);
INSERT INTO Translation VALUES(489,101,506,0);
INSERT INTO Translation VALUES(490,90,507,0);
INSERT INTO Translation VALUES(491,110,508,0);
INSERT INTO Translation VALUES(492,441,509,0);
INSERT INTO Translation VALUES(493,442,510,0);
INSERT INTO Translation VALUES(494,443,511,0);
INSERT INTO Translation VALUES(495,444,511,0);
INSERT INTO Translation VALUES(496,444,513,0);
INSERT INTO Translation VALUES(497,445,514,0);
INSERT INTO Translation VALUES(498,446,515,0);
INSERT INTO Translation VALUES(499,446,516,1);
INSERT INTO Translation VALUES(500,447,517,0);
INSERT INTO Translation VALUES(501,367,518,0);
INSERT INTO Translation VALUES(502,448,519,0);
INSERT INTO Translation VALUES(503,450,520,0);
INSERT INTO Translation VALUES(504,195,521,0);
INSERT INTO Translation VALUES(505,451,522,0);
INSERT INTO Translation VALUES(506,452,523,0);
INSERT INTO Translation VALUES(507,453,524,0);
INSERT INTO Translation VALUES(508,454,525,0);
INSERT INTO Translation VALUES(509,455,526,0);
INSERT INTO Translation VALUES(510,456,527,0);
INSERT INTO Translation VALUES(511,457,528,0);
INSERT INTO Translation VALUES(512,458,529,0);
INSERT INTO Translation VALUES(513,458,530,0);
INSERT INTO Translation VALUES(514,459,531,0);
INSERT INTO Translation VALUES(515,460,532,0);
INSERT INTO Translation VALUES(516,461,533,0);
INSERT INTO Translation VALUES(517,462,534,0);
INSERT INTO Translation VALUES(518,463,535,0);
INSERT INTO Translation VALUES(519,464,536,0);
INSERT INTO Translation VALUES(520,465,537,0);
INSERT INTO Translation VALUES(521,466,538,0);
INSERT INTO Translation VALUES(522,467,539,0);
INSERT INTO Translation VALUES(523,468,54,0);
INSERT INTO Translation VALUES(524,469,541,0);
INSERT INTO Translation VALUES(525,470,542,0);
INSERT INTO Translation VALUES(526,471,543,0);
INSERT INTO Translation VALUES(527,472,544,0);
INSERT INTO Translation VALUES(528,473,545,1);
INSERT INTO Translation VALUES(529,474,545,1);
INSERT INTO Translation VALUES(530,475,547,0);
INSERT INTO Translation VALUES(531,475,548,0);
INSERT INTO Translation VALUES(532,476,549,0);
INSERT INTO Translation VALUES(533,477,550,0);
INSERT INTO Translation VALUES(534,477,551,0);
INSERT INTO Translation VALUES(535,478,552,0);
INSERT INTO Translation VALUES(536,479,553,0);
INSERT INTO Translation VALUES(537,480,554,0);
INSERT INTO Translation VALUES(538,481,555,0);
INSERT INTO Translation VALUES(539,482,556,0);
INSERT INTO Translation VALUES(540,483,557,1);
INSERT INTO Translation VALUES(541,484,356,0);
INSERT INTO Translation VALUES(542,485,559,0);
INSERT INTO Translation VALUES(543,486,560,0);
INSERT INTO Translation VALUES(544,487,561,0);
INSERT INTO Translation VALUES(545,488,562,0);
INSERT INTO Translation VALUES(546,489,563,0);
INSERT INTO Translation VALUES(547,490,564,0);
INSERT INTO Translation VALUES(548,491,565,0);
INSERT INTO Translation VALUES(549,492,566,1);
INSERT INTO Translation VALUES(550,493,365,1);
INSERT INTO Translation VALUES(551,494,568,1);
INSERT INTO Translation VALUES(552,495,569,0);
INSERT INTO Translation VALUES(555,498,572,0);
INSERT INTO Translation VALUES(556,499,573,0);
INSERT INTO Translation VALUES(557,500,574,0);
INSERT INTO Translation VALUES(558,501,575,0);
INSERT INTO Translation VALUES(559,502,576,0);
INSERT INTO Translation VALUES(560,503,577,0);
INSERT INTO Translation VALUES(561,504,578,0);
INSERT INTO Translation VALUES(562,505,579,0);
INSERT INTO Translation VALUES(563,506,580,0);
INSERT INTO Translation VALUES(564,507,581,0);
INSERT INTO Translation VALUES(565,508,582,0);
INSERT INTO Translation VALUES(566,509,583,0);
INSERT INTO Translation VALUES(567,510,584,1);
INSERT INTO Translation VALUES(568,511,585,0);
INSERT INTO Translation VALUES(569,512,586,0);
INSERT INTO Translation VALUES(570,513,587,0);
INSERT INTO Translation VALUES(571,514,588,0);
INSERT INTO Translation VALUES(572,515,589,0);
INSERT INTO Translation VALUES(573,516,590,0);
INSERT INTO Translation VALUES(574,517,590,0);
INSERT INTO Translation VALUES(575,514,592,1);
INSERT INTO Translation VALUES(576,518,593,0);
INSERT INTO Translation VALUES(577,519,594,0);
INSERT INTO Translation VALUES(578,520,595,0);
INSERT INTO Translation VALUES(579,521,596,1);
INSERT INTO Translation VALUES(580,492,361,1);
INSERT INTO Translation VALUES(581,522,598,1);
INSERT INTO Translation VALUES(582,523,599,0);
INSERT INTO Translation VALUES(583,534,120,0);
INSERT INTO Translation VALUES(584,524,601,0);
INSERT INTO Translation VALUES(585,525,602,1);
INSERT INTO Translation VALUES(586,359,603,0);
INSERT INTO Translation VALUES(587,526,604,0);
INSERT INTO Translation VALUES(588,527,605,0);
INSERT INTO Translation VALUES(589,528,606,0);
INSERT INTO Translation VALUES(590,535,607,0);
INSERT INTO Translation VALUES(591,530,608,0);
INSERT INTO Translation VALUES(592,531,609,1);
INSERT INTO Translation VALUES(593,531,610,0);
INSERT INTO Translation VALUES(594,532,611,0);
INSERT INTO Translation VALUES(595,533,612,0);
INSERT INTO Translation VALUES(596,536,613,0);
INSERT INTO Translation VALUES(597,537,614,0);
INSERT INTO Translation VALUES(598,538,615,0);
INSERT INTO Translation VALUES(599,539,616,0);
INSERT INTO Translation VALUES(600,540,617,0);
INSERT INTO Translation VALUES(602,542,618,0);
INSERT INTO Translation VALUES(603,543,619,0);
INSERT INTO Translation VALUES(604,NULL,620,0);
INSERT INTO Translation VALUES(605,NULL,621,0);
INSERT INTO Translation VALUES(606,NULL,622,0);
INSERT INTO Translation VALUES(607,544,623,0);
INSERT INTO Translation VALUES(608,545,624,0);
INSERT INTO Translation VALUES(609,546,625,0);
INSERT INTO Translation VALUES(610,547,626,0);
INSERT INTO Translation VALUES(611,548,627,0);
INSERT INTO Translation VALUES(612,549,628,0);
INSERT INTO Translation VALUES(613,550,629,0);
INSERT INTO Translation VALUES(614,551,630,0);
INSERT INTO Translation VALUES(615,155,631,1);
INSERT INTO Translation VALUES(616,155,632,1);
INSERT INTO Translation VALUES(617,552,633,0);
INSERT INTO Translation VALUES(618,553,634,0);
INSERT INTO Translation VALUES(619,554,635,0);
INSERT INTO Translation VALUES(620,555,636,0);
INSERT INTO Translation VALUES(621,555,637,0);
INSERT INTO Translation VALUES(622,556,638,1);
INSERT INTO Translation VALUES(623,557,639,0);
INSERT INTO Translation VALUES(624,558,640,0);
INSERT INTO Translation VALUES(625,559,641,1);
INSERT INTO Translation VALUES(626,560,642,0);
INSERT INTO Translation VALUES(627,561,643,0);
INSERT INTO Translation VALUES(628,562,644,0);
INSERT INTO Translation VALUES(629,375,645,0);
INSERT INTO Translation VALUES(630,563,646,0);
INSERT INTO Translation VALUES(631,564,647,0);
INSERT INTO Translation VALUES(632,564,648,0);
INSERT INTO Translation VALUES(633,565,649,0);
INSERT INTO Translation VALUES(634,566,650,0);
INSERT INTO Translation VALUES(635,567,651,0);
INSERT INTO Translation VALUES(636,567,652,0);
INSERT INTO Translation VALUES(637,568,653,0);
INSERT INTO Translation VALUES(638,569,654,0);
INSERT INTO Translation VALUES(639,570,655,0);
INSERT INTO Translation VALUES(640,571,656,0);
INSERT INTO Translation VALUES(641,572,657,0);
INSERT INTO Translation VALUES(642,573,658,0);
INSERT INTO Translation VALUES(643,574,659,0);
INSERT INTO Translation VALUES(644,575,660,0);
INSERT INTO Translation VALUES(645,576,661,0);
INSERT INTO Translation VALUES(646,577,662,0);
INSERT INTO Translation VALUES(647,577,663,0);
INSERT INTO Translation VALUES(648,578,664,0);
INSERT INTO Translation VALUES(649,579,665,0);
INSERT INTO Translation VALUES(650,580,666,0);
INSERT INTO Translation VALUES(651,580,667,0);
INSERT INTO Translation VALUES(652,581,668,0);
INSERT INTO Translation VALUES(653,582,669,0);
INSERT INTO Translation VALUES(654,583,670,0);
INSERT INTO Translation VALUES(655,584,671,0);
INSERT INTO Translation VALUES(656,585,672,0);
INSERT INTO Translation VALUES(657,586,673,1);
INSERT INTO Translation VALUES(658,587,674,0);
INSERT INTO Translation VALUES(659,588,675,0);
INSERT INTO Translation VALUES(660,589,676,0);
INSERT INTO Translation VALUES(661,590,677,0);
INSERT INTO Translation VALUES(662,591,678,0);
INSERT INTO Translation VALUES(663,592,679,0);
INSERT INTO Translation VALUES(664,593,680,0);
INSERT INTO Translation VALUES(665,322,681,1);
INSERT INTO Translation VALUES(666,594,682,0);
INSERT INTO Translation VALUES(667,595,683,0);
INSERT INTO Translation VALUES(668,596,684,0);
INSERT INTO Translation VALUES(669,597,685,1);
INSERT INTO Translation VALUES(670,597,686,0);
INSERT INTO Translation VALUES(671,597,687,1);
INSERT INTO Translation VALUES(672,597,688,0);
INSERT INTO Translation VALUES(673,598,689,0);
INSERT INTO Translation VALUES(674,598,690,0);
INSERT INTO Translation VALUES(675,552,691,0);
INSERT INTO Translation VALUES(676,599,692,0);
INSERT INTO Translation VALUES(677,599,693,0);
INSERT INTO Translation VALUES(678,600,694,0);
INSERT INTO Translation VALUES(679,601,695,0);
INSERT INTO Translation VALUES(680,602,696,0);
INSERT INTO Translation VALUES(681,603,697,0);
INSERT INTO Translation VALUES(682,604,698,0);
INSERT INTO Translation VALUES(683,605,699,1);
INSERT INTO Translation VALUES(684,606,700,0);
INSERT INTO Translation VALUES(685,607,701,0);
INSERT INTO Translation VALUES(686,608,702,0);
INSERT INTO Translation VALUES(687,609,703,0);
INSERT INTO Translation VALUES(688,610,704,0);
INSERT INTO Translation VALUES(689,611,705,0);
INSERT INTO Translation VALUES(690,612,706,0);
INSERT INTO Translation VALUES(691,613,707,0);
INSERT INTO Translation VALUES(692,614,708,0);
INSERT INTO Translation VALUES(693,615,709,0);
INSERT INTO Translation VALUES(694,616,710,0);
INSERT INTO Translation VALUES(695,617,711,0);
INSERT INTO Translation VALUES(696,618,712,0);
INSERT INTO Translation VALUES(697,619,713,1);
INSERT INTO Translation VALUES(698,313,714,0);
INSERT INTO Translation VALUES(699,620,714,0);
INSERT INTO Translation VALUES(700,620,354,0);
INSERT INTO Translation VALUES(701,621,715,0);
INSERT INTO Translation VALUES(702,622,716,0);
INSERT INTO Translation VALUES(703,623,717,0);
INSERT INTO Translation VALUES(704,624,718,0);
INSERT INTO Translation VALUES(705,625,719,0);
INSERT INTO Translation VALUES(706,626,720,1);
INSERT INTO Translation VALUES(707,627,721,0);
INSERT INTO Translation VALUES(708,628,722,0);
INSERT INTO Translation VALUES(709,629,723,0);
INSERT INTO Translation VALUES(710,630,724,0);
INSERT INTO Translation VALUES(711,375,725,0);
INSERT INTO Translation VALUES(712,631,726,0);
INSERT INTO Translation VALUES(713,635,727,0);
INSERT INTO Translation VALUES(714,636,728,0);
INSERT INTO Translation VALUES(715,637,729,0);
INSERT INTO Translation VALUES(716,638,730,0);
INSERT INTO Translation VALUES(717,639,731,0);
INSERT INTO Translation VALUES(718,640,732,0);
INSERT INTO Translation VALUES(719,641,733,0);
INSERT INTO Translation VALUES(720,642,734,0);
INSERT INTO Translation VALUES(721,643,385,0);
INSERT INTO Translation VALUES(722,206,735,0);
INSERT INTO Translation VALUES(723,644,736,0);
INSERT INTO Translation VALUES(724,645,737,0);
INSERT INTO Translation VALUES(725,626,738,1);
INSERT INTO Translation VALUES(726,646,739,0);
INSERT INTO Translation VALUES(727,647,740,0);
INSERT INTO Translation VALUES(728,648,741,0);
INSERT INTO Translation VALUES(729,649,742,0);
INSERT INTO Translation VALUES(730,650,743,0);
INSERT INTO Translation VALUES(731,651,744,0);
INSERT INTO Translation VALUES(732,652,745,0);
INSERT INTO Translation VALUES(733,653,746,0);
INSERT INTO Translation VALUES(734,654,747,0);
INSERT INTO Translation VALUES(735,655,748,1);
INSERT INTO Translation VALUES(736,656,749,0);
INSERT INTO Translation VALUES(737,657,750,0);
INSERT INTO Translation VALUES(738,658,751,0);
INSERT INTO Translation VALUES(739,659,752,0);
INSERT INTO Translation VALUES(740,659,753,0);
INSERT INTO Translation VALUES(741,660,754,0);
INSERT INTO Translation VALUES(742,661,755,0);
INSERT INTO Translation VALUES(743,662,756,0);
INSERT INTO Translation VALUES(744,663,757,0);
INSERT INTO Translation VALUES(745,664,758,0);
INSERT INTO Translation VALUES(746,665,759,0);
INSERT INTO Translation VALUES(747,666,760,0);
INSERT INTO Translation VALUES(748,667,761,0);
INSERT INTO Translation VALUES(749,668,762,0);
INSERT INTO Translation VALUES(750,669,763,0);
INSERT INTO Translation VALUES(751,670,764,0);
INSERT INTO Translation VALUES(752,671,765,1);
INSERT INTO Translation VALUES(753,672,766,0);
INSERT INTO Translation VALUES(754,673,767,0);
INSERT INTO Translation VALUES(755,674,768,0);
INSERT INTO Translation VALUES(756,675,769,0);
INSERT INTO Translation VALUES(757,676,770,0);
INSERT INTO Translation VALUES(758,575,771,0);
INSERT INTO Translation VALUES(759,677,772,0);
INSERT INTO Translation VALUES(760,677,773,0);
INSERT INTO Translation VALUES(761,678,774,0);
INSERT INTO Translation VALUES(762,679,775,0);
INSERT INTO Translation VALUES(763,680,776,0);
INSERT INTO Translation VALUES(764,681,777,0);
INSERT INTO Translation VALUES(765,682,778,0);
INSERT INTO Translation VALUES(766,683,779,0);
INSERT INTO Translation VALUES(767,684,780,0);
INSERT INTO Translation VALUES(768,685,781,0);
INSERT INTO Translation VALUES(769,643,782,0);
INSERT INTO Translation VALUES(770,686,783,0);
INSERT INTO Translation VALUES(771,687,363,0);
INSERT INTO Translation VALUES(772,688,367,0);
INSERT INTO Translation VALUES(773,689,784,0);
INSERT INTO Translation VALUES(774,690,785,0);
INSERT INTO Translation VALUES(775,691,786,0);
INSERT INTO Translation VALUES(776,692,787,0);
INSERT INTO Translation VALUES(777,693,788,0);
INSERT INTO Translation VALUES(778,694,789,0);
INSERT INTO Translation VALUES(779,695,790,1);
INSERT INTO Translation VALUES(780,696,607,1);
INSERT INTO Translation VALUES(781,697,791,0);
INSERT INTO Translation VALUES(782,690,792,0);
INSERT INTO Translation VALUES(783,698,793,0);
INSERT INTO Translation VALUES(784,700,794,0);
INSERT INTO Translation VALUES(785,701,795,0);
INSERT INTO Translation VALUES(786,NULL,796,0);
INSERT INTO Translation VALUES(787,NULL,797,0);
INSERT INTO Translation VALUES(788,NULL,798,0);
INSERT INTO Translation VALUES(789,702,799,0);
INSERT INTO Translation VALUES(790,NULL,800,0);
INSERT INTO Translation VALUES(791,NULL,801,0);
INSERT INTO Translation VALUES(792,NULL,802,0);
INSERT INTO Translation VALUES(793,NULL,803,0);
INSERT INTO Translation VALUES(794,NULL,804,0);
INSERT INTO Translation VALUES(795,NULL,805,0);
INSERT INTO Translation VALUES(796,NULL,806,0);
INSERT INTO Translation VALUES(797,NULL,807,0);
INSERT INTO Translation VALUES(798,NULL,808,0);
INSERT INTO Translation VALUES(799,NULL,809,0);
INSERT INTO Translation VALUES(800,NULL,810,0);
INSERT INTO Translation VALUES(801,NULL,811,0);
INSERT INTO Translation VALUES(802,NULL,812,0);
INSERT INTO Translation VALUES(803,NULL,813,0);
INSERT INTO Translation VALUES(804,NULL,814,0);
INSERT INTO Translation VALUES(805,NULL,815,0);
INSERT INTO Translation VALUES(806,NULL,816,0);
INSERT INTO Translation VALUES(807,NULL,817,0);
INSERT INTO Translation VALUES(808,NULL,818,0);
INSERT INTO Translation VALUES(809,NULL,819,0);
INSERT INTO Translation VALUES(810,NULL,820,0);
INSERT INTO Translation VALUES(811,NULL,821,0);
INSERT INTO Translation VALUES(812,NULL,822,0);
INSERT INTO Translation VALUES(813,NULL,823,0);
INSERT INTO Translation VALUES(814,NULL,824,0);
INSERT INTO Translation VALUES(815,NULL,825,0);
INSERT INTO Translation VALUES(816,NULL,826,0);
INSERT INTO Translation VALUES(817,NULL,827,0);
INSERT INTO Translation VALUES(818,NULL,828,0);
INSERT INTO Translation VALUES(819,NULL,829,0);
INSERT INTO Translation VALUES(820,808,830,0);
INSERT INTO Translation VALUES(821,NULL,831,0);
INSERT INTO Translation VALUES(822,703,832,0);
INSERT INTO Translation VALUES(823,NULL,833,0);
INSERT INTO Translation VALUES(824,NULL,834,0);
INSERT INTO Translation VALUES(825,NULL,835,0);
INSERT INTO Translation VALUES(826,NULL,836,0);
INSERT INTO Translation VALUES(827,NULL,837,0);
INSERT INTO Translation VALUES(828,NULL,838,0);
INSERT INTO Translation VALUES(829,NULL,839,0);
INSERT INTO Translation VALUES(830,NULL,840,0);
INSERT INTO Translation VALUES(831,NULL,841,0);
INSERT INTO Translation VALUES(832,NULL,842,0);
INSERT INTO Translation VALUES(833,NULL,843,0);
INSERT INTO Translation VALUES(834,NULL,844,0);
INSERT INTO Translation VALUES(835,NULL,845,0);
INSERT INTO Translation VALUES(836,NULL,846,0);
INSERT INTO Translation VALUES(837,NULL,847,0);
INSERT INTO Translation VALUES(838,NULL,848,0);
INSERT INTO Translation VALUES(839,NULL,849,0);
INSERT INTO Translation VALUES(840,NULL,850,0);
INSERT INTO Translation VALUES(841,NULL,851,0);
INSERT INTO Translation VALUES(842,NULL,852,0);
INSERT INTO Translation VALUES(843,NULL,853,0);
INSERT INTO Translation VALUES(844,NULL,854,0);
INSERT INTO Translation VALUES(845,NULL,855,0);
INSERT INTO Translation VALUES(846,NULL,856,0);
INSERT INTO Translation VALUES(847,NULL,857,0);
INSERT INTO Translation VALUES(848,706,858,0);
INSERT INTO Translation VALUES(849,NULL,859,0);
INSERT INTO Translation VALUES(850,714,860,0);
INSERT INTO Translation VALUES(851,NULL,861,0);
INSERT INTO Translation VALUES(852,NULL,862,0);
INSERT INTO Translation VALUES(853,NULL,863,0);
INSERT INTO Translation VALUES(854,NULL,864,0);
INSERT INTO Translation VALUES(855,NULL,865,0);
INSERT INTO Translation VALUES(856,NULL,866,0);
INSERT INTO Translation VALUES(857,NULL,867,0);
INSERT INTO Translation VALUES(858,NULL,868,0);
INSERT INTO Translation VALUES(859,NULL,869,0);
INSERT INTO Translation VALUES(860,NULL,870,0);
INSERT INTO Translation VALUES(861,NULL,871,0);
INSERT INTO Translation VALUES(862,NULL,872,0);
INSERT INTO Translation VALUES(863,NULL,873,0);
INSERT INTO Translation VALUES(864,NULL,874,0);
INSERT INTO Translation VALUES(865,NULL,875,0);
INSERT INTO Translation VALUES(866,NULL,876,0);
INSERT INTO Translation VALUES(867,NULL,877,0);
INSERT INTO Translation VALUES(868,NULL,878,0);
INSERT INTO Translation VALUES(869,NULL,879,0);
INSERT INTO Translation VALUES(870,NULL,880,0);
INSERT INTO Translation VALUES(871,NULL,881,0);
INSERT INTO Translation VALUES(872,NULL,882,0);
INSERT INTO Translation VALUES(873,NULL,883,0);
INSERT INTO Translation VALUES(874,NULL,884,0);
INSERT INTO Translation VALUES(875,NULL,885,0);
INSERT INTO Translation VALUES(876,NULL,886,0);
INSERT INTO Translation VALUES(877,NULL,887,0);
INSERT INTO Translation VALUES(878,NULL,888,0);
INSERT INTO Translation VALUES(879,NULL,889,0);
INSERT INTO Translation VALUES(880,NULL,890,0);
INSERT INTO Translation VALUES(881,NULL,891,0);
INSERT INTO Translation VALUES(882,NULL,892,0);
INSERT INTO Translation VALUES(883,NULL,893,0);
INSERT INTO Translation VALUES(884,NULL,894,0);
INSERT INTO Translation VALUES(885,NULL,895,0);
INSERT INTO Translation VALUES(886,NULL,896,0);
INSERT INTO Translation VALUES(887,NULL,897,0);
INSERT INTO Translation VALUES(888,NULL,898,0);
INSERT INTO Translation VALUES(889,NULL,899,0);
INSERT INTO Translation VALUES(890,NULL,900,0);
INSERT INTO Translation VALUES(891,NULL,901,0);
INSERT INTO Translation VALUES(892,NULL,902,0);
INSERT INTO Translation VALUES(893,NULL,903,0);
INSERT INTO Translation VALUES(894,NULL,904,0);
INSERT INTO Translation VALUES(895,NULL,905,0);
INSERT INTO Translation VALUES(896,NULL,906,0);
INSERT INTO Translation VALUES(897,NULL,907,0);
INSERT INTO Translation VALUES(898,NULL,908,0);
INSERT INTO Translation VALUES(899,NULL,909,0);
INSERT INTO Translation VALUES(900,NULL,910,0);
INSERT INTO Translation VALUES(901,NULL,911,0);
INSERT INTO Translation VALUES(902,NULL,912,0);
INSERT INTO Translation VALUES(903,NULL,913,0);
INSERT INTO Translation VALUES(904,NULL,914,0);
INSERT INTO Translation VALUES(905,NULL,915,0);
INSERT INTO Translation VALUES(906,NULL,916,0);
INSERT INTO Translation VALUES(907,NULL,917,0);
INSERT INTO Translation VALUES(908,NULL,918,0);
INSERT INTO Translation VALUES(909,NULL,919,0);
INSERT INTO Translation VALUES(910,NULL,920,0);
INSERT INTO Translation VALUES(911,NULL,921,0);
INSERT INTO Translation VALUES(912,NULL,922,0);
INSERT INTO Translation VALUES(913,NULL,923,0);
INSERT INTO Translation VALUES(914,NULL,924,0);
INSERT INTO Translation VALUES(915,NULL,925,0);
INSERT INTO Translation VALUES(916,NULL,926,0);
INSERT INTO Translation VALUES(917,NULL,927,0);
INSERT INTO Translation VALUES(918,NULL,928,0);
INSERT INTO Translation VALUES(919,NULL,929,0);
INSERT INTO Translation VALUES(920,NULL,930,0);
INSERT INTO Translation VALUES(921,NULL,931,0);
INSERT INTO Translation VALUES(922,NULL,932,0);
INSERT INTO Translation VALUES(923,NULL,933,0);
INSERT INTO Translation VALUES(924,NULL,934,0);
INSERT INTO Translation VALUES(925,NULL,935,0);
INSERT INTO Translation VALUES(926,NULL,936,0);
INSERT INTO Translation VALUES(927,NULL,937,0);
INSERT INTO Translation VALUES(928,NULL,938,0);
INSERT INTO Translation VALUES(929,NULL,939,0);
INSERT INTO Translation VALUES(930,NULL,940,0);
INSERT INTO Translation VALUES(931,NULL,941,0);
INSERT INTO Translation VALUES(932,NULL,942,0);
INSERT INTO Translation VALUES(933,NULL,943,0);
INSERT INTO Translation VALUES(934,NULL,944,0);
INSERT INTO Translation VALUES(935,NULL,945,0);
INSERT INTO Translation VALUES(936,NULL,946,0);
INSERT INTO Translation VALUES(937,NULL,947,0);
INSERT INTO Translation VALUES(938,NULL,948,0);
INSERT INTO Translation VALUES(939,NULL,949,0);
INSERT INTO Translation VALUES(940,NULL,950,0);
INSERT INTO Translation VALUES(941,NULL,951,0);
INSERT INTO Translation VALUES(942,NULL,952,0);
INSERT INTO Translation VALUES(943,NULL,953,0);
INSERT INTO Translation VALUES(944,NULL,954,0);
INSERT INTO Translation VALUES(945,NULL,955,0);
INSERT INTO Translation VALUES(946,NULL,956,0);
INSERT INTO Translation VALUES(947,NULL,957,0);
INSERT INTO Translation VALUES(948,NULL,958,0);
INSERT INTO Translation VALUES(949,NULL,959,0);
INSERT INTO Translation VALUES(950,NULL,960,0);
INSERT INTO Translation VALUES(951,NULL,961,0);
INSERT INTO Translation VALUES(952,NULL,962,0);
INSERT INTO Translation VALUES(953,NULL,963,0);
INSERT INTO Translation VALUES(954,NULL,964,0);
INSERT INTO Translation VALUES(955,NULL,965,0);
INSERT INTO Translation VALUES(956,NULL,966,0);
INSERT INTO Translation VALUES(957,NULL,967,0);
INSERT INTO Translation VALUES(958,NULL,968,0);
INSERT INTO Translation VALUES(959,NULL,969,0);
INSERT INTO Translation VALUES(960,NULL,970,0);
INSERT INTO Translation VALUES(961,NULL,971,0);
INSERT INTO Translation VALUES(962,NULL,972,0);
INSERT INTO Translation VALUES(963,NULL,973,0);
INSERT INTO Translation VALUES(964,NULL,974,0);
INSERT INTO Translation VALUES(965,NULL,975,0);
INSERT INTO Translation VALUES(966,NULL,976,0);
INSERT INTO Translation VALUES(967,NULL,977,0);
INSERT INTO Translation VALUES(968,NULL,978,0);
INSERT INTO Translation VALUES(969,NULL,979,0);
INSERT INTO Translation VALUES(970,NULL,980,0);
INSERT INTO Translation VALUES(971,NULL,981,0);
INSERT INTO Translation VALUES(972,NULL,982,0);
INSERT INTO Translation VALUES(973,NULL,983,0);
INSERT INTO Translation VALUES(974,NULL,984,0);
INSERT INTO Translation VALUES(975,NULL,985,0);
INSERT INTO Translation VALUES(976,704,986,0);
INSERT INTO Translation VALUES(977,705,987,0);
INSERT INTO Translation VALUES(978,707,988,0);
INSERT INTO Translation VALUES(979,708,989,0);
INSERT INTO Translation VALUES(980,709,990,0);
INSERT INTO Translation VALUES(981,710,545,0);
INSERT INTO Translation VALUES(982,450,991,0);
INSERT INTO Translation VALUES(983,572,992,0);
INSERT INTO Translation VALUES(984,712,993,0);
INSERT INTO Translation VALUES(985,NULL,994,0);
INSERT INTO Translation VALUES(986,NULL,995,0);
INSERT INTO Translation VALUES(987,713,996,0);
INSERT INTO Translation VALUES(988,715,997,0);
INSERT INTO Translation VALUES(989,716,998,0);
INSERT INTO Translation VALUES(990,717,999,0);
INSERT INTO Translation VALUES(991,718,1000,0);
INSERT INTO Translation VALUES(992,719,1001,0);
INSERT INTO Translation VALUES(993,720,1002,0);
INSERT INTO Translation VALUES(994,721,1003,0);
INSERT INTO Translation VALUES(995,722,1004,0);
INSERT INTO Translation VALUES(996,NULL,1005,0);
INSERT INTO Translation VALUES(997,NULL,1006,0);
INSERT INTO Translation VALUES(998,NULL,1007,0);
INSERT INTO Translation VALUES(999,NULL,1008,0);
INSERT INTO Translation VALUES(1000,739,1009,0);
INSERT INTO Translation VALUES(1001,NULL,1010,0);
INSERT INTO Translation VALUES(1002,723,1011,0);
INSERT INTO Translation VALUES(1003,724,1012,0);
INSERT INTO Translation VALUES(1004,NULL,1013,0);
INSERT INTO Translation VALUES(1005,NULL,1014,0);
INSERT INTO Translation VALUES(1006,725,1015,0);
INSERT INTO Translation VALUES(1007,726,895,0);
INSERT INTO Translation VALUES(1008,487,1016,0);
INSERT INTO Translation VALUES(1009,727,1017,0);
INSERT INTO Translation VALUES(1010,NULL,1018,0);
INSERT INTO Translation VALUES(1011,NULL,1019,0);
INSERT INTO Translation VALUES(1012,728,1020,0);
INSERT INTO Translation VALUES(1013,729,1021,0);
INSERT INTO Translation VALUES(1014,729,1022,0);
INSERT INTO Translation VALUES(1015,NULL,1023,0);
INSERT INTO Translation VALUES(1016,NULL,1024,0);
INSERT INTO Translation VALUES(1017,NULL,1025,0);
INSERT INTO Translation VALUES(1018,NULL,1026,0);
INSERT INTO Translation VALUES(1019,730,1027,0);
INSERT INTO Translation VALUES(1020,NULL,1028,0);
INSERT INTO Translation VALUES(1021,731,1029,0);
INSERT INTO Translation VALUES(1022,NULL,1030,0);
INSERT INTO Translation VALUES(1023,NULL,1031,0);
INSERT INTO Translation VALUES(1024,129,1032,0);
INSERT INTO Translation VALUES(1025,NULL,1033,0);
INSERT INTO Translation VALUES(1026,732,1034,0);
INSERT INTO Translation VALUES(1027,733,1035,0);
INSERT INTO Translation VALUES(1028,734,1036,0);
INSERT INTO Translation VALUES(1029,735,1037,0);
INSERT INTO Translation VALUES(1030,735,1038,0);
INSERT INTO Translation VALUES(1031,736,1039,0);
INSERT INTO Translation VALUES(1032,NULL,1040,0);
INSERT INTO Translation VALUES(1033,737,1041,0);
INSERT INTO Translation VALUES(1034,207,1042,0);
INSERT INTO Translation VALUES(1035,738,1043,0);
INSERT INTO Translation VALUES(1036,NULL,1044,0);
INSERT INTO Translation VALUES(1037,NULL,1045,0);
INSERT INTO Translation VALUES(1038,740,1046,0);
INSERT INTO Translation VALUES(1039,NULL,1047,0);
INSERT INTO Translation VALUES(1040,741,1048,0);
INSERT INTO Translation VALUES(1041,742,1049,0);
INSERT INTO Translation VALUES(1042,743,1050,0);
INSERT INTO Translation VALUES(1043,744,1051,0);
INSERT INTO Translation VALUES(1044,NULL,1052,0);
INSERT INTO Translation VALUES(1045,745,1053,0);
INSERT INTO Translation VALUES(1046,NULL,1054,0);
INSERT INTO Translation VALUES(1047,NULL,1055,0);
INSERT INTO Translation VALUES(1048,746,1056,0);
INSERT INTO Translation VALUES(1049,747,1057,0);
INSERT INTO Translation VALUES(1050,NULL,1058,0);
INSERT INTO Translation VALUES(1051,747,1059,0);
INSERT INTO Translation VALUES(1052,NULL,1060,0);
INSERT INTO Translation VALUES(1053,748,1061,0);
INSERT INTO Translation VALUES(1054,749,1062,0);
INSERT INTO Translation VALUES(1055,766,1063,0);
INSERT INTO Translation VALUES(1056,750,1064,0);
INSERT INTO Translation VALUES(1057,751,1065,0);
INSERT INTO Translation VALUES(1058,752,1066,0);
INSERT INTO Translation VALUES(1059,NULL,1067,0);
INSERT INTO Translation VALUES(1060,NULL,1068,0);
INSERT INTO Translation VALUES(1061,753,1069,0);
INSERT INTO Translation VALUES(1062,NULL,1070,0);
INSERT INTO Translation VALUES(1063,NULL,1071,0);
INSERT INTO Translation VALUES(1064,754,1072,0);
INSERT INTO Translation VALUES(1065,NULL,1073,0);
INSERT INTO Translation VALUES(1066,755,1074,0);
INSERT INTO Translation VALUES(1067,756,1075,0);
INSERT INTO Translation VALUES(1068,757,1076,0);
INSERT INTO Translation VALUES(1069,758,1077,0);
INSERT INTO Translation VALUES(1070,NULL,1078,0);
INSERT INTO Translation VALUES(1071,759,1079,0);
INSERT INTO Translation VALUES(1072,760,1080,0);
INSERT INTO Translation VALUES(1073,761,1080,0);
INSERT INTO Translation VALUES(1074,762,1081,0);
INSERT INTO Translation VALUES(1075,763,1082,0);
INSERT INTO Translation VALUES(1076,NULL,1083,0);
INSERT INTO Translation VALUES(1077,NULL,1084,0);
INSERT INTO Translation VALUES(1078,764,1085,1);
INSERT INTO Translation VALUES(1079,765,1086,0);
INSERT INTO Translation VALUES(1080,NULL,1087,0);
INSERT INTO Translation VALUES(1081,767,1088,1);
INSERT INTO Translation VALUES(1082,768,1089,0);
INSERT INTO Translation VALUES(1083,769,1090,0);
INSERT INTO Translation VALUES(1084,770,1091,0);
INSERT INTO Translation VALUES(1085,771,1092,0);
INSERT INTO Translation VALUES(1086,NULL,1093,0);
INSERT INTO Translation VALUES(1087,772,1094,0);
INSERT INTO Translation VALUES(1088,773,1095,0);
INSERT INTO Translation VALUES(1089,774,1096,0);
INSERT INTO Translation VALUES(1090,775,1097,0);
INSERT INTO Translation VALUES(1091,776,1098,0);
INSERT INTO Translation VALUES(1092,777,1099,0);
INSERT INTO Translation VALUES(1093,778,1100,0);
INSERT INTO Translation VALUES(1094,779,1101,0);
INSERT INTO Translation VALUES(1095,780,1102,0);
INSERT INTO Translation VALUES(1096,780,1103,0);
INSERT INTO Translation VALUES(1097,781,1104,0);
INSERT INTO Translation VALUES(1098,782,1105,0);
INSERT INTO Translation VALUES(1099,783,1106,0);
INSERT INTO Translation VALUES(1100,784,1107,0);
INSERT INTO Translation VALUES(1101,NULL,1108,0);
INSERT INTO Translation VALUES(1102,NULL,1109,0);
INSERT INTO Translation VALUES(1103,785,1110,0);
INSERT INTO Translation VALUES(1104,786,1111,0);
INSERT INTO Translation VALUES(1105,787,1112,0);
INSERT INTO Translation VALUES(1106,NULL,1113,0);
INSERT INTO Translation VALUES(1107,788,1114,0);
INSERT INTO Translation VALUES(1108,NULL,1115,0);
INSERT INTO Translation VALUES(1109,789,1116,0);
INSERT INTO Translation VALUES(1110,790,1117,0);
INSERT INTO Translation VALUES(1111,791,1118,0);
INSERT INTO Translation VALUES(1112,792,1119,0);
INSERT INTO Translation VALUES(1113,793,1120,0);
INSERT INTO Translation VALUES(1114,794,1121,0);
INSERT INTO Translation VALUES(1115,795,1122,0);
INSERT INTO Translation VALUES(1116,796,1123,0);
INSERT INTO Translation VALUES(1117,797,1124,0);
INSERT INTO Translation VALUES(1118,798,1125,0);
INSERT INTO Translation VALUES(1119,799,1126,0);
INSERT INTO Translation VALUES(1120,800,1127,0);
INSERT INTO Translation VALUES(1121,NULL,1128,0);
INSERT INTO Translation VALUES(1122,801,1129,0);
INSERT INTO Translation VALUES(1123,802,1130,0);
INSERT INTO Translation VALUES(1124,593,1131,0);
INSERT INTO Translation VALUES(1125,NULL,1132,0);
INSERT INTO Translation VALUES(1126,803,1133,0);
INSERT INTO Translation VALUES(1127,804,1134,0);
INSERT INTO Translation VALUES(1128,805,1135,0);
INSERT INTO Translation VALUES(1129,678,1136,0);
INSERT INTO Translation VALUES(1130,NULL,1137,0);
INSERT INTO Translation VALUES(1131,806,1138,0);
INSERT INTO Translation VALUES(1132,NULL,1139,0);
INSERT INTO Translation VALUES(1133,807,1140,0);
INSERT INTO Translation VALUES(1134,809,1141,0);
INSERT INTO Translation VALUES(1135,810,1142,0);
INSERT INTO Translation VALUES(1136,811,1143,0);
INSERT INTO Translation VALUES(1137,812,1144,0);
INSERT INTO Translation VALUES(1138,NULL,1145,0);
INSERT INTO Translation VALUES(1139,NULL,1146,0);
INSERT INTO Translation VALUES(1140,813,1147,0);
INSERT INTO Translation VALUES(1141,NULL,1148,0);
INSERT INTO Translation VALUES(1142,NULL,1149,0);
INSERT INTO Translation VALUES(1143,814,1150,1);
INSERT INTO Translation VALUES(1144,815,1151,0);
INSERT INTO Translation VALUES(1145,816,1152,0);
INSERT INTO Translation VALUES(1146,817,1153,0);
INSERT INTO Translation VALUES(1147,NULL,1154,0);
INSERT INTO Translation VALUES(1148,818,1155,0);
INSERT INTO Translation VALUES(1149,819,1156,0);
INSERT INTO Translation VALUES(1150,820,1157,0);
INSERT INTO Translation VALUES(1151,821,1158,0);
INSERT INTO Translation VALUES(1152,NULL,1159,0);
INSERT INTO Translation VALUES(1153,NULL,1160,0);
INSERT INTO Translation VALUES(1154,822,1161,0);
INSERT INTO Translation VALUES(1155,NULL,1162,0);
INSERT INTO Translation VALUES(1156,823,1163,0);
INSERT INTO Translation VALUES(1157,NULL,1164,0);
INSERT INTO Translation VALUES(1158,824,1165,0);
INSERT INTO Translation VALUES(1159,825,1166,0);
INSERT INTO Translation VALUES(1160,NULL,1167,0);
INSERT INTO Translation VALUES(1161,NULL,1168,0);
INSERT INTO Translation VALUES(1162,826,1169,0);
INSERT INTO Translation VALUES(1163,827,1170,0);
INSERT INTO Translation VALUES(1164,NULL,1171,0);
INSERT INTO Translation VALUES(1165,351,1172,0);
INSERT INTO Translation VALUES(1166,828,1173,0);
INSERT INTO Translation VALUES(1167,829,1174,0);
INSERT INTO Translation VALUES(1168,830,1175,0);
INSERT INTO Translation VALUES(1169,831,1176,0);
INSERT INTO Translation VALUES(1170,832,1177,0);
INSERT INTO Translation VALUES(1171,NULL,1178,0);
INSERT INTO Translation VALUES(1172,NULL,1179,0);
INSERT INTO Translation VALUES(1173,833,1180,0);
CREATE TABLE IF NOT EXISTS "Teochew" (
    id         integer primary key,
    pengim     text,
    chinese    text);
INSERT INTO Teochew VALUES(1,'leu2 ho2','');
INSERT INTO Teochew VALUES(2,'joi7 sia7','');
INSERT INTO Teochew VALUES(3,'dui32 m67 ju6','');
INSERT INTO Teochew VALUES(4,'mo26 i32 seu1','');
INSERT INTO Teochew VALUES(6,'jek8','');
INSERT INTO Teochew VALUES(7,'no6','');
INSERT INTO Teochew VALUES(8,'san1','');
INSERT INTO Teochew VALUES(9,'si3','');
INSERT INTO Teochew VALUES(10,'ngou6','');
INSERT INTO Teochew VALUES(11,'lak8','');
INSERT INTO Teochew VALUES(13,'boih4','');
INSERT INTO Teochew VALUES(14,'gao2','');
INSERT INTO Teochew VALUES(15,'jap8','');
INSERT INTO Teochew VALUES(16,'kang3','');
INSERT INTO Teochew VALUES(17,'yi6','');
INSERT INTO Teochew VALUES(19,'sek4','');
INSERT INTO Teochew VALUES(20,'ou1','');
INSERT INTO Teochew VALUES(21,'beh8','');
INSERT INTO Teochew VALUES(22,'ang5','');
INSERT INTO Teochew VALUES(23,'gan1','');
INSERT INTO Teochew VALUES(24,'eung5','');
INSERT INTO Teochew VALUES(25,'chen1','');
INSERT INTO Teochew VALUES(26,'nam5','');
INSERT INTO Teochew VALUES(27,'ji2','');
INSERT INTO Teochew VALUES(29,'gim1','');
INSERT INTO Teochew VALUES(30,'hui1','');
INSERT INTO Teochew VALUES(31,'hung26 ang5','');
INSERT INTO Teochew VALUES(32,'ua2','');
INSERT INTO Teochew VALUES(33,'leu2','');
INSERT INTO Teochew VALUES(34,'i1','');
INSERT INTO Teochew VALUES(35,'nang2','');
INSERT INTO Teochew VALUES(36,'i1 nang7','');
INSERT INTO Teochew VALUES(37,'nang5','');
INSERT INTO Teochew VALUES(38,'ba1','');
INSERT INTO Teochew VALUES(39,'ma5','');
INSERT INTO Teochew VALUES(40,'gian2','');
INSERT INTO Teochew VALUES(41,'hian1','');
INSERT INTO Teochew VALUES(42,'di6','');
INSERT INTO Teochew VALUES(43,'je2','');
INSERT INTO Teochew VALUES(44,'mue6','');
INSERT INTO Teochew VALUES(45,'ang1','');
INSERT INTO Teochew VALUES(46,'bhou2','');
INSERT INTO Teochew VALUES(47,'ma2','');
INSERT INTO Teochew VALUES(48,'gong1','');
INSERT INTO Teochew VALUES(49,'lai67 ma2','');
INSERT INTO Teochew VALUES(50,'ghua7 ma2','');
INSERT INTO Teochew VALUES(51,'lai67 gong1','');
INSERT INTO Teochew VALUES(52,'ghua7 gong1','');
INSERT INTO Teochew VALUES(53,'tang5','');
INSERT INTO Teochew VALUES(54,'bio2','');
INSERT INTO Teochew VALUES(55,'sung1','');
INSERT INTO Teochew VALUES(56,'beh4','');
INSERT INTO Teochew VALUES(57,'jek4','');
INSERT INTO Teochew VALUES(58,'sim2','');
INSERT INTO Teochew VALUES(59,'m2','');
INSERT INTO Teochew VALUES(60,'gou1','');
INSERT INTO Teochew VALUES(61,'dion6','');
INSERT INTO Teochew VALUES(62,'i5','');
INSERT INTO Teochew VALUES(64,'gu6','');
INSERT INTO Teochew VALUES(65,'gim6','');
INSERT INTO Teochew VALUES(66,'cheng1 chek4','');
INSERT INTO Teochew VALUES(67,'diang67 si6','');
INSERT INTO Teochew VALUES(68,'diang67 nao2','');
INSERT INTO Teochew VALUES(69,'diang67 ue7','');
INSERT INTO Teochew VALUES(70,'jap84 ek4','');
INSERT INTO Teochew VALUES(71,'jap84 yi6','');
INSERT INTO Teochew VALUES(72,'diam2','');
INSERT INTO Teochew VALUES(73,'buan3','');
INSERT INTO Teochew VALUES(74,'dah4','');
INSERT INTO Teochew VALUES(75,'e67 gua3','');
INSERT INTO Teochew VALUES(76,'yek84 dao3','');
INSERT INTO Teochew VALUES(77,'buan32 me5','');
INSERT INTO Teochew VALUES(78,'me57 heung1 gian2','');
INSERT INTO Teochew VALUES(80,'loi26 bai3','');
INSERT INTO Teochew VALUES(81,'ghueh8','');
INSERT INTO Teochew VALUES(82,'ni5','');
INSERT INTO Teochew VALUES(83,'loi26 bai32 ek4','');
INSERT INTO Teochew VALUES(84,'loi26 bai32 yi6','');
INSERT INTO Teochew VALUES(85,'loi26 bai32 san1','');
INSERT INTO Teochew VALUES(86,'loi26 bai32 si3','');
INSERT INTO Teochew VALUES(87,'loi26 bai32 ngou6','');
INSERT INTO Teochew VALUES(88,'loi26 bai32 lak8','');
INSERT INTO Teochew VALUES(91,'yi6 ghueh84','');
INSERT INTO Teochew VALUES(92,'san1 ghueh84','');
INSERT INTO Teochew VALUES(93,'si3 ghueh84','');
INSERT INTO Teochew VALUES(94,'ngou6 ghueh84','');
INSERT INTO Teochew VALUES(95,'lak8 ghueh84','');
INSERT INTO Teochew VALUES(96,'chek4 ghueh84','');
INSERT INTO Teochew VALUES(97,'boih4 ghueh84','');
INSERT INTO Teochew VALUES(98,'gao2 ghueh84','');
INSERT INTO Teochew VALUES(99,'jap8 ghueh84','');
INSERT INTO Teochew VALUES(101,'jap84 yi6 ghueh84','');
INSERT INTO Teochew VALUES(102,'soi3','');
INSERT INTO Teochew VALUES(103,'dua7','');
INSERT INTO Teochew VALUES(104,'da1 bou1 gian2','');
INSERT INTO Teochew VALUES(105,'dao1 gian2','');
INSERT INTO Teochew VALUES(106,'ja1 bhou26 gian2','');
INSERT INTO Teochew VALUES(107,'jao26 gian2','');
INSERT INTO Teochew VALUES(108,'meung57 ki26 ja2','');
INSERT INTO Teochew VALUES(109,'meung57 ki2','');
INSERT INTO Teochew VALUES(110,'meung57 ja2','');
INSERT INTO Teochew VALUES(111,'me26 ja2','');
INSERT INTO Teochew VALUES(112,'mua32 ki2','');
INSERT INTO Teochew VALUES(113,'ma32 ki2','');
INSERT INTO Teochew VALUES(114,'ma32 yek8','');
INSERT INTO Teochew VALUES(115,'ja1 yek8','');
INSERT INTO Teochew VALUES(116,'jao1 yek8','');
INSERT INTO Teochew VALUES(118,'gim1 yik8','');
INSERT INTO Teochew VALUES(119,'chu3','');
INSERT INTO Teochew VALUES(120,'lai6','');
INSERT INTO Teochew VALUES(121,'gue26 diao5','');
INSERT INTO Teochew VALUES(122,'lao6','');
INSERT INTO Teochew VALUES(123,'neung6','');
INSERT INTO Teochew VALUES(124,'gui3','');
INSERT INTO Teochew VALUES(125,'pin1','');
INSERT INTO Teochew VALUES(126,'mak8','');
INSERT INTO Teochew VALUES(128,'meh48 gai5','');
INSERT INTO Teochew VALUES(129,'chiu2','');
INSERT INTO Teochew VALUES(130,'jui2','');
INSERT INTO Teochew VALUES(131,'dou2 kung3','');
INSERT INTO Teochew VALUES(132,'mo5','');
INSERT INTO Teochew VALUES(133,'ngia2','');
INSERT INTO Teochew VALUES(134,'keh48 tian1','');
INSERT INTO Teochew VALUES(135,'dou57 bang5','');
INSERT INTO Teochew VALUES(136,'che32 so2','');
INSERT INTO Teochew VALUES(137,'ek84 be5','');
INSERT INTO Teochew VALUES(138,'lek8','');
INSERT INTO Teochew VALUES(139,'meung5','');
INSERT INTO Teochew VALUES(140,'uk84 bang5','');
INSERT INTO Teochew VALUES(141,'bang5','');
INSERT INTO Teochew VALUES(142,'beh4','');
INSERT INTO Teochew VALUES(143,'ma57 ma5','');
INSERT INTO Teochew VALUES(144,'ba57 ba5','');
INSERT INTO Teochew VALUES(145,'tang57 hian1','');
INSERT INTO Teochew VALUES(146,'tang57 di6','');
INSERT INTO Teochew VALUES(147,'tang57 mue6','');
INSERT INTO Teochew VALUES(148,'tang57 je2','');
INSERT INTO Teochew VALUES(149,'bio26 je2','');
INSERT INTO Teochew VALUES(150,'bio26 mue6','');
INSERT INTO Teochew VALUES(151,'bio26 di6','');
INSERT INTO Teochew VALUES(152,'bio26 hian1','');
INSERT INTO Teochew VALUES(154,'jek84 loi26 bai3','');
INSERT INTO Teochew VALUES(155,'jek84 ghueh8','');
INSERT INTO Teochew VALUES(156,'jek84 ni5','');
INSERT INTO Teochew VALUES(157,'lao57 tui1','');
INSERT INTO Teochew VALUES(158,'teng1 meung5','');
INSERT INTO Teochew VALUES(159,'cheung5','');
INSERT INTO Teochew VALUES(160,'jim26 tao5','');
INSERT INTO Teochew VALUES(161,'pue6','');
INSERT INTO Teochew VALUES(162,'seung1 du5','');
INSERT INTO Teochew VALUES(163,'jek84 chain1','');
INSERT INTO Teochew VALUES(164,'so26 si5','');
INSERT INTO Teochew VALUES(165,'hou67 jia1','');
INSERT INTO Teochew VALUES(166,'ka1 puang5','');
INSERT INTO Teochew VALUES(167,'in2','');
INSERT INTO Teochew VALUES(168,'pou1','');
INSERT INTO Teochew VALUES(169,'gao1 in2','');
INSERT INTO Teochew VALUES(170,'chion5','');
INSERT INTO Teochew VALUES(171,'tou57 chion5','');
INSERT INTO Teochew VALUES(172,'geh4','');
INSERT INTO Teochew VALUES(173,'du5','');
INSERT INTO Teochew VALUES(174,'liang57 gi1','');
INSERT INTO Teochew VALUES(175,'ne26 ki3','');
INSERT INTO Teochew VALUES(176,'ne26 ki32 gi1','');
INSERT INTO Teochew VALUES(177,'deng1','');
INSERT INTO Teochew VALUES(178,'lou5','');
INSERT INTO Teochew VALUES(179,'chai32 heung5','');
INSERT INTO Teochew VALUES(180,'hue1 heung5','');
INSERT INTO Teochew VALUES(181,'huang1 sin3','');
INSERT INTO Teochew VALUES(182,'tou57 e6','');
INSERT INTO Teochew VALUES(183,'soi2','');
INSERT INTO Teochew VALUES(184,'soi26 san1 gi1','');
INSERT INTO Teochew VALUES(185,'hak84 hao6','');
INSERT INTO Teochew VALUES(186,'tak84 jeu1','');
INSERT INTO Teochew VALUES(187,'heu5','');
INSERT INTO Teochew VALUES(188,'jeu1 bao1','');
INSERT INTO Teochew VALUES(189,'geng1 jio1','');
INSERT INTO Teochew VALUES(190,'peng57 gue2','');
INSERT INTO Teochew VALUES(191,'lao67 seu1','');
INSERT INTO Teochew VALUES(192,'seng1 sen1','');
INSERT INTO Teochew VALUES(193,'hao67 jiang2','');
INSERT INTO Teochew VALUES(194,'hak84 seng1','');
INSERT INTO Teochew VALUES(195,'iun32 jin26 heung5','');
INSERT INTO Teochew VALUES(196,'siao26 hak8','');
INSERT INTO Teochew VALUES(197,'cho1 dong1','');
INSERT INTO Teochew VALUES(198,'gao1 dong1','');
INSERT INTO Teochew VALUES(199,'dai67 hak8','');
INSERT INTO Teochew VALUES(200,'bek4','');
INSERT INTO Teochew VALUES(201,'eng57 bek4','');
INSERT INTO Teochew VALUES(202,'chiu7 ni5','');
INSERT INTO Teochew VALUES(203,'chiu7 ni57 yeu2','');
INSERT INTO Teochew VALUES(204,'jua2','');
INSERT INTO Teochew VALUES(205,'jeu1','');
INSERT INTO Teochew VALUES(206,'pou6','');
INSERT INTO Teochew VALUES(207,'geh48 chioh4','');
INSERT INTO Teochew VALUES(208,'goi32 seung32 gi1','');
INSERT INTO Teochew VALUES(209,'ghu57 ni6','');
INSERT INTO Teochew VALUES(210,'gu1 bi5','');
INSERT INTO Teochew VALUES(211,'de5','');
INSERT INTO Teochew VALUES(212,'jiu2','');
INSERT INTO Teochew VALUES(213,'gan1 jap4','');
INSERT INTO Teochew VALUES(214,'bang32 yio7','');
INSERT INTO Teochew VALUES(215,'bang32 sai2','');
INSERT INTO Teochew VALUES(216,'bang32 pui3','');
INSERT INTO Teochew VALUES(217,'jiah8','');
INSERT INTO Teochew VALUES(218,'chi3','');
INSERT INTO Teochew VALUES(219,'chi32 jiah8','');
INSERT INTO Teochew VALUES(220,'ghu57 bhah4','');
INSERT INTO Teochew VALUES(221,'goi1','');
INSERT INTO Teochew VALUES(222,'goi1 bhah4','');
INSERT INTO Teochew VALUES(223,'deu1 bhah4','');
INSERT INTO Teochew VALUES(224,'chue1 gi1','');
INSERT INTO Teochew VALUES(225,'gan1 jui2','');
INSERT INTO Teochew VALUES(226,'ki32 jui2','');
INSERT INTO Teochew VALUES(227,'ni67 de5','');
INSERT INTO Teochew VALUES(228,'ia57 ji2','');
INSERT INTO Teochew VALUES(229,'ia57 ji26 jui2','');
INSERT INTO Teochew VALUES(230,'ja26 chang1','');
INSERT INTO Teochew VALUES(231,'dong1 ngou26 chang1','');
INSERT INTO Teochew VALUES(232,'men57 chang1','');
INSERT INTO Teochew VALUES(233,'ah48 bhah4','');
INSERT INTO Teochew VALUES(234,'bhah48 cho3','');
INSERT INTO Teochew VALUES(235,'bhah48 yong5','');
INSERT INTO Teochew VALUES(236,'guang32 chiang5','');
INSERT INTO Teochew VALUES(237,'lah84 chiang5','');
INSERT INTO Teochew VALUES(238,'hoi6','');
INSERT INTO Teochew VALUES(239,'he5','');
INSERT INTO Teochew VALUES(240,'chai3','');
INSERT INTO Teochew VALUES(241,'gu26 chai3','');
INSERT INTO Teochew VALUES(242,'dao7 ghe5','');
INSERT INTO Teochew VALUES(243,'dang1 gue1','');
INSERT INTO Teochew VALUES(244,'ngang5','');
INSERT INTO Teochew VALUES(245,'liang5','');
INSERT INTO Teochew VALUES(246,'gio5','');
INSERT INTO Teochew VALUES(247,'ou1 sek4','');
INSERT INTO Teochew VALUES(248,'beh84 sek4','');
INSERT INTO Teochew VALUES(249,'ang57 sek4','');
INSERT INTO Teochew VALUES(250,'gan1 sek4','');
INSERT INTO Teochew VALUES(251,'eung57 sek4','');
INSERT INTO Teochew VALUES(252,'chen1 sek4','');
INSERT INTO Teochew VALUES(253,'lek84 sek4','');
INSERT INTO Teochew VALUES(254,'nam57 sek4','');
INSERT INTO Teochew VALUES(255,'ji26 sek4','');
INSERT INTO Teochew VALUES(257,'gim1 sek4','');
INSERT INTO Teochew VALUES(258,'hui1 sek4','');
INSERT INTO Teochew VALUES(259,'hung26 ang57 sek4','');
INSERT INTO Teochew VALUES(260,'ion57 bhah4','');
INSERT INTO Teochew VALUES(261,'hue26 goi1 bhah4','');
INSERT INTO Teochew VALUES(262,'ang57 mo57 goi1 bhah4','');
INSERT INTO Teochew VALUES(263,'ghu57 bhah48 in5','');
INSERT INTO Teochew VALUES(264,'bhah48 in5','');
INSERT INTO Teochew VALUES(265,'eung57 iu5','');
INSERT INTO Teochew VALUES(266,'ghu57 iu5','');
INSERT INTO Teochew VALUES(267,'hai26 chin1','');
INSERT INTO Teochew VALUES(268,'leng57 he5','');
INSERT INTO Teochew VALUES(269,'hai26 dua3','');
INSERT INTO Teochew VALUES(270,'chao26 gian2','');
INSERT INTO Teochew VALUES(271,'gim1 buk48 huang3','');
INSERT INTO Teochew VALUES(272,'bo57 ho3','');
INSERT INTO Teochew VALUES(274,'uang57 sui1','');
INSERT INTO Teochew VALUES(275,'chang1','');
INSERT INTO Teochew VALUES(276,'seung32 tao5','');
INSERT INTO Teochew VALUES(277,'hiam1 jio1','');
INSERT INTO Teochew VALUES(278,'gou1','');
INSERT INTO Teochew VALUES(279,'bhak84 yeu2','');
INSERT INTO Teochew VALUES(280,'dao7','');
INSERT INTO Teochew VALUES(281,'sai1 ion57 chai3','');
INSERT INTO Teochew VALUES(282,'pang1 chai3','');
INSERT INTO Teochew VALUES(283,'beh84 chai3','');
INSERT INTO Teochew VALUES(284,'bue1 leng57 chai3','');
INSERT INTO Teochew VALUES(285,'sung2','');
INSERT INTO Teochew VALUES(286,'lou57 sung2','');
INSERT INTO Teochew VALUES(287,'ang57 chai32 tao5','');
INSERT INTO Teochew VALUES(288,'tao5','');
INSERT INTO Teochew VALUES(289,'huang1 bheh8','');
INSERT INTO Teochew VALUES(290,'kou26 gue1','');
INSERT INTO Teochew VALUES(291,'ang57 mo57 gio5','');
INSERT INTO Teochew VALUES(292,'huang1 gue1','');
INSERT INTO Teochew VALUES(293,'ou7','');
INSERT INTO Teochew VALUES(294,'chen1 gue2','');
INSERT INTO Teochew VALUES(295,'lai5','');
INSERT INTO Teochew VALUES(296,'gek4','');
INSERT INTO Teochew VALUES(297,'pang1 gue1','');
INSERT INTO Teochew VALUES(298,'tou57 liang5','');
INSERT INTO Teochew VALUES(299,'iu7','');
INSERT INTO Teochew VALUES(300,'bhak84 gian2','');
INSERT INTO Teochew VALUES(301,'bo1 lo57 bhik8','');
INSERT INTO Teochew VALUES(302,'seung1 gan1','');
INSERT INTO Teochew VALUES(303,'sioh84 liu5','');
INSERT INTO Teochew VALUES(304,'si1 gue1','');
INSERT INTO Teochew VALUES(305,'ang57 lai5','');
INSERT INTO Teochew VALUES(306,'dao7 hu7','');
INSERT INTO Teochew VALUES(307,'diao32 gue1','');
INSERT INTO Teochew VALUES(308,'gak48 gue1','');
INSERT INTO Teochew VALUES(309,'chai32 tao5','');
INSERT INTO Teochew VALUES(310,'hiam1 jio1 gian2','');
INSERT INTO Teochew VALUES(311,'ang57 chang1','');
INSERT INTO Teochew VALUES(312,'la7 hong5','??');
INSERT INTO Teochew VALUES(313,'bhak84 gue1','');
INSERT INTO Teochew VALUES(314,'ni67 gue1','');
INSERT INTO Teochew VALUES(315,'pu57 do57 jiu2','');
INSERT INTO Teochew VALUES(316,'pu57 do5','');
INSERT INTO Teochew VALUES(317,'bhek84 jiu2','');
INSERT INTO Teochew VALUES(318,'gu26 chai32 gue2','');
INSERT INTO Teochew VALUES(319,'yuah8','');
INSERT INTO Teochew VALUES(320,'mian5','');
INSERT INTO Teochew VALUES(321,'di7 diang5','');
INSERT INTO Teochew VALUES(322,'diang1 si5','');
INSERT INTO Teochew VALUES(323,'di7 go3','');
INSERT INTO Teochew VALUES(324,'jo32 ni5','');
INSERT INTO Teochew VALUES(325,'uang2','');
INSERT INTO Teochew VALUES(326,'tao57 mo5','');
INSERT INTO Teochew VALUES(327,'hiah84 tao5','');
INSERT INTO Teochew VALUES(328,'meng7','');
INSERT INTO Teochew VALUES(329,'mak84 bhai5','');
INSERT INTO Teochew VALUES(330,'hin6','');
INSERT INTO Teochew VALUES(331,'pin7','');
INSERT INTO Teochew VALUES(332,'chui3','');
INSERT INTO Teochew VALUES(333,'jih8','');
INSERT INTO Teochew VALUES(334,'ghe5','');
INSERT INTO Teochew VALUES(335,'ki2','');
INSERT INTO Teochew VALUES(336,'e67 hai5','');
INSERT INTO Teochew VALUES(337,'am6','');
INSERT INTO Teochew VALUES(338,'ao57 leng5','');
INSERT INTO Teochew VALUES(339,'jai1','');
INSERT INTO Teochew VALUES(340,'nai57 gao6','');
INSERT INTO Teochew VALUES(341,'gain1 tao5','');
INSERT INTO Teochew VALUES(342,'chiu26 jain2','');
INSERT INTO Teochew VALUES(343,'beung7','');
INSERT INTO Teochew VALUES(344,'ka1','');
INSERT INTO Teochew VALUES(345,'ka1 jain2','');
INSERT INTO Teochew VALUES(346,'ka1 cheung1','');
INSERT INTO Teochew VALUES(347,'bian1 seung1','');
INSERT INTO Teochew VALUES(348,'seung1 gan1 jui2','');
INSERT INTO Teochew VALUES(349,'io1','');
INSERT INTO Teochew VALUES(350,'mi7','');
INSERT INTO Teochew VALUES(351,'mue5','');
INSERT INTO Teochew VALUES(352,'mi7 bao1','');
INSERT INTO Teochew VALUES(353,'teung1','');
INSERT INTO Teochew VALUES(354,'mueh8','');
INSERT INTO Teochew VALUES(355,'mo2','');
INSERT INTO Teochew VALUES(356,'ho2','');
INSERT INTO Teochew VALUES(357,'dou57 jeu1 guang2','');
INSERT INTO Teochew VALUES(358,'dou57 jeu1 gek8','');
INSERT INTO Teochew VALUES(359,'chao26 bhue5','');
INSERT INTO Teochew VALUES(360,'ga1 do1','');
INSERT INTO Teochew VALUES(361,'m6','');
INSERT INTO Teochew VALUES(362,'jin5','');
INSERT INTO Teochew VALUES(363,'gui2','');
INSERT INTO Teochew VALUES(364,'lui1','');
INSERT INTO Teochew VALUES(365,'do6','');
INSERT INTO Teochew VALUES(366,'keu3','');
INSERT INTO Teochew VALUES(367,'jain5','');
INSERT INTO Teochew VALUES(368,'ao6','');
INSERT INTO Teochew VALUES(369,'chi6','');
INSERT INTO Teochew VALUES(370,'guin5','');
INSERT INTO Teochew VALUES(371,'ji2 gai5','');
INSERT INTO Teochew VALUES(372,'kou1','');
INSERT INTO Teochew VALUES(373,'bhoi2','');
INSERT INTO Teochew VALUES(374,'ao5 da1','');
INSERT INTO Teochew VALUES(375,'ain3','');
INSERT INTO Teochew VALUES(376,'ao5','');
INSERT INTO Teochew VALUES(377,'san1 kou3','');
INSERT INTO Teochew VALUES(378,'san1','');
INSERT INTO Teochew VALUES(379,'kou3','');
INSERT INTO Teochew VALUES(380,'oi5','');
INSERT INTO Teochew VALUES(381,'ghueh8','');
INSERT INTO Teochew VALUES(382,'hah8','');
INSERT INTO Teochew VALUES(383,'do2','');
INSERT INTO Teochew VALUES(384,'oi2','');
INSERT INTO Teochew VALUES(385,'si6','');
INSERT INTO Teochew VALUES(386,'bek84 ngiap8','');
INSERT INTO Teochew VALUES(387,'hue3','');
INSERT INTO Teochew VALUES(388,'ga7 lem1','??');
INSERT INTO Teochew VALUES(389,'oh8','');
INSERT INTO Teochew VALUES(390,'dan3','');
INSERT INTO Teochew VALUES(391,'si57 gang1','');
INSERT INTO Teochew VALUES(392,'u6','');
INSERT INTO Teochew VALUES(393,'bho5','');
INSERT INTO Teochew VALUES(395,'m67 si6','');
INSERT INTO Teochew VALUES(396,'bhah4','');
INSERT INTO Teochew VALUES(397,'lao67 ma2','');
INSERT INTO Teochew VALUES(398,'lao67 gong1','');
INSERT INTO Teochew VALUES(399,'dua7 gou1','');
INSERT INTO Teochew VALUES(400,'dio57 jiu1 ue7','');
INSERT INTO Teochew VALUES(401,'gion1','');
INSERT INTO Teochew VALUES(402,'diang67 hi3','');
INSERT INTO Teochew VALUES(403,'kao26 bain5','');
INSERT INTO Teochew VALUES(404,'gong1 heung5','');
INSERT INTO Teochew VALUES(405,'dou2','');
INSERT INTO Teochew VALUES(406,'loh84 hou6','');
INSERT INTO Teochew VALUES(407,'sia26 yi7','');
INSERT INTO Teochew VALUES(408,'chiu26 diang67 ue7','');
INSERT INTO Teochew VALUES(409,'heu57 jui2','');
INSERT INTO Teochew VALUES(410,'chiu7','');
INSERT INTO Teochew VALUES(411,'ma32 ja2','');
INSERT INTO Teochew VALUES(413,'me5','');
INSERT INTO Teochew VALUES(414,'gian26 yek8','');
INSERT INTO Teochew VALUES(415,'iu5','');
INSERT INTO Teochew VALUES(416,'si7 iu5','');
INSERT INTO Teochew VALUES(417,'iam5','');
INSERT INTO Teochew VALUES(418,'hou57 jio1','');
INSERT INTO Teochew VALUES(419,'teung5','');
INSERT INTO Teochew VALUES(420,'bhi7 jeng1','');
INSERT INTO Teochew VALUES(421,'sioh4','');
INSERT INTO Teochew VALUES(422,'jeu2','');
INSERT INTO Teochew VALUES(423,'deung5','');
INSERT INTO Teochew VALUES(424,'mang7','');
INSERT INTO Teochew VALUES(425,'pang1','');
INSERT INTO Teochew VALUES(426,'teung1 si5','');
INSERT INTO Teochew VALUES(427,'deu7','');
INSERT INTO Teochew VALUES(428,'do1','');
INSERT INTO Teochew VALUES(429,'che1','');
INSERT INTO Teochew VALUES(430,'ui1 seng1','');
INSERT INTO Teochew VALUES(431,'gao2','');
INSERT INTO Teochew VALUES(432,'ngiao1','');
INSERT INTO Teochew VALUES(433,'ngiao26 cheu2','');
INSERT INTO Teochew VALUES(434,'bhe2','');
INSERT INTO Teochew VALUES(435,'jiao2','');
INSERT INTO Teochew VALUES(436,'ah4','');
INSERT INTO Teochew VALUES(437,'mang2','');
INSERT INTO Teochew VALUES(438,'hue1','');
INSERT INTO Teochew VALUES(439,'leng5','');
INSERT INTO Teochew VALUES(440,'ghu5','');
INSERT INTO Teochew VALUES(441,'kao3','');
INSERT INTO Teochew VALUES(442,'lou2','');
INSERT INTO Teochew VALUES(443,'sai2','');
INSERT INTO Teochew VALUES(444,'in6','');
INSERT INTO Teochew VALUES(445,'uk8','');
INSERT INTO Teochew VALUES(446,'mak8 siap4','');
INSERT INTO Teochew VALUES(447,'pin7 sai2','');
INSERT INTO Teochew VALUES(448,'lai5','');
INSERT INTO Teochew VALUES(449,'sio1 hu6','');
INSERT INTO Teochew VALUES(450,'deung57 nang5','');
INSERT INTO Teochew VALUES(452,'chi1 ghi5','');
INSERT INTO Teochew VALUES(453,'heu2 gai5','');
INSERT INTO Teochew VALUES(454,'joi7','');
INSERT INTO Teochew VALUES(455,'mai3','');
INSERT INTO Teochew VALUES(456,'mai3','');
INSERT INTO Teochew VALUES(458,'jo6','');
INSERT INTO Teochew VALUES(459,'hue2','');
INSERT INTO Teochew VALUES(460,'chio3','');
INSERT INTO Teochew VALUES(461,'meung7','');
INSERT INTO Teochew VALUES(462,'ian5','');
INSERT INTO Teochew VALUES(463,'ngeng57 hang5','');
INSERT INTO Teochew VALUES(464,'bai3','');
INSERT INTO Teochew VALUES(465,'seung2','');
INSERT INTO Teochew VALUES(466,'da1 bou1','');
INSERT INTO Teochew VALUES(467,'ja1 bhou2','');
INSERT INTO Teochew VALUES(468,'ion5','');
INSERT INTO Teochew VALUES(469,'ion5','');
INSERT INTO Teochew VALUES(470,'jao2','');
INSERT INTO Teochew VALUES(471,'gong1 si1','');
INSERT INTO Teochew VALUES(472,'jang57 ek8','');
INSERT INTO Teochew VALUES(473,'nou1 gian2','');
INSERT INTO Teochew VALUES(474,'peng57 iu2','');
INSERT INTO Teochew VALUES(475,'do26 kou3','');
INSERT INTO Teochew VALUES(476,'ngang57 san1','');
INSERT INTO Teochew VALUES(477,'chen1 ni5','');
INSERT INTO Teochew VALUES(478,'sek8','');
INSERT INTO Teochew VALUES(479,'siao2','');
INSERT INTO Teochew VALUES(480,'yung7','');
INSERT INTO Teochew VALUES(481,'ou1 nam2','');
INSERT INTO Teochew VALUES(482,'siao26 siao2','');
INSERT INTO Teochew VALUES(483,'ga1','');
INSERT INTO Teochew VALUES(485,'ngeng57 sek4','');
INSERT INTO Teochew VALUES(486,'pin7 hung1 sek4','');
INSERT INTO Teochew VALUES(487,'gio57 sek4','');
INSERT INTO Teochew VALUES(488,'chim1','');
INSERT INTO Teochew VALUES(489,'hung2','');
INSERT INTO Teochew VALUES(491,'ngeng5','');
INSERT INTO Teochew VALUES(492,'be6','');
INSERT INTO Teochew VALUES(493,'ba5','');
INSERT INTO Teochew VALUES(494,'ma1','');
INSERT INTO Teochew VALUES(495,'ai5','');
INSERT INTO Teochew VALUES(496,'chek4','');
INSERT INTO Teochew VALUES(497,'chim1 ang57 sek4','');
INSERT INTO Teochew VALUES(498,'chiang2','');
INSERT INTO Teochew VALUES(499,'chiang26 nam57 sek4','');
INSERT INTO Teochew VALUES(500,'ek4','');
INSERT INTO Teochew VALUES(502,'jian1 ghueh84','');
INSERT INTO Teochew VALUES(503,'yek8','');
INSERT INTO Teochew VALUES(504,'jek84 yek8','');
INSERT INTO Teochew VALUES(505,'ek4 ghueh84','');
INSERT INTO Teochew VALUES(506,'jap84 ek4 ghueh84','');
INSERT INTO Teochew VALUES(507,'loi26 bai32 yek8','');
INSERT INTO Teochew VALUES(508,'geng1 yek8','');
INSERT INTO Teochew VALUES(509,'ao6 yek84','');
INSERT INTO Teochew VALUES(510,'gao1 miang5','');
INSERT INTO Teochew VALUES(511,'am3','');
INSERT INTO Teochew VALUES(513,'yek8 am3','');
INSERT INTO Teochew VALUES(514,'geng1 me5','');
INSERT INTO Teochew VALUES(515,'me2','');
INSERT INTO Teochew VALUES(516,'me26 me2','');
INSERT INTO Teochew VALUES(517,'guk4','');
INSERT INTO Teochew VALUES(518,'me5 gua3','');
INSERT INTO Teochew VALUES(519,'yek8 gua3','');
INSERT INTO Teochew VALUES(520,'toin2','');
INSERT INTO Teochew VALUES(521,'chi32 toin2','');
INSERT INTO Teochew VALUES(522,'ain5','');
INSERT INTO Teochew VALUES(523,'m67 ain5','');
INSERT INTO Teochew VALUES(524,'yio7','');
INSERT INTO Teochew VALUES(525,'ben57 ion7','');
INSERT INTO Teochew VALUES(526,'uan2','');
INSERT INTO Teochew VALUES(527,'tin1 si57 ngang5','');
INSERT INTO Teochew VALUES(528,'tin1 si57 yuah8','');
INSERT INTO Teochew VALUES(529,'dih48 gian2','');
INSERT INTO Teochew VALUES(530,'suk48 gian2','');
INSERT INTO Teochew VALUES(531,'da1','');
INSERT INTO Teochew VALUES(532,'jui26 bou3','');
INSERT INTO Teochew VALUES(533,'meng7 bou3','');
INSERT INTO Teochew VALUES(534,'su1','');
INSERT INTO Teochew VALUES(535,'chiu26 bio1','');
INSERT INTO Teochew VALUES(536,'chiu26 soh4','');
INSERT INTO Teochew VALUES(537,'chiu26 ji2','');
INSERT INTO Teochew VALUES(538,'gung5','');
INSERT INTO Teochew VALUES(539,'jain5 yek84','');
INSERT INTO Teochew VALUES(541,'song57 cheu2','');
INSERT INTO Teochew VALUES(542,'chiu32 ki2','');
INSERT INTO Teochew VALUES(543,'ki26 chiu3','');
INSERT INTO Teochew VALUES(544,'ghe57 go1','');
INSERT INTO Teochew VALUES(545,'dioh8','');
INSERT INTO Teochew VALUES(547,'tou3','');
INSERT INTO Teochew VALUES(548,'beh84 tou3','');
INSERT INTO Teochew VALUES(549,'dang2','');
INSERT INTO Teochew VALUES(550,'joh48 gang1','');
INSERT INTO Teochew VALUES(551,'joh48 kang1 kue3','');
INSERT INTO Teochew VALUES(552,'hou57 seng5','');
INSERT INTO Teochew VALUES(553,'chek4','');
INSERT INTO Teochew VALUES(554,'chek48 ka1 cheung1 jua2','');
INSERT INTO Teochew VALUES(555,'bong7','');
INSERT INTO Teochew VALUES(556,'heung6','');
INSERT INTO Teochew VALUES(557,'hoh4','');
INSERT INTO Teochew VALUES(559,'bhue7','');
INSERT INTO Teochew VALUES(560,'chue7','');
INSERT INTO Teochew VALUES(561,'gang1 kou2','');
INSERT INTO Teochew VALUES(562,'sion6','');
INSERT INTO Teochew VALUES(563,'bhi2','');
INSERT INTO Teochew VALUES(564,'bhi26 hung2','');
INSERT INTO Teochew VALUES(565,'gian5','');
INSERT INTO Teochew VALUES(566,'bhoi6','');
INSERT INTO Teochew VALUES(568,'ou3','');
INSERT INTO Teochew VALUES(569,'go1 le6','');
INSERT INTO Teochew VALUES(572,'bu5','');
INSERT INTO Teochew VALUES(573,'bu57 beung7','');
INSERT INTO Teochew VALUES(574,'luah4','');
INSERT INTO Teochew VALUES(575,'cha2','');
INSERT INTO Teochew VALUES(576,'cha26 beung7','');
INSERT INTO Teochew VALUES(577,'diam5','');
INSERT INTO Teochew VALUES(578,'giam5','');
INSERT INTO Teochew VALUES(579,'ang57 jo2','');
INSERT INTO Teochew VALUES(580,'chong1','');
INSERT INTO Teochew VALUES(581,'chong1 de5','');
INSERT INTO Teochew VALUES(582,'chong1 gu1 bi5','');
INSERT INTO Teochew VALUES(583,'chung5','');
INSERT INTO Teochew VALUES(584,'liao2','');
INSERT INTO Teochew VALUES(585,'do7','');
INSERT INTO Teochew VALUES(586,'ap8','');
INSERT INTO Teochew VALUES(587,'kioh8','');
INSERT INTO Teochew VALUES(588,'dek8','');
INSERT INTO Teochew VALUES(589,'miang2','');
INSERT INTO Teochew VALUES(590,'kui1','');
INSERT INTO Teochew VALUES(592,'dek84 dek8','');
INSERT INTO Teochew VALUES(593,'ga6','');
INSERT INTO Teochew VALUES(594,'ki2','');
INSERT INTO Teochew VALUES(595,'chen1','');
INSERT INTO Teochew VALUES(596,'sia7','');
INSERT INTO Teochew VALUES(598,'chang1','');
INSERT INTO Teochew VALUES(599,'ja2','');
INSERT INTO Teochew VALUES(601,'doi26 bain5','');
INSERT INTO Teochew VALUES(602,'bain5','');
INSERT INTO Teochew VALUES(603,'kao2','');
INSERT INTO Teochew VALUES(604,'diam26 jeng1','');
INSERT INTO Teochew VALUES(605,'hung1 jeng1','');
INSERT INTO Teochew VALUES(606,'beh84 guah4','');
INSERT INTO Teochew VALUES(607,'ghua7','');
INSERT INTO Teochew VALUES(608,'hung1','');
INSERT INTO Teochew VALUES(609,'chiah4','');
INSERT INTO Teochew VALUES(610,'chiah48 sek4','');
INSERT INTO Teochew VALUES(611,'sou1','');
INSERT INTO Teochew VALUES(612,'meung7 doi5','');
INSERT INTO Teochew VALUES(613,'nou1','');
INSERT INTO Teochew VALUES(614,'diang6','');
INSERT INTO Teochew VALUES(615,'si6','');
INSERT INTO Teochew VALUES(616,'nao2','');
INSERT INTO Teochew VALUES(617,'ue7','');
INSERT INTO Teochew VALUES(618,'gua3','');
INSERT INTO Teochew VALUES(619,'e6','');
INSERT INTO Teochew VALUES(620,'dao3','');
INSERT INTO Teochew VALUES(621,'heung1','');
INSERT INTO Teochew VALUES(622,'loi2','');
INSERT INTO Teochew VALUES(623,'jian1','');
INSERT INTO Teochew VALUES(624,'dao1','');
INSERT INTO Teochew VALUES(625,'cheng7','');
INSERT INTO Teochew VALUES(626,'soi32 gou1','');
INSERT INTO Teochew VALUES(627,'cheng7 oi5','');
INSERT INTO Teochew VALUES(628,'chip8','');
INSERT INTO Teochew VALUES(629,'soi26 san1 kou3','');
INSERT INTO Teochew VALUES(630,'soi26 uan2','');
INSERT INTO Teochew VALUES(631,'liang57 ki3','');
INSERT INTO Teochew VALUES(632,'liang57 ki32 gi1','');
INSERT INTO Teochew VALUES(633,'gah4','');
INSERT INTO Teochew VALUES(634,'gia1','');
INSERT INTO Teochew VALUES(635,'gian1','');
INSERT INTO Teochew VALUES(636,'chia1','');
INSERT INTO Teochew VALUES(637,'diang67 chia1','');
INSERT INTO Teochew VALUES(638,'sai2','');
INSERT INTO Teochew VALUES(639,'sai26 chia1','');
INSERT INTO Teochew VALUES(640,'tin1 si5','');
INSERT INTO Teochew VALUES(641,'kah4','');
INSERT INTO Teochew VALUES(642,'kah48 yuah8','');
INSERT INTO Teochew VALUES(643,'hoh48 yuah8','');
INSERT INTO Teochew VALUES(644,'tin1 si57 ho2','');
INSERT INTO Teochew VALUES(645,'jeu26 jiah8','');
INSERT INTO Teochew VALUES(646,'seng1','');
INSERT INTO Teochew VALUES(647,'yih8','?');
INSERT INTO Teochew VALUES(648,'jih4','');
INSERT INTO Teochew VALUES(649,'kang1 kue3','');
INSERT INTO Teochew VALUES(650,'seng1 kang1 kue3','');
INSERT INTO Teochew VALUES(651,'yih84 san1 kou3','?');
INSERT INTO Teochew VALUES(652,'jih48 san1 kou3','');
INSERT INTO Teochew VALUES(653,'eng7','');
INSERT INTO Teochew VALUES(654,'bue1','');
INSERT INTO Teochew VALUES(655,'pah4','');
INSERT INTO Teochew VALUES(656,'hiao2','');
INSERT INTO Teochew VALUES(657,'tian1','');
INSERT INTO Teochew VALUES(658,'o5','');
INSERT INTO Teochew VALUES(659,'o57 iu5','');
INSERT INTO Teochew VALUES(660,'ek48 dek4','');
INSERT INTO Teochew VALUES(661,'m67 ek48 dek4','');
INSERT INTO Teochew VALUES(662,'jao26 ki2','');
INSERT INTO Teochew VALUES(663,'jao26 chen2','');
INSERT INTO Teochew VALUES(664,'yioh84 joi7','');
INSERT INTO Teochew VALUES(665,'sek48 diao7','');
INSERT INTO Teochew VALUES(666,'ga1 di7','');
INSERT INTO Teochew VALUES(667,'ga1 gi7','');
INSERT INTO Teochew VALUES(668,'goi1 jeng1','');
INSERT INTO Teochew VALUES(669,'siu1 mo5','');
INSERT INTO Teochew VALUES(670,'ho26 jiah8','');
INSERT INTO Teochew VALUES(671,'yi7','');
INSERT INTO Teochew VALUES(672,'ba2','');
INSERT INTO Teochew VALUES(673,'ho7','');
INSERT INTO Teochew VALUES(674,'seung1','');
INSERT INTO Teochew VALUES(675,'jioh8','');
INSERT INTO Teochew VALUES(676,'suan1','');
INSERT INTO Teochew VALUES(677,'beh4','');
INSERT INTO Teochew VALUES(678,'beh48 suan1','');
INSERT INTO Teochew VALUES(679,'dou7','');
INSERT INTO Teochew VALUES(680,'diam32 pou3','');
INSERT INTO Teochew VALUES(681,'na7','');
INSERT INTO Teochew VALUES(682,'tian3','');
INSERT INTO Teochew VALUES(683,'dou2 tian3','');
INSERT INTO Teochew VALUES(684,'kah48 na5','');
INSERT INTO Teochew VALUES(685,'kah48 na57 hue1','');
INSERT INTO Teochew VALUES(686,'beh84 kah48 na57 hue1','');
INSERT INTO Teochew VALUES(687,'chai32 hue1','');
INSERT INTO Teochew VALUES(688,'beh84 chai32 hue1','');
INSERT INTO Teochew VALUES(689,'chen1 chai32 hue1','');
INSERT INTO Teochew VALUES(690,'chen1 kah48 na57 hue1','');
INSERT INTO Teochew VALUES(691,'gah8','');
INSERT INTO Teochew VALUES(692,'deng2','');
INSERT INTO Teochew VALUES(693,'deng26 bain5','');
INSERT INTO Teochew VALUES(694,'suan1 deng2','');
INSERT INTO Teochew VALUES(695,'tek48 to5','');
INSERT INTO Teochew VALUES(696,'gian57 tek48 to5','');
INSERT INTO Teochew VALUES(697,'sen1 yek8','');
INSERT INTO Teochew VALUES(698,'sen1 yek8 kuai32 lak8','');
INSERT INTO Teochew VALUES(699,'gai5','');
INSERT INTO Teochew VALUES(700,'chuk4','');
INSERT INTO Teochew VALUES(701,'chuk48 si3','');
INSERT INTO Teochew VALUES(702,'kia6','');
INSERT INTO Teochew VALUES(703,'gia1 jiu1','');
INSERT INTO Teochew VALUES(704,'huang1 bain5','');
INSERT INTO Teochew VALUES(705,'geng6','');
INSERT INTO Teochew VALUES(706,'yip8','');
INSERT INTO Teochew VALUES(707,'ge2','');
INSERT INTO Teochew VALUES(708,'ham3','');
INSERT INTO Teochew VALUES(709,'ka3','');
INSERT INTO Teochew VALUES(710,'huang1 jeu5','');
INSERT INTO Teochew VALUES(711,'mui26 gok4','');
INSERT INTO Teochew VALUES(712,'gang1 dang5','');
INSERT INTO Teochew VALUES(713,'nang7','');
INSERT INTO Teochew VALUES(714,'jo3','');
INSERT INTO Teochew VALUES(715,'ngo6','');
INSERT INTO Teochew VALUES(716,'sio1 ngo6','');
INSERT INTO Teochew VALUES(717,'hiah4','');
INSERT INTO Teochew VALUES(718,'gao3','');
INSERT INTO Teochew VALUES(719,'deung57 ue7','');
INSERT INTO Teochew VALUES(720,'ge1','');
INSERT INTO Teochew VALUES(721,'dou26 bhah4','');
INSERT INTO Teochew VALUES(722,'leng57 seung5','');
INSERT INTO Teochew VALUES(723,'po6','');
INSERT INTO Teochew VALUES(724,'in5','');
INSERT INTO Teochew VALUES(725,'li26 loh84 jiah8','');
INSERT INTO Teochew VALUES(726,'e67 loi26 bai3','');
INSERT INTO Teochew VALUES(727,'jek84 diam26 jeng1','');
INSERT INTO Teochew VALUES(728,'jek84 hung1 jeng1','');
INSERT INTO Teochew VALUES(729,'la6','');
INSERT INTO Teochew VALUES(730,'la6','');
INSERT INTO Teochew VALUES(731,'siu1 sao3','');
INSERT INTO Teochew VALUES(732,'buan5','');
INSERT INTO Teochew VALUES(733,'ngou67 kou1','');
INSERT INTO Teochew VALUES(734,'jap84 kou1','');
INSERT INTO Teochew VALUES(735,'ja26 deung3','');
INSERT INTO Teochew VALUES(736,'hou67 mui5','');
INSERT INTO Teochew VALUES(737,'tang32 yek8','');
INSERT INTO Teochew VALUES(738,'iao2','');
INSERT INTO Teochew VALUES(739,'lak8','');
INSERT INTO Teochew VALUES(740,'mueh84 gian6','');
INSERT INTO Teochew VALUES(741,'neung67 gue2','');
INSERT INTO Teochew VALUES(742,'chuk48 yek8','');
INSERT INTO Teochew VALUES(743,'dam5','');
INSERT INTO Teochew VALUES(744,'suain7','');
INSERT INTO Teochew VALUES(745,'poi1','');
INSERT INTO Teochew VALUES(746,'kou2','');
INSERT INTO Teochew VALUES(747,'jao1 me5','');
INSERT INTO Teochew VALUES(748,'yioh8','');
INSERT INTO Teochew VALUES(749,'chiu1 gue1','');
INSERT INTO Teochew VALUES(750,'duan6','');
INSERT INTO Teochew VALUES(751,'heu2 go3','');
INSERT INTO Teochew VALUES(752,'ji2 go3','');
INSERT INTO Teochew VALUES(753,'ji2 ui7','');
INSERT INTO Teochew VALUES(754,'yioh84 am3','');
INSERT INTO Teochew VALUES(755,'yioh84 dua7','');
INSERT INTO Teochew VALUES(756,'yioh84 guin5','');
INSERT INTO Teochew VALUES(757,'loh8','');
INSERT INTO Teochew VALUES(758,'liap8','');
INSERT INTO Teochew VALUES(759,'jiah4','');
INSERT INTO Teochew VALUES(760,'jek84 jiah48 chia1','');
INSERT INTO Teochew VALUES(761,'bak4','');
INSERT INTO Teochew VALUES(762,'kuang2','');
INSERT INTO Teochew VALUES(763,'joi7 kuang2 gai57 mueh84 gian6','');
INSERT INTO Teochew VALUES(764,'ui7','');
INSERT INTO Teochew VALUES(765,'a1','');
INSERT INTO Teochew VALUES(766,'gui26 dou7','');
INSERT INTO Teochew VALUES(767,'dian2','');
INSERT INTO Teochew VALUES(768,'dang6','');
INSERT INTO Teochew VALUES(769,'gao6','');
INSERT INTO Teochew VALUES(770,'gao67 dang6','');
INSERT INTO Teochew VALUES(771,'gi32 dek4','');
INSERT INTO Teochew VALUES(772,'cha1 m67 do1','');
INSERT INTO Teochew VALUES(773,'cha1 buk48 do1','');
INSERT INTO Teochew VALUES(774,'ang1 he1','');
INSERT INTO Teochew VALUES(775,'pue3','');
INSERT INTO Teochew VALUES(776,'beung7 pue32 neung6','');
INSERT INTO Teochew VALUES(777,'kao1','');
INSERT INTO Teochew VALUES(778,'joih8','');
INSERT INTO Teochew VALUES(779,'yeu5','');
INSERT INTO Teochew VALUES(780,'jion6','');
INSERT INTO Teochew VALUES(781,'lai7','');
INSERT INTO Teochew VALUES(782,'oi6','');
INSERT INTO Teochew VALUES(783,'lou7','');
INSERT INTO Teochew VALUES(784,'gui26 loi26 bai32 jain5','');
INSERT INTO Teochew VALUES(785,'kou1 buan32 ngeng5','');
INSERT INTO Teochew VALUES(786,'jiam1','');
INSERT INTO Teochew VALUES(787,'kou26 chai3','');
INSERT INTO Teochew VALUES(788,'bho57 meh48 hiam1','');
INSERT INTO Teochew VALUES(789,'hiam1','');
INSERT INTO Teochew VALUES(790,'bho57 meh48','');
INSERT INTO Teochew VALUES(791,'no67 kou1 ghua7 ngeng5','');
INSERT INTO Teochew VALUES(792,'jek84 kou1 ngou67 jap84 jiam1','');
INSERT INTO Teochew VALUES(793,'huang1','');
INSERT INTO Teochew VALUES(794,'hou7','');
INSERT INTO Teochew VALUES(795,'chiu26 diang6','');
INSERT INTO Teochew VALUES(796,NULL,'');
INSERT INTO Teochew VALUES(797,'cha1','');
INSERT INTO Teochew VALUES(798,'do1','');
INSERT INTO Teochew VALUES(799,'ngou67 jap8','');
INSERT INTO Teochew VALUES(800,'meh4','');
INSERT INTO Teochew VALUES(801,'ang1','');
INSERT INTO Teochew VALUES(802,'he1','');
INSERT INTO Teochew VALUES(803,'buk4','');
INSERT INTO Teochew VALUES(804,'dui3','');
INSERT INTO Teochew VALUES(805,'ju6','');
INSERT INTO Teochew VALUES(806,'cheng1','');
INSERT INTO Teochew VALUES(807,'chek4','');
INSERT INTO Teochew VALUES(808,'meung5','');
INSERT INTO Teochew VALUES(809,'mua3','');
INSERT INTO Teochew VALUES(810,'ma3','');
INSERT INTO Teochew VALUES(811,'ja1','');
INSERT INTO Teochew VALUES(812,'jao1','');
INSERT INTO Teochew VALUES(813,'geng1','');
INSERT INTO Teochew VALUES(814,'gim1','');
INSERT INTO Teochew VALUES(815,'gue2','');
INSERT INTO Teochew VALUES(816,'diao5','');
INSERT INTO Teochew VALUES(817,'kung3','');
INSERT INTO Teochew VALUES(818,'keh4','');
INSERT INTO Teochew VALUES(819,'tian1','');
INSERT INTO Teochew VALUES(820,'dou5','');
INSERT INTO Teochew VALUES(821,'che3','');
INSERT INTO Teochew VALUES(822,'so2','');
INSERT INTO Teochew VALUES(823,'ek8','');
INSERT INTO Teochew VALUES(824,'be5','');
INSERT INTO Teochew VALUES(825,'lao5','');
INSERT INTO Teochew VALUES(826,'tui1','');
INSERT INTO Teochew VALUES(827,'teng1','');
INSERT INTO Teochew VALUES(828,'jim2','');
INSERT INTO Teochew VALUES(829,'seung1','');
INSERT INTO Teochew VALUES(830,'so2','');
INSERT INTO Teochew VALUES(831,'si5','');
INSERT INTO Teochew VALUES(832,'hou6','');
INSERT INTO Teochew VALUES(833,'jia1','');
INSERT INTO Teochew VALUES(834,'puang5','');
INSERT INTO Teochew VALUES(835,'gao1','');
INSERT INTO Teochew VALUES(836,'tou5','');
INSERT INTO Teochew VALUES(837,'gi1','');
INSERT INTO Teochew VALUES(838,'ne2','');
INSERT INTO Teochew VALUES(839,'ki3','');
INSERT INTO Teochew VALUES(840,'sin3','');
INSERT INTO Teochew VALUES(841,'hak8','');
INSERT INTO Teochew VALUES(842,'hao6','');
INSERT INTO Teochew VALUES(843,'tak8','');
INSERT INTO Teochew VALUES(844,'bao1','');
INSERT INTO Teochew VALUES(845,'geng1','');
INSERT INTO Teochew VALUES(846,'jio1','');
INSERT INTO Teochew VALUES(847,'peng5','');
INSERT INTO Teochew VALUES(848,'gue2','');
INSERT INTO Teochew VALUES(849,'seu1','');
INSERT INTO Teochew VALUES(850,'seng1','');
INSERT INTO Teochew VALUES(851,'sen1','');
INSERT INTO Teochew VALUES(852,'eng5','');
INSERT INTO Teochew VALUES(853,'ni5','');
INSERT INTO Teochew VALUES(854,'ni6','');
INSERT INTO Teochew VALUES(855,'gu1','');
INSERT INTO Teochew VALUES(856,'bi5','');
INSERT INTO Teochew VALUES(857,'jap4','');
INSERT INTO Teochew VALUES(858,'bang3','');
INSERT INTO Teochew VALUES(859,'pui3','');
INSERT INTO Teochew VALUES(860,'deu1','');
INSERT INTO Teochew VALUES(861,'ki3','');
INSERT INTO Teochew VALUES(862,'ia5','');
INSERT INTO Teochew VALUES(863,'ji2','');
INSERT INTO Teochew VALUES(864,'deung3','');
INSERT INTO Teochew VALUES(865,'cho3','');
INSERT INTO Teochew VALUES(866,'yong5','');
INSERT INTO Teochew VALUES(867,'guang3','');
INSERT INTO Teochew VALUES(868,'chiang5','');
INSERT INTO Teochew VALUES(869,'lah8','');
INSERT INTO Teochew VALUES(870,'gu2','');
INSERT INTO Teochew VALUES(871,'ghe5','');
INSERT INTO Teochew VALUES(872,'dang1','');
INSERT INTO Teochew VALUES(873,'gue1','');
INSERT INTO Teochew VALUES(874,'chao2','');
INSERT INTO Teochew VALUES(875,'huang3','');
INSERT INTO Teochew VALUES(876,'seung3','');
INSERT INTO Teochew VALUES(877,'jio1','');
INSERT INTO Teochew VALUES(878,'bhak8','');
INSERT INTO Teochew VALUES(879,'yeu2','');
INSERT INTO Teochew VALUES(880,'huang1','');
INSERT INTO Teochew VALUES(881,'bheh8','');
INSERT INTO Teochew VALUES(882,'ang57 mo5','');
INSERT INTO Teochew VALUES(883,'si1','');
INSERT INTO Teochew VALUES(884,'hu7','');
INSERT INTO Teochew VALUES(885,'diao3','');
INSERT INTO Teochew VALUES(886,'gak4','');
INSERT INTO Teochew VALUES(887,'chiu1','');
INSERT INTO Teochew VALUES(888,'pu5','');
INSERT INTO Teochew VALUES(889,'do5','');
INSERT INTO Teochew VALUES(890,'bhek8','');
INSERT INTO Teochew VALUES(891,'di7','');
INSERT INTO Teochew VALUES(892,'diang5','');
INSERT INTO Teochew VALUES(893,'diang1','');
INSERT INTO Teochew VALUES(894,'si5','');
INSERT INTO Teochew VALUES(895,'go3','');
INSERT INTO Teochew VALUES(896,'ni5','');
INSERT INTO Teochew VALUES(897,'bhai5','');
INSERT INTO Teochew VALUES(898,'leng5','');
INSERT INTO Teochew VALUES(899,'nai5','');
INSERT INTO Teochew VALUES(900,'jain2','');
INSERT INTO Teochew VALUES(901,'ka1','');
INSERT INTO Teochew VALUES(902,'cheung1','');
INSERT INTO Teochew VALUES(903,'bian1','');
INSERT INTO Teochew VALUES(904,'ji2','');
INSERT INTO Teochew VALUES(905,'gang1','');
INSERT INTO Teochew VALUES(906,'hi3','');
INSERT INTO Teochew VALUES(907,'sia2','');
INSERT INTO Teochew VALUES(908,'si7','');
INSERT INTO Teochew VALUES(909,'hou5','');
INSERT INTO Teochew VALUES(910,'bhi7','');
INSERT INTO Teochew VALUES(911,'jeng1','');
INSERT INTO Teochew VALUES(912,'li26 loh8','');
INSERT INTO Teochew VALUES(913,'ui1','');
INSERT INTO Teochew VALUES(914,'seng1','');
INSERT INTO Teochew VALUES(915,'cheu2','');
INSERT INTO Teochew VALUES(916,'siap4','');
INSERT INTO Teochew VALUES(917,'sio1','');
INSERT INTO Teochew VALUES(918,'hu6','');
INSERT INTO Teochew VALUES(919,'deung5','');
INSERT INTO Teochew VALUES(920,'chi1','');
INSERT INTO Teochew VALUES(921,'ghi5','');
INSERT INTO Teochew VALUES(922,'heu2','');
INSERT INTO Teochew VALUES(923,'hang5','');
INSERT INTO Teochew VALUES(924,'da1','');
INSERT INTO Teochew VALUES(925,'bou1','');
INSERT INTO Teochew VALUES(926,'ja1','');
INSERT INTO Teochew VALUES(927,'bhou2','');
INSERT INTO Teochew VALUES(928,'jang5','');
INSERT INTO Teochew VALUES(929,'peng5','');
INSERT INTO Teochew VALUES(930,'iu2','');
INSERT INTO Teochew VALUES(931,'nam2','');
INSERT INTO Teochew VALUES(932,'miang5','');
INSERT INTO Teochew VALUES(933,'ben5','');
INSERT INTO Teochew VALUES(934,'ion7','');
INSERT INTO Teochew VALUES(935,'tin1','');
INSERT INTO Teochew VALUES(936,'dih4','');
INSERT INTO Teochew VALUES(937,'suk4','');
INSERT INTO Teochew VALUES(938,'bou3','');
INSERT INTO Teochew VALUES(939,'bio1','');
INSERT INTO Teochew VALUES(940,'soh4','');
INSERT INTO Teochew VALUES(941,'song5','');
INSERT INTO Teochew VALUES(942,'chiu3','');
INSERT INTO Teochew VALUES(943,'go1','');
INSERT INTO Teochew VALUES(944,'joh4','');
INSERT INTO Teochew VALUES(945,'gang1','');
INSERT INTO Teochew VALUES(946,'seng5','');
INSERT INTO Teochew VALUES(947,'gang1','');
INSERT INTO Teochew VALUES(948,'go1','');
INSERT INTO Teochew VALUES(949,'le6','');
INSERT INTO Teochew VALUES(950,'jo2','');
INSERT INTO Teochew VALUES(951,'doi2','');
INSERT INTO Teochew VALUES(952,'jeng1','');
INSERT INTO Teochew VALUES(953,'hung1','');
INSERT INTO Teochew VALUES(954,'guah4','');
INSERT INTO Teochew VALUES(955,'doi5','');
INSERT INTO Teochew VALUES(956,'kang1','');
INSERT INTO Teochew VALUES(957,'kue3','');
INSERT INTO Teochew VALUES(958,'ek4','');
INSERT INTO Teochew VALUES(959,'dek4','');
INSERT INTO Teochew VALUES(960,'gi3','');
INSERT INTO Teochew VALUES(961,'chen2','');
INSERT INTO Teochew VALUES(962,'yioh8','');
INSERT INTO Teochew VALUES(963,'sek4','');
INSERT INTO Teochew VALUES(964,'diao7','');
INSERT INTO Teochew VALUES(965,'ga1','');
INSERT INTO Teochew VALUES(966,'di7','');
INSERT INTO Teochew VALUES(967,'gi7','');
INSERT INTO Teochew VALUES(968,'siu1','');
INSERT INTO Teochew VALUES(969,'diam3','');
INSERT INTO Teochew VALUES(970,'kah4','');
INSERT INTO Teochew VALUES(971,'tek4','');
INSERT INTO Teochew VALUES(972,'to5','');
INSERT INTO Teochew VALUES(973,'si3','');
INSERT INTO Teochew VALUES(974,'jiu1','');
INSERT INTO Teochew VALUES(975,'jeu5','');
INSERT INTO Teochew VALUES(976,'mui2','');
INSERT INTO Teochew VALUES(977,'gok4','');
INSERT INTO Teochew VALUES(978,'dang5','');
INSERT INTO Teochew VALUES(979,'leng5','');
INSERT INTO Teochew VALUES(980,'seung5','');
INSERT INTO Teochew VALUES(981,'siu1','');
INSERT INTO Teochew VALUES(982,'sao3','');
INSERT INTO Teochew VALUES(983,'mui5','');
INSERT INTO Teochew VALUES(984,'tang3','');
INSERT INTO Teochew VALUES(985,'gian6','');
INSERT INTO Teochew VALUES(986,'ang57 bao1','');
INSERT INTO Teochew VALUES(987,'da1 eung1','');
INSERT INTO Teochew VALUES(988,'doi67 ek48 cheu3','');
INSERT INTO Teochew VALUES(989,'bhoi67 jo32 ni5','');
INSERT INTO Teochew VALUES(990,'bho57 biang3','');
INSERT INTO Teochew VALUES(991,'toin26 giang3','');
INSERT INTO Teochew VALUES(992,'tian1 giang3','');
INSERT INTO Teochew VALUES(993,'dai67 ge1 ho2','');
INSERT INTO Teochew VALUES(994,'dai67 ge1','');
INSERT INTO Teochew VALUES(995,'giang3','');
INSERT INTO Teochew VALUES(996,'ji26 jung5','');
INSERT INTO Teochew VALUES(997,'sim1','');
INSERT INTO Teochew VALUES(998,'gong3','');
INSERT INTO Teochew VALUES(999,'gong32 bhah4','');
INSERT INTO Teochew VALUES(1000,'gong32 neung6','');
INSERT INTO Teochew VALUES(1001,'hioh8','');
INSERT INTO Teochew VALUES(1002,'gi1','');
INSERT INTO Teochew VALUES(1003,'jek84 gi1 che1','');
INSERT INTO Teochew VALUES(1004,'he57 bhi2','');
INSERT INTO Teochew VALUES(1005,'da1','');
INSERT INTO Teochew VALUES(1006,'eung1','');
INSERT INTO Teochew VALUES(1007,'doi67 ek4','');
INSERT INTO Teochew VALUES(1008,'cheu3','');
INSERT INTO Teochew VALUES(1009,'biang3','');
INSERT INTO Teochew VALUES(1010,'jung5','');
INSERT INTO Teochew VALUES(1011,'sian57 chi6','');
INSERT INTO Teochew VALUES(1012,'dek48 gok4','');
INSERT INTO Teochew VALUES(1013,'dek4','');
INSERT INTO Teochew VALUES(1014,'sian5','');
INSERT INTO Teochew VALUES(1015,'ji2','');
INSERT INTO Teochew VALUES(1016,'oh4','');
INSERT INTO Teochew VALUES(1017,'to32 hiun1','');
INSERT INTO Teochew VALUES(1018,'to3','');
INSERT INTO Teochew VALUES(1019,'hiun1','');
INSERT INTO Teochew VALUES(1020,'jim1','');
INSERT INTO Teochew VALUES(1021,'hoh48 sion3','');
INSERT INTO Teochew VALUES(1022,'ho32 sion3','');
INSERT INTO Teochew VALUES(1023,'hoh4','');
INSERT INTO Teochew VALUES(1024,'sion3','');
INSERT INTO Teochew VALUES(1025,'ho3','');
INSERT INTO Teochew VALUES(1026,'heung5','');
INSERT INTO Teochew VALUES(1027,'hui32 sian5','');
INSERT INTO Teochew VALUES(1028,'hui3','');
INSERT INTO Teochew VALUES(1029,'siao26 li2','');
INSERT INTO Teochew VALUES(1030,'siao2','');
INSERT INTO Teochew VALUES(1031,'li2','');
INSERT INTO Teochew VALUES(1032,'bang57 geng1 lai6','');
INSERT INTO Teochew VALUES(1033,'geng1','');
INSERT INTO Teochew VALUES(1034,'giam57 chai3','');
INSERT INTO Teochew VALUES(1035,'gia3','');
INSERT INTO Teochew VALUES(1036,'jok4','');
INSERT INTO Teochew VALUES(1037,'ak4','');
INSERT INTO Teochew VALUES(1038,'ak48 jui2','');
INSERT INTO Teochew VALUES(1039,'beng1 jiu1','');
INSERT INTO Teochew VALUES(1040,'beng1','');
INSERT INTO Teochew VALUES(1041,'dek48 jiu1','');
INSERT INTO Teochew VALUES(1042,'yek84 dao32 beung7','');
INSERT INTO Teochew VALUES(1043,'chiang32 go1','');
INSERT INTO Teochew VALUES(1044,'chiang3','');
INSERT INTO Teochew VALUES(1045,'go1','');
INSERT INTO Teochew VALUES(1046,'siu1 sip8','');
INSERT INTO Teochew VALUES(1047,'sip8','');
INSERT INTO Teochew VALUES(1048,'diang67 tou5','');
INSERT INTO Teochew VALUES(1049,'jeng1 diam2','');
INSERT INTO Teochew VALUES(1050,'lou57 teng1 gue2','');
INSERT INTO Teochew VALUES(1051,'lao32 sai2','');
INSERT INTO Teochew VALUES(1052,'lao3','');
INSERT INTO Teochew VALUES(1053,'gueh48 sua1','');
INSERT INTO Teochew VALUES(1054,'gueh4','');
INSERT INTO Teochew VALUES(1055,'sua1','');
INSERT INTO Teochew VALUES(1056,'si2','');
INSERT INTO Teochew VALUES(1057,'ho26 ju26 i3','');
INSERT INTO Teochew VALUES(1058,'ju26 i3','');
INSERT INTO Teochew VALUES(1059,'ho26 sim1 seu3','');
INSERT INTO Teochew VALUES(1060,'sim1 seu3','');
INSERT INTO Teochew VALUES(1061,'lah84 bhah4','');
INSERT INTO Teochew VALUES(1062,'jek84 sang1 deu7','');
INSERT INTO Teochew VALUES(1063,'sang1','');
INSERT INTO Teochew VALUES(1064,'piang3','');
INSERT INTO Teochew VALUES(1065,'no67 piang32 mi7 bao1','');
INSERT INTO Teochew VALUES(1066,'ung7 dong6','');
INSERT INTO Teochew VALUES(1067,'ung7','');
INSERT INTO Teochew VALUES(1068,'dong6','');
INSERT INTO Teochew VALUES(1069,'gou26 pio3','');
INSERT INTO Teochew VALUES(1070,'gou2','');
INSERT INTO Teochew VALUES(1071,'pio3','');
INSERT INTO Teochew VALUES(1072,'iu57 ja31 gue2','');
INSERT INTO Teochew VALUES(1073,'ja3','');
INSERT INTO Teochew VALUES(1074,'choi3','');
INSERT INTO Teochew VALUES(1075,'giam2','');
INSERT INTO Teochew VALUES(1076,'jua5','');
INSERT INTO Teochew VALUES(1077,'bue1 gi1','');
INSERT INTO Teochew VALUES(1078,'bue1','');
INSERT INTO Teochew VALUES(1079,'nim6','');
INSERT INTO Teochew VALUES(1080,'guen1','');
INSERT INTO Teochew VALUES(1081,'ioh8','');
INSERT INTO Teochew VALUES(1082,'eng1 bhung5','');
INSERT INTO Teochew VALUES(1083,'eng1','');
INSERT INTO Teochew VALUES(1084,'bhung5','');
INSERT INTO Teochew VALUES(1085,'sain1','');
INSERT INTO Teochew VALUES(1086,'tin1 beung7','');
INSERT INTO Teochew VALUES(1087,'tin1','');
INSERT INTO Teochew VALUES(1088,'jiam2','');
INSERT INTO Teochew VALUES(1089,'sang2','');
INSERT INTO Teochew VALUES(1090,'bui5','');
INSERT INTO Teochew VALUES(1091,'beung7 si5','');
INSERT INTO Teochew VALUES(1092,'beung7 loi7','');
INSERT INTO Teochew VALUES(1093,'loi7','');
INSERT INTO Teochew VALUES(1094,'no67 yek84 jain5','');
INSERT INTO Teochew VALUES(1095,'san1 yek84 jain5','');
INSERT INTO Teochew VALUES(1096,'si32 yek84 jain5','');
INSERT INTO Teochew VALUES(1097,'ngou67 yek84 jain5','');
INSERT INTO Teochew VALUES(1098,'no67 yek84 ao6','');
INSERT INTO Teochew VALUES(1099,'san1 yek84 ao6','');
INSERT INTO Teochew VALUES(1100,'si32 yek84 ao6','');
INSERT INTO Teochew VALUES(1101,'ngou67 yek84 ao6','');
INSERT INTO Teochew VALUES(1102,'ghao5','');
INSERT INTO Teochew VALUES(1103,'kiang3','');
INSERT INTO Teochew VALUES(1104,'pu5','');
INSERT INTO Teochew VALUES(1105,'chue1','');
INSERT INTO Teochew VALUES(1106,'bue7','');
INSERT INTO Teochew VALUES(1107,'tiao32 bhu2','');
INSERT INTO Teochew VALUES(1108,'tiao3','');
INSERT INTO Teochew VALUES(1109,'bhu2','');
INSERT INTO Teochew VALUES(1110,'nua6','');
INSERT INTO Teochew VALUES(1111,'uan3','');
INSERT INTO Teochew VALUES(1112,'pai26 gian2','');
INSERT INTO Teochew VALUES(1113,'pai2','');
INSERT INTO Teochew VALUES(1114,'gak84 diao7','');
INSERT INTO Teochew VALUES(1115,'gak8','');
INSERT INTO Teochew VALUES(1116,'chao3','');
INSERT INTO Teochew VALUES(1117,'do3','');
INSERT INTO Teochew VALUES(1118,'do32 iu5','');
INSERT INTO Teochew VALUES(1119,'jung5','');
INSERT INTO Teochew VALUES(1120,'gu2','');
INSERT INTO Teochew VALUES(1121,'nap4','');
INSERT INTO Teochew VALUES(1122,'nam5','');
INSERT INTO Teochew VALUES(1123,'nam57 teung1','');
INSERT INTO Teochew VALUES(1124,'bung5','');
INSERT INTO Teochew VALUES(1125,'dim1','');
INSERT INTO Teochew VALUES(1126,'dain7','');
INSERT INTO Teochew VALUES(1127,'eng32 chai3','');
INSERT INTO Teochew VALUES(1128,'eng3','');
INSERT INTO Teochew VALUES(1129,'giu5','');
INSERT INTO Teochew VALUES(1130,'pah48 giu5','');
INSERT INTO Teochew VALUES(1131,'chang1 guang2','');
INSERT INTO Teochew VALUES(1132,'guang2','');
INSERT INTO Teochew VALUES(1133,'jua7','');
INSERT INTO Teochew VALUES(1134,'jek84 jua7 ge1','');
INSERT INTO Teochew VALUES(1135,'a1 si67','');
INSERT INTO Teochew VALUES(1136,'jio32 sen1','');
INSERT INTO Teochew VALUES(1137,'jio3','');
INSERT INTO Teochew VALUES(1138,'bian26 ioh8','');
INSERT INTO Teochew VALUES(1139,'bian2','');
INSERT INTO Teochew VALUES(1140,'so2','');
INSERT INTO Teochew VALUES(1141,'so26 meung5','');
INSERT INTO Teochew VALUES(1142,'kui1 hue2','');
INSERT INTO Teochew VALUES(1143,'do32 diao7','');
INSERT INTO Teochew VALUES(1144,'long26 jong2','');
INSERT INTO Teochew VALUES(1145,'long2','');
INSERT INTO Teochew VALUES(1146,'jong2','');
INSERT INTO Teochew VALUES(1147,'jeng1 sek8','');
INSERT INTO Teochew VALUES(1148,'jeng1','');
INSERT INTO Teochew VALUES(1149,'sek8','');
INSERT INTO Teochew VALUES(1150,'nia7','?');
INSERT INTO Teochew VALUES(1151,'siao6','');
INSERT INTO Teochew VALUES(1152,'deung2','');
INSERT INTO Teochew VALUES(1153,'heu57 guan1','');
INSERT INTO Teochew VALUES(1154,'guan1','');
INSERT INTO Teochew VALUES(1155,'e67 bain5','');
INSERT INTO Teochew VALUES(1156,'deung57 suan1','');
INSERT INTO Teochew VALUES(1157,'gap48 bao6','??');
INSERT INTO Teochew VALUES(1158,'huan1 hi2','');
INSERT INTO Teochew VALUES(1159,'huan1','');
INSERT INTO Teochew VALUES(1160,'hi2','');
INSERT INTO Teochew VALUES(1161,'keu32 lai6 leng32 deung2','');
INSERT INTO Teochew VALUES(1162,'leng32 deung2','');
INSERT INTO Teochew VALUES(1163,'tong1 sim1 hung2','');
INSERT INTO Teochew VALUES(1164,'tong1','');
INSERT INTO Teochew VALUES(1165,'hip4','');
INSERT INTO Teochew VALUES(1166,'di7 dao7 yeng5','');
INSERT INTO Teochew VALUES(1167,'di7','');
INSERT INTO Teochew VALUES(1168,'yeng5','');
INSERT INTO Teochew VALUES(1169,'lek84 dao7','');
INSERT INTO Teochew VALUES(1170,'lao67 gao5','');
INSERT INTO Teochew VALUES(1171,'gao5','');
INSERT INTO Teochew VALUES(1172,'mi6','');
INSERT INTO Teochew VALUES(1173,'jek84 e7','');
INSERT INTO Teochew VALUES(1174,'tiap8','');
INSERT INTO Teochew VALUES(1175,'luh4','');
INSERT INTO Teochew VALUES(1176,'hueh4','');
INSERT INTO Teochew VALUES(1177,'hu57 diap8','');
INSERT INTO Teochew VALUES(1178,'hu5','');
INSERT INTO Teochew VALUES(1179,'diap8','');
INSERT INTO Teochew VALUES(1180,'luh48 teung1','');
CREATE TABLE IF NOT EXISTS "Compound" (
    id integer primary key,
    parent_teochew_id integer references Teochew(id),
    sort integer,
    translation_id integer references Translation(id)
);
INSERT INTO Compound VALUES(1,1,1,30);
INSERT INTO Compound VALUES(2,1,2,344);
INSERT INTO Compound VALUES(3,2,1,440);
INSERT INTO Compound VALUES(4,2,2,579);
INSERT INTO Compound VALUES(5,259,1,474);
INSERT INTO Compound VALUES(6,259,2,20);
INSERT INTO Compound VALUES(7,259,3,17);
INSERT INTO Compound VALUES(8,31,1,474);
INSERT INTO Compound VALUES(9,31,2,20);
INSERT INTO Compound VALUES(10,36,1,31);
INSERT INTO Compound VALUES(11,36,2,34);
INSERT INTO Compound VALUES(12,49,1,583);
INSERT INTO Compound VALUES(13,49,2,44);
INSERT INTO Compound VALUES(14,50,1,590);
INSERT INTO Compound VALUES(15,50,2,44);
INSERT INTO Compound VALUES(16,52,1,590);
INSERT INTO Compound VALUES(17,52,2,45);
INSERT INTO Compound VALUES(18,51,1,583);
INSERT INTO Compound VALUES(19,51,2,45);
INSERT INTO Compound VALUES(20,247,1,18);
INSERT INTO Compound VALUES(21,247,2,17);
INSERT INTO Compound VALUES(22,248,1,19);
INSERT INTO Compound VALUES(23,248,2,17);
INSERT INTO Compound VALUES(24,249,1,20);
INSERT INTO Compound VALUES(25,249,2,17);
INSERT INTO Compound VALUES(26,250,1,21);
INSERT INTO Compound VALUES(27,250,2,17);
INSERT INTO Compound VALUES(28,251,1,22);
INSERT INTO Compound VALUES(29,251,2,17);
INSERT INTO Compound VALUES(30,252,1,23);
INSERT INTO Compound VALUES(31,252,2,17);
INSERT INTO Compound VALUES(32,253,1,129);
INSERT INTO Compound VALUES(33,253,2,17);
INSERT INTO Compound VALUES(34,254,1,24);
INSERT INTO Compound VALUES(35,254,2,17);
INSERT INTO Compound VALUES(36,255,1,25);
INSERT INTO Compound VALUES(37,255,2,17);
INSERT INTO Compound VALUES(38,487,1,236);
INSERT INTO Compound VALUES(39,487,2,17);
INSERT INTO Compound VALUES(40,257,1,26);
INSERT INTO Compound VALUES(41,257,2,17);
INSERT INTO Compound VALUES(42,258,1,27);
INSERT INTO Compound VALUES(43,258,2,17);
INSERT INTO Compound VALUES(44,486,1,319);
INSERT INTO Compound VALUES(45,486,2,591);
INSERT INTO Compound VALUES(46,486,3,17);
INSERT INTO Compound VALUES(47,485,1,475);
INSERT INTO Compound VALUES(48,485,2,17);
INSERT INTO Compound VALUES(49,497,1,473);
INSERT INTO Compound VALUES(50,497,2,20);
INSERT INTO Compound VALUES(51,497,3,17);
INSERT INTO Compound VALUES(52,499,1,482);
INSERT INTO Compound VALUES(53,499,2,24);
INSERT INTO Compound VALUES(54,499,3,17);
INSERT INTO Compound VALUES(55,473,1,596);
INSERT INTO Compound VALUES(56,473,2,37);
INSERT INTO Compound VALUES(57,67,1,597);
INSERT INTO Compound VALUES(58,67,2,598);
INSERT INTO Compound VALUES(59,68,1,597);
INSERT INTO Compound VALUES(60,68,2,599);
INSERT INTO Compound VALUES(61,69,1,597);
INSERT INTO Compound VALUES(62,69,2,601);
INSERT INTO Compound VALUES(63,408,1,120);
INSERT INTO Compound VALUES(64,408,2,66);
INSERT INTO Compound VALUES(65,75,1,603);
INSERT INTO Compound VALUES(66,75,2,602);
INSERT INTO Compound VALUES(67,519,1,486);
INSERT INTO Compound VALUES(68,519,2,602);
INSERT INTO Compound VALUES(69,518,1,400);
INSERT INTO Compound VALUES(70,518,2,602);
INSERT INTO Compound VALUES(71,76,1,486);
INSERT INTO Compound VALUES(72,76,2,604);
INSERT INTO Compound VALUES(73,77,1,70);
INSERT INTO Compound VALUES(74,77,2,400);
INSERT INTO Compound VALUES(75,78,1,400);
INSERT INTO Compound VALUES(76,78,2,605);
INSERT INTO Compound VALUES(77,78,3,37);
INSERT INTO Compound VALUES(78,504,1,6);
INSERT INTO Compound VALUES(79,504,2,486);
INSERT INTO Compound VALUES(80,80,1,606);
INSERT INTO Compound VALUES(81,80,2,450);
INSERT INTO Compound VALUES(82,154,1,6);
INSERT INTO Compound VALUES(83,154,2,76);
INSERT INTO Compound VALUES(84,155,1,6);
INSERT INTO Compound VALUES(85,155,2,77);
INSERT INTO Compound VALUES(86,156,1,6);
INSERT INTO Compound VALUES(87,156,2,78);
INSERT INTO Compound VALUES(88,83,1,76);
INSERT INTO Compound VALUES(89,83,2,484);
INSERT INTO Compound VALUES(90,84,1,76);
INSERT INTO Compound VALUES(91,84,2,16);
INSERT INTO Compound VALUES(92,85,1,76);
INSERT INTO Compound VALUES(93,85,2,8);
INSERT INTO Compound VALUES(94,86,1,76);
INSERT INTO Compound VALUES(95,86,2,9);
INSERT INTO Compound VALUES(96,87,1,76);
INSERT INTO Compound VALUES(97,87,2,10);
INSERT INTO Compound VALUES(98,88,1,76);
INSERT INTO Compound VALUES(99,88,2,11);
INSERT INTO Compound VALUES(100,507,1,76);
INSERT INTO Compound VALUES(101,507,2,486);
INSERT INTO Compound VALUES(102,505,1,484);
INSERT INTO Compound VALUES(103,505,2,77);
INSERT INTO Compound VALUES(104,502,1,607);
INSERT INTO Compound VALUES(105,502,2,77);
INSERT INTO Compound VALUES(106,91,1,16);
INSERT INTO Compound VALUES(107,91,2,77);
INSERT INTO Compound VALUES(108,92,1,8);
INSERT INTO Compound VALUES(109,92,2,77);
INSERT INTO Compound VALUES(110,93,1,9);
INSERT INTO Compound VALUES(111,93,2,77);
INSERT INTO Compound VALUES(112,94,1,10);
INSERT INTO Compound VALUES(113,94,2,77);
INSERT INTO Compound VALUES(114,95,1,11);
INSERT INTO Compound VALUES(115,95,2,77);
INSERT INTO Compound VALUES(116,96,1,480);
INSERT INTO Compound VALUES(117,96,2,77);
INSERT INTO Compound VALUES(118,97,1,12);
INSERT INTO Compound VALUES(119,97,2,77);
INSERT INTO Compound VALUES(120,98,1,13);
INSERT INTO Compound VALUES(121,98,2,77);
INSERT INTO Compound VALUES(122,99,1,14);
INSERT INTO Compound VALUES(123,99,2,77);
INSERT INTO Compound VALUES(124,506,1,67);
INSERT INTO Compound VALUES(125,506,2,77);
INSERT INTO Compound VALUES(126,101,1,68);
INSERT INTO Compound VALUES(127,101,2,77);
INSERT INTO Compound VALUES(128,104,1,452);
INSERT INTO Compound VALUES(129,104,2,37);
INSERT INTO Compound VALUES(130,105,1,608);
INSERT INTO Compound VALUES(131,105,2,37);
INSERT INTO Compound VALUES(132,626,1,95);
INSERT INTO Compound VALUES(133,626,2,57);
INSERT INTO Compound VALUES(134,399,1,96);
INSERT INTO Compound VALUES(135,399,2,57);
INSERT INTO Compound VALUES(136,627,1,609);
INSERT INTO Compound VALUES(137,627,2,368);
INSERT INTO Compound VALUES(138,630,1,173);
INSERT INTO Compound VALUES(139,630,2,509);
INSERT INTO Compound VALUES(140,629,1,173);
INSERT INTO Compound VALUES(141,629,2,365);
INSERT INTO Compound VALUES(142,377,1,366);
INSERT INTO Compound VALUES(143,377,2,367);
INSERT INTO Compound VALUES(144,576,1,558);
INSERT INTO Compound VALUES(145,576,2,331);
INSERT INTO Compound VALUES(146,220,1,427);
INSERT INTO Compound VALUES(147,220,2,384);
INSERT INTO Compound VALUES(148,222,1,211);
INSERT INTO Compound VALUES(149,222,2,384);
INSERT INTO Compound VALUES(150,233,1,423);
INSERT INTO Compound VALUES(151,233,2,384);
INSERT INTO Compound VALUES(152,397,1,114);
INSERT INTO Compound VALUES(153,397,2,44);
INSERT INTO Compound VALUES(154,645,1,409);
INSERT INTO Compound VALUES(155,645,2,207);
INSERT INTO Compound VALUES(158,650,1,630);
INSERT INTO Compound VALUES(159,650,2,633);
INSERT INTO Compound VALUES(160,659,1,642);
INSERT INTO Compound VALUES(161,659,2,402);
INSERT INTO Compound VALUES(162,643,1,540);
INSERT INTO Compound VALUES(163,643,2,307);
INSERT INTO Compound VALUES(164,644,1,624);
INSERT INTO Compound VALUES(165,644,2,344);
INSERT INTO Compound VALUES(168,678,1,661);
INSERT INTO Compound VALUES(169,678,2,660);
INSERT INTO Compound VALUES(170,360,1,469);
INSERT INTO Compound VALUES(171,360,2,415);
INSERT INTO Compound VALUES(172,683,1,393);
INSERT INTO Compound VALUES(173,683,2,666);
INSERT INTO Compound VALUES(174,687,1,230);
INSERT INTO Compound VALUES(175,687,2,425);
INSERT INTO Compound VALUES(176,688,1,19);
INSERT INTO Compound VALUES(177,688,2,230);
INSERT INTO Compound VALUES(178,688,3,425);
INSERT INTO Compound VALUES(179,686,1,19);
INSERT INTO Compound VALUES(180,686,2,668);
INSERT INTO Compound VALUES(181,686,3,425);
INSERT INTO Compound VALUES(182,685,1,668);
INSERT INTO Compound VALUES(183,685,2,425);
INSERT INTO Compound VALUES(184,689,1,23);
INSERT INTO Compound VALUES(185,689,2,671);
INSERT INTO Compound VALUES(186,690,1,23);
INSERT INTO Compound VALUES(187,690,2,669);
INSERT INTO Compound VALUES(188,693,1,676);
INSERT INTO Compound VALUES(189,693,2,585);
INSERT INTO Compound VALUES(190,694,1,660);
INSERT INTO Compound VALUES(191,694,2,676);
INSERT INTO Compound VALUES(192,315,1,304);
INSERT INTO Compound VALUES(193,315,2,202);
INSERT INTO Compound VALUES(194,696,1,548);
INSERT INTO Compound VALUES(195,696,2,679);
INSERT INTO Compound VALUES(196,282,1,412);
INSERT INTO Compound VALUES(197,282,2,230);
INSERT INTO Compound VALUES(198,721,1,393);
INSERT INTO Compound VALUES(199,721,2,384);
INSERT INTO Compound VALUES(200,264,1,384);
INSERT INTO Compound VALUES(201,264,2,710);
INSERT INTO Compound VALUES(202,263,1,427);
INSERT INTO Compound VALUES(203,263,2,384);
INSERT INTO Compound VALUES(204,263,3,710);
INSERT INTO Compound VALUES(205,733,1,10);
INSERT INTO Compound VALUES(206,733,2,360);
INSERT INTO Compound VALUES(207,734,1,14);
INSERT INTO Compound VALUES(208,734,2,360);
INSERT INTO Compound VALUES(209,742,1,684);
INSERT INTO Compound VALUES(210,742,2,486);
INSERT INTO Compound VALUES(211,755,1,735);
INSERT INTO Compound VALUES(212,755,2,96);
INSERT INTO Compound VALUES(213,756,1,735);
INSERT INTO Compound VALUES(214,756,2,358);
INSERT INTO Compound VALUES(215,760,1,6);
INSERT INTO Compound VALUES(216,760,2,746);
INSERT INTO Compound VALUES(217,760,3,620);
INSERT INTO Compound VALUES(218,766,1,351);
INSERT INTO Compound VALUES(219,766,2,663);
INSERT INTO Compound VALUES(220,770,1,756);
INSERT INTO Compound VALUES(221,770,2,755);
INSERT INTO Compound VALUES(222,776,1,331);
INSERT INTO Compound VALUES(223,776,2,762);
INSERT INTO Compound VALUES(224,776,3,115);
INSERT INTO Compound VALUES(225,785,1,360);
INSERT INTO Compound VALUES(226,785,2,70);
INSERT INTO Compound VALUES(227,785,3,475);
INSERT INTO Compound VALUES(228,787,1,733);
INSERT INTO Compound VALUES(229,787,2,230);
INSERT INTO Compound VALUES(230,795,1,120);
INSERT INTO Compound VALUES(231,795,2,597);
INSERT INTO Compound VALUES(232,698,1,681);
INSERT INTO Compound VALUES(233,698,2,786);
INSERT INTO Compound VALUES(234,772,1,787);
INSERT INTO Compound VALUES(235,772,2,580);
INSERT INTO Compound VALUES(236,772,3,788);
INSERT INTO Compound VALUES(237,661,1,580);
INSERT INTO Compound VALUES(238,661,2,644);
INSERT INTO Compound VALUES(239,791,1,7);
INSERT INTO Compound VALUES(240,791,2,360);
INSERT INTO Compound VALUES(241,791,3,780);
INSERT INTO Compound VALUES(242,791,4,475);
INSERT INTO Compound VALUES(243,799,1,10);
INSERT INTO Compound VALUES(244,799,2,14);
INSERT INTO Compound VALUES(245,792,1,6);
INSERT INTO Compound VALUES(246,792,2,360);
INSERT INTO Compound VALUES(247,792,3,789);
INSERT INTO Compound VALUES(248,792,4,775);
INSERT INTO Compound VALUES(249,790,1,381);
INSERT INTO Compound VALUES(250,790,2,790);
INSERT INTO Compound VALUES(251,788,1,779);
INSERT INTO Compound VALUES(252,788,2,778);
INSERT INTO Compound VALUES(253,784,1,771);
INSERT INTO Compound VALUES(254,784,2,76);
INSERT INTO Compound VALUES(255,784,3,772);
INSERT INTO Compound VALUES(256,774,1,791);
INSERT INTO Compound VALUES(257,774,2,792);
INSERT INTO Compound VALUES(258,773,1,787);
INSERT INTO Compound VALUES(259,773,2,793);
INSERT INTO Compound VALUES(260,773,3,788);
INSERT INTO Compound VALUES(261,3,1,794);
INSERT INTO Compound VALUES(262,3,2,580);
INSERT INTO Compound VALUES(263,3,3,795);
INSERT INTO Compound VALUES(264,66,1,796);
INSERT INTO Compound VALUES(265,66,2,797);
INSERT INTO Compound VALUES(266,106,1,453);
INSERT INTO Compound VALUES(267,106,2,37);
INSERT INTO Compound VALUES(268,107,1,456);
INSERT INTO Compound VALUES(269,107,2,37);
INSERT INTO Compound VALUES(270,108,1,798);
INSERT INTO Compound VALUES(271,108,2,577);
INSERT INTO Compound VALUES(272,108,3,582);
INSERT INTO Compound VALUES(273,109,1,798);
INSERT INTO Compound VALUES(274,109,2,577);
INSERT INTO Compound VALUES(275,110,1,798);
INSERT INTO Compound VALUES(276,110,2,582);
INSERT INTO Compound VALUES(277,111,1,498);
INSERT INTO Compound VALUES(278,111,2,582);
INSERT INTO Compound VALUES(279,112,1,799);
INSERT INTO Compound VALUES(280,112,2,577);
INSERT INTO Compound VALUES(281,113,1,800);
INSERT INTO Compound VALUES(282,113,2,577);
INSERT INTO Compound VALUES(283,114,1,800);
INSERT INTO Compound VALUES(284,114,2,486);
INSERT INTO Compound VALUES(285,411,1,800);
INSERT INTO Compound VALUES(286,411,2,582);
INSERT INTO Compound VALUES(287,115,1,801);
INSERT INTO Compound VALUES(288,115,2,486);
INSERT INTO Compound VALUES(289,116,1,802);
INSERT INTO Compound VALUES(290,116,2,486);
INSERT INTO Compound VALUES(291,414,1,37);
INSERT INTO Compound VALUES(292,414,2,486);
INSERT INTO Compound VALUES(293,508,1,803);
INSERT INTO Compound VALUES(294,508,2,486);
INSERT INTO Compound VALUES(295,118,1,804);
INSERT INTO Compound VALUES(296,118,2,486);
INSERT INTO Compound VALUES(297,121,1,805);
INSERT INTO Compound VALUES(298,121,2,806);
INSERT INTO Compound VALUES(299,128,1,790);
INSERT INTO Compound VALUES(300,128,2,683);
INSERT INTO Compound VALUES(301,131,1,393);
INSERT INTO Compound VALUES(302,131,2,807);
INSERT INTO Compound VALUES(303,134,1,808);
INSERT INTO Compound VALUES(304,134,2,809);
INSERT INTO Compound VALUES(305,135,1,810);
INSERT INTO Compound VALUES(306,135,2,132);
INSERT INTO Compound VALUES(307,136,1,811);
INSERT INTO Compound VALUES(308,136,2,812);
INSERT INTO Compound VALUES(309,137,1,813);
INSERT INTO Compound VALUES(310,137,2,814);
INSERT INTO Compound VALUES(311,140,1,432);
INSERT INTO Compound VALUES(312,140,2,132);
INSERT INTO Compound VALUES(313,146,1,50);
INSERT INTO Compound VALUES(314,146,2,39);
INSERT INTO Compound VALUES(315,147,1,50);
INSERT INTO Compound VALUES(316,147,2,41);
INSERT INTO Compound VALUES(317,148,1,50);
INSERT INTO Compound VALUES(318,148,2,40);
INSERT INTO Compound VALUES(321,145,1,50);
INSERT INTO Compound VALUES(322,145,2,38);
INSERT INTO Compound VALUES(329,157,1,815);
INSERT INTO Compound VALUES(330,157,2,816);
INSERT INTO Compound VALUES(331,158,1,817);
INSERT INTO Compound VALUES(332,158,2,130);
INSERT INTO Compound VALUES(333,160,1,818);
INSERT INTO Compound VALUES(334,160,2,276);
INSERT INTO Compound VALUES(335,162,1,819);
INSERT INTO Compound VALUES(336,162,2,163);
INSERT INTO Compound VALUES(337,164,1,820);
INSERT INTO Compound VALUES(338,164,2,821);
INSERT INTO Compound VALUES(339,165,1,822);
INSERT INTO Compound VALUES(340,165,2,823);
INSERT INTO Compound VALUES(341,406,1,744);
INSERT INTO Compound VALUES(342,406,2,822);
INSERT INTO Compound VALUES(343,166,1,332);
INSERT INTO Compound VALUES(344,166,2,824);
INSERT INTO Compound VALUES(345,169,1,825);
INSERT INTO Compound VALUES(346,169,2,157);
INSERT INTO Compound VALUES(347,171,1,826);
INSERT INTO Compound VALUES(348,171,2,160);
INSERT INTO Compound VALUES(349,174,1,235);
INSERT INTO Compound VALUES(350,174,2,827);
INSERT INTO Compound VALUES(351,175,1,828);
INSERT INTO Compound VALUES(352,175,2,829);
INSERT INTO Compound VALUES(353,176,1,828);
INSERT INTO Compound VALUES(354,176,2,829);
INSERT INTO Compound VALUES(355,176,3,827);
INSERT INTO Compound VALUES(356,631,1,235);
INSERT INTO Compound VALUES(357,631,2,829);
INSERT INTO Compound VALUES(358,632,1,235);
INSERT INTO Compound VALUES(359,632,2,829);
INSERT INTO Compound VALUES(360,632,3,827);
INSERT INTO Compound VALUES(361,181,1,783);
INSERT INTO Compound VALUES(362,181,2,830);
INSERT INTO Compound VALUES(363,182,1,826);
INSERT INTO Compound VALUES(364,182,2,603);
INSERT INTO Compound VALUES(365,184,1,173);
INSERT INTO Compound VALUES(366,184,2,366);
INSERT INTO Compound VALUES(367,184,3,827);
INSERT INTO Compound VALUES(368,185,1,831);
INSERT INTO Compound VALUES(369,185,2,832);
INSERT INTO Compound VALUES(370,186,1,833);
INSERT INTO Compound VALUES(371,186,2,195);
INSERT INTO Compound VALUES(372,188,1,195);
INSERT INTO Compound VALUES(373,188,2,834);
INSERT INTO Compound VALUES(374,189,1,835);
INSERT INTO Compound VALUES(375,189,2,836);
INSERT INTO Compound VALUES(376,190,1,837);
INSERT INTO Compound VALUES(377,190,2,838);
INSERT INTO Compound VALUES(378,191,1,114);
INSERT INTO Compound VALUES(379,191,2,839);
INSERT INTO Compound VALUES(380,192,1,840);
INSERT INTO Compound VALUES(381,192,2,841);
INSERT INTO Compound VALUES(382,201,1,842);
INSERT INTO Compound VALUES(383,201,2,190);
INSERT INTO Compound VALUES(384,202,1,398);
INSERT INTO Compound VALUES(385,202,2,843);
INSERT INTO Compound VALUES(386,209,1,427);
INSERT INTO Compound VALUES(387,209,2,844);
INSERT INTO Compound VALUES(388,210,1,845);
INSERT INTO Compound VALUES(389,210,2,846);
INSERT INTO Compound VALUES(390,213,1,21);
INSERT INTO Compound VALUES(391,213,2,847);
INSERT INTO Compound VALUES(392,214,1,848);
INSERT INTO Compound VALUES(393,214,2,507);
INSERT INTO Compound VALUES(394,215,1,848);
INSERT INTO Compound VALUES(395,215,2,430);
INSERT INTO Compound VALUES(396,216,1,848);
INSERT INTO Compound VALUES(397,216,2,849);
INSERT INTO Compound VALUES(398,219,1,208);
INSERT INTO Compound VALUES(399,219,2,207);
INSERT INTO Compound VALUES(400,521,1,208);
INSERT INTO Compound VALUES(401,521,2,503);
INSERT INTO Compound VALUES(402,223,1,850);
INSERT INTO Compound VALUES(403,223,2,384);
INSERT INTO Compound VALUES(404,225,1,21);
INSERT INTO Compound VALUES(405,225,2,121);
INSERT INTO Compound VALUES(406,226,1,851);
INSERT INTO Compound VALUES(407,226,2,121);
INSERT INTO Compound VALUES(408,227,1,844);
INSERT INTO Compound VALUES(409,227,2,201);
INSERT INTO Compound VALUES(410,228,1,852);
INSERT INTO Compound VALUES(411,228,2,853);
INSERT INTO Compound VALUES(412,229,1,218);
INSERT INTO Compound VALUES(413,229,2,121);
INSERT INTO Compound VALUES(414,230,1,582);
INSERT INTO Compound VALUES(415,230,2,581);
INSERT INTO Compound VALUES(416,735,1,582);
INSERT INTO Compound VALUES(417,735,2,854);
INSERT INTO Compound VALUES(418,234,1,384);
INSERT INTO Compound VALUES(419,234,2,855);
INSERT INTO Compound VALUES(420,235,1,384);
INSERT INTO Compound VALUES(421,235,2,856);
INSERT INTO Compound VALUES(422,236,1,857);
INSERT INTO Compound VALUES(423,236,2,858);
INSERT INTO Compound VALUES(424,237,1,859);
INSERT INTO Compound VALUES(425,237,2,858);
INSERT INTO Compound VALUES(426,241,1,860);
INSERT INTO Compound VALUES(427,241,2,230);
INSERT INTO Compound VALUES(428,242,1,268);
INSERT INTO Compound VALUES(429,242,2,861);
INSERT INTO Compound VALUES(430,243,1,862);
INSERT INTO Compound VALUES(431,243,2,863);
INSERT INTO Compound VALUES(432,265,1,22);
INSERT INTO Compound VALUES(433,265,2,402);
INSERT INTO Compound VALUES(434,266,1,427);
INSERT INTO Compound VALUES(435,266,2,402);
INSERT INTO Compound VALUES(436,268,1,426);
INSERT INTO Compound VALUES(437,268,2,229);
INSERT INTO Compound VALUES(438,270,1,864);
INSERT INTO Compound VALUES(439,270,2,37);
INSERT INTO Compound VALUES(440,271,1,26);
INSERT INTO Compound VALUES(441,271,2,793);
INSERT INTO Compound VALUES(442,271,3,865);
INSERT INTO Compound VALUES(443,276,1,866);
INSERT INTO Compound VALUES(444,276,2,276);
INSERT INTO Compound VALUES(445,277,1,778);
INSERT INTO Compound VALUES(446,277,2,867);
INSERT INTO Compound VALUES(447,310,1,265);
INSERT INTO Compound VALUES(448,310,2,37);
INSERT INTO Compound VALUES(449,279,1,868);
INSERT INTO Compound VALUES(450,279,2,869);
INSERT INTO Compound VALUES(451,283,1,19);
INSERT INTO Compound VALUES(452,283,2,230);
INSERT INTO Compound VALUES(453,287,1,20);
INSERT INTO Compound VALUES(454,287,2,297);
INSERT INTO Compound VALUES(455,289,1,870);
INSERT INTO Compound VALUES(456,289,2,871);
INSERT INTO Compound VALUES(457,290,1,733);
INSERT INTO Compound VALUES(458,290,2,863);
INSERT INTO Compound VALUES(459,291,1,872);
INSERT INTO Compound VALUES(460,291,2,236);
INSERT INTO Compound VALUES(461,294,1,578);
INSERT INTO Compound VALUES(462,294,2,838);
INSERT INTO Compound VALUES(463,298,1,826);
INSERT INTO Compound VALUES(464,298,2,235);
INSERT INTO Compound VALUES(465,302,1,658);
INSERT INTO Compound VALUES(466,302,2,21);
INSERT INTO Compound VALUES(467,304,1,873);
INSERT INTO Compound VALUES(468,304,2,863);
INSERT INTO Compound VALUES(469,305,1,20);
INSERT INTO Compound VALUES(470,305,2,283);
INSERT INTO Compound VALUES(471,306,1,268);
INSERT INTO Compound VALUES(472,306,2,874);
INSERT INTO Compound VALUES(473,307,1,875);
INSERT INTO Compound VALUES(474,307,2,863);
INSERT INTO Compound VALUES(475,308,1,876);
INSERT INTO Compound VALUES(476,308,2,863);
INSERT INTO Compound VALUES(477,749,1,877);
INSERT INTO Compound VALUES(478,749,2,863);
INSERT INTO Compound VALUES(479,309,1,230);
INSERT INTO Compound VALUES(480,309,2,276);
INSERT INTO Compound VALUES(481,311,1,20);
INSERT INTO Compound VALUES(482,311,2,263);
INSERT INTO Compound VALUES(485,314,1,844);
INSERT INTO Compound VALUES(486,314,2,863);
INSERT INTO Compound VALUES(487,316,1,878);
INSERT INTO Compound VALUES(488,316,2,879);
INSERT INTO Compound VALUES(489,317,1,880);
INSERT INTO Compound VALUES(490,317,2,202);
INSERT INTO Compound VALUES(491,318,1,231);
INSERT INTO Compound VALUES(492,318,2,805);
INSERT INTO Compound VALUES(493,321,1,881);
INSERT INTO Compound VALUES(494,321,2,882);
INSERT INTO Compound VALUES(495,322,1,883);
INSERT INTO Compound VALUES(496,322,2,884);
INSERT INTO Compound VALUES(497,323,1,881);
INSERT INTO Compound VALUES(498,323,2,885);
INSERT INTO Compound VALUES(499,324,1,698);
INSERT INTO Compound VALUES(500,324,2,886);
INSERT INTO Compound VALUES(501,326,1,276);
INSERT INTO Compound VALUES(502,326,2,123);
INSERT INTO Compound VALUES(503,329,1,118);
INSERT INTO Compound VALUES(504,329,2,887);
INSERT INTO Compound VALUES(505,338,1,364);
INSERT INTO Compound VALUES(506,338,2,888);
INSERT INTO Compound VALUES(507,340,1,889);
INSERT INTO Compound VALUES(508,340,2,756);
INSERT INTO Compound VALUES(509,342,1,120);
INSERT INTO Compound VALUES(510,342,2,890);
INSERT INTO Compound VALUES(511,346,1,891);
INSERT INTO Compound VALUES(512,346,2,892);
INSERT INTO Compound VALUES(513,347,1,893);
INSERT INTO Compound VALUES(514,347,2,819);
INSERT INTO Compound VALUES(515,348,1,290);
INSERT INTO Compound VALUES(516,348,2,121);
INSERT INTO Compound VALUES(517,352,1,338);
INSERT INTO Compound VALUES(518,352,2,834);
INSERT INTO Compound VALUES(519,371,1,894);
INSERT INTO Compound VALUES(520,371,2,683);
INSERT INTO Compound VALUES(521,374,1,364);
INSERT INTO Compound VALUES(522,374,2,514);
INSERT INTO Compound VALUES(523,391,1,884);
INSERT INTO Compound VALUES(524,391,2,895);
INSERT INTO Compound VALUES(525,395,1,580);
INSERT INTO Compound VALUES(526,395,2,373);
INSERT INTO Compound VALUES(527,398,1,114);
INSERT INTO Compound VALUES(528,398,2,45);
INSERT INTO Compound VALUES(529,402,1,597);
INSERT INTO Compound VALUES(530,402,2,896);
INSERT INTO Compound VALUES(531,403,1,586);
INSERT INTO Compound VALUES(532,403,2,585);
INSERT INTO Compound VALUES(533,407,1,897);
INSERT INTO Compound VALUES(534,407,2,655);
INSERT INTO Compound VALUES(535,409,1,177);
INSERT INTO Compound VALUES(536,409,2,121);
INSERT INTO Compound VALUES(537,416,1,898);
INSERT INTO Compound VALUES(538,416,2,402);
INSERT INTO Compound VALUES(539,418,1,899);
INSERT INTO Compound VALUES(540,418,2,867);
INSERT INTO Compound VALUES(541,420,1,900);
INSERT INTO Compound VALUES(542,420,2,901);
INSERT INTO Compound VALUES(543,725,1,902);
INSERT INTO Compound VALUES(544,725,2,207);
INSERT INTO Compound VALUES(545,426,1,341);
INSERT INTO Compound VALUES(546,426,2,821);
INSERT INTO Compound VALUES(547,430,1,903);
INSERT INTO Compound VALUES(548,430,2,904);
INSERT INTO Compound VALUES(549,433,1,419);
INSERT INTO Compound VALUES(550,433,2,905);
INSERT INTO Compound VALUES(551,446,1,118);
INSERT INTO Compound VALUES(552,446,2,906);
INSERT INTO Compound VALUES(553,447,1,319);
INSERT INTO Compound VALUES(554,447,2,430);
INSERT INTO Compound VALUES(555,449,1,907);
INSERT INTO Compound VALUES(556,449,2,908);
INSERT INTO Compound VALUES(557,450,1,909);
INSERT INTO Compound VALUES(558,450,2,34);
INSERT INTO Compound VALUES(559,452,1,910);
INSERT INTO Compound VALUES(560,452,2,911);
INSERT INTO Compound VALUES(561,453,1,912);
INSERT INTO Compound VALUES(562,453,2,683);
INSERT INTO Compound VALUES(563,463,1,475);
INSERT INTO Compound VALUES(564,463,2,913);
INSERT INTO Compound VALUES(565,466,1,914);
INSERT INTO Compound VALUES(566,466,2,915);
INSERT INTO Compound VALUES(567,467,1,916);
INSERT INTO Compound VALUES(568,467,2,917);
INSERT INTO Compound VALUES(569,472,1,918);
INSERT INTO Compound VALUES(570,472,2,813);
INSERT INTO Compound VALUES(571,474,1,919);
INSERT INTO Compound VALUES(572,474,2,920);
INSERT INTO Compound VALUES(573,475,1,371);
INSERT INTO Compound VALUES(574,475,2,367);
INSERT INTO Compound VALUES(575,476,1,234);
INSERT INTO Compound VALUES(576,476,2,366);
INSERT INTO Compound VALUES(577,481,1,18);
INSERT INTO Compound VALUES(578,481,2,921);
INSERT INTO Compound VALUES(579,509,1,356);
INSERT INTO Compound VALUES(580,509,2,486);
INSERT INTO Compound VALUES(581,510,1,825);
INSERT INTO Compound VALUES(582,510,2,922);
INSERT INTO Compound VALUES(583,513,1,486);
INSERT INTO Compound VALUES(584,513,2,494);
INSERT INTO Compound VALUES(585,514,1,803);
INSERT INTO Compound VALUES(586,514,2,400);
INSERT INTO Compound VALUES(587,523,1,580);
INSERT INTO Compound VALUES(588,523,2,505);
INSERT INTO Compound VALUES(589,525,1,923);
INSERT INTO Compound VALUES(590,525,2,924);
INSERT INTO Compound VALUES(591,527,1,624);
INSERT INTO Compound VALUES(592,527,2,234);
INSERT INTO Compound VALUES(593,528,1,624);
INSERT INTO Compound VALUES(594,528,2,307);
INSERT INTO Compound VALUES(595,529,1,926);
INSERT INTO Compound VALUES(596,529,2,37);
INSERT INTO Compound VALUES(597,530,1,927);
INSERT INTO Compound VALUES(598,530,2,37);
INSERT INTO Compound VALUES(599,532,1,121);
INSERT INTO Compound VALUES(600,532,2,928);
INSERT INTO Compound VALUES(601,533,1,316);
INSERT INTO Compound VALUES(602,533,2,928);
INSERT INTO Compound VALUES(603,535,1,120);
INSERT INTO Compound VALUES(604,535,2,929);
INSERT INTO Compound VALUES(605,536,1,120);
INSERT INTO Compound VALUES(606,536,2,930);
INSERT INTO Compound VALUES(607,537,1,120);
INSERT INTO Compound VALUES(608,537,2,894);
INSERT INTO Compound VALUES(609,539,1,355);
INSERT INTO Compound VALUES(610,539,2,486);
INSERT INTO Compound VALUES(611,541,1,931);
INSERT INTO Compound VALUES(612,541,2,905);
INSERT INTO Compound VALUES(613,542,1,932);
INSERT INTO Compound VALUES(614,542,2,323);
INSERT INTO Compound VALUES(615,543,1,323);
INSERT INTO Compound VALUES(616,543,2,932);
INSERT INTO Compound VALUES(617,544,1,322);
INSERT INTO Compound VALUES(618,544,2,933);
INSERT INTO Compound VALUES(619,548,1,19);
INSERT INTO Compound VALUES(620,548,2,530);
INSERT INTO Compound VALUES(621,550,1,934);
INSERT INTO Compound VALUES(622,550,2,935);
INSERT INTO Compound VALUES(623,551,1,934);
INSERT INTO Compound VALUES(624,551,2,633);
INSERT INTO Compound VALUES(625,552,1,899);
INSERT INTO Compound VALUES(626,552,2,936);
INSERT INTO Compound VALUES(627,554,1,536);
INSERT INTO Compound VALUES(628,554,2,334);
INSERT INTO Compound VALUES(629,554,3,194);
INSERT INTO Compound VALUES(630,561,1,937);
INSERT INTO Compound VALUES(631,561,2,733);
INSERT INTO Compound VALUES(632,564,1,546);
INSERT INTO Compound VALUES(633,564,2,474);
INSERT INTO Compound VALUES(634,569,1,938);
INSERT INTO Compound VALUES(635,569,2,939);
INSERT INTO Compound VALUES(636,573,1,555);
INSERT INTO Compound VALUES(637,573,2,331);
INSERT INTO Compound VALUES(638,579,1,20);
INSERT INTO Compound VALUES(639,579,2,940);
INSERT INTO Compound VALUES(640,581,1,563);
INSERT INTO Compound VALUES(641,581,2,201);
INSERT INTO Compound VALUES(642,582,1,563);
INSERT INTO Compound VALUES(643,582,2,200);
INSERT INTO Compound VALUES(644,601,1,941);
INSERT INTO Compound VALUES(645,601,2,585);
INSERT INTO Compound VALUES(646,604,1,69);
INSERT INTO Compound VALUES(647,604,2,942);
INSERT INTO Compound VALUES(648,605,1,943);
INSERT INTO Compound VALUES(649,605,2,942);
INSERT INTO Compound VALUES(650,606,1,19);
INSERT INTO Compound VALUES(651,606,2,944);
INSERT INTO Compound VALUES(652,610,1,592);
INSERT INTO Compound VALUES(653,610,2,17);
INSERT INTO Compound VALUES(654,612,1,447);
INSERT INTO Compound VALUES(655,612,2,945);
INSERT INTO Compound VALUES(656,637,1,597);
INSERT INTO Compound VALUES(657,637,2,620);
INSERT INTO Compound VALUES(658,639,1,622);
INSERT INTO Compound VALUES(659,639,2,620);
INSERT INTO Compound VALUES(660,640,1,925);
INSERT INTO Compound VALUES(661,640,2,884);
INSERT INTO Compound VALUES(662,642,1,625);
INSERT INTO Compound VALUES(663,642,2,307);
INSERT INTO Compound VALUES(664,649,1,946);
INSERT INTO Compound VALUES(665,649,2,947);
INSERT INTO Compound VALUES(666,651,1,631);
INSERT INTO Compound VALUES(667,651,2,365);
INSERT INTO Compound VALUES(668,652,1,632);
INSERT INTO Compound VALUES(669,652,2,365);
INSERT INTO Compound VALUES(670,660,1,948);
INSERT INTO Compound VALUES(671,660,2,949);
INSERT INTO Compound VALUES(672,771,1,950);
INSERT INTO Compound VALUES(673,771,2,949);
INSERT INTO Compound VALUES(674,662,1,456);
INSERT INTO Compound VALUES(675,662,2,577);
INSERT INTO Compound VALUES(676,663,1,456);
INSERT INTO Compound VALUES(677,663,2,951);
INSERT INTO Compound VALUES(678,664,1,735);
INSERT INTO Compound VALUES(679,664,2,440);
INSERT INTO Compound VALUES(680,665,1,953);
INSERT INTO Compound VALUES(681,665,2,954);
INSERT INTO Compound VALUES(682,666,1,955);
INSERT INTO Compound VALUES(683,666,2,956);
INSERT INTO Compound VALUES(684,667,1,955);
INSERT INTO Compound VALUES(685,667,2,957);
INSERT INTO Compound VALUES(686,668,1,211);
INSERT INTO Compound VALUES(687,668,2,901);
INSERT INTO Compound VALUES(688,669,1,958);
INSERT INTO Compound VALUES(689,669,2,123);
INSERT INTO Compound VALUES(690,670,1,344);
INSERT INTO Compound VALUES(691,670,2,207);
INSERT INTO Compound VALUES(692,680,1,959);
INSERT INTO Compound VALUES(693,680,2,158);
INSERT INTO Compound VALUES(694,684,1,960);
INSERT INTO Compound VALUES(695,684,2,24);
INSERT INTO Compound VALUES(696,695,1,961);
INSERT INTO Compound VALUES(697,695,2,962);
INSERT INTO Compound VALUES(698,697,1,841);
INSERT INTO Compound VALUES(699,697,2,486);
INSERT INTO Compound VALUES(700,701,1,684);
INSERT INTO Compound VALUES(701,701,2,963);
INSERT INTO Compound VALUES(702,703,1,618);
INSERT INTO Compound VALUES(703,703,2,964);
INSERT INTO Compound VALUES(704,704,1,870);
INSERT INTO Compound VALUES(705,704,2,585);
INSERT INTO Compound VALUES(706,710,1,870);
INSERT INTO Compound VALUES(707,710,2,965);
INSERT INTO Compound VALUES(708,711,1,966);
INSERT INTO Compound VALUES(709,711,2,967);
INSERT INTO Compound VALUES(710,712,1,935);
INSERT INTO Compound VALUES(711,712,2,968);
INSERT INTO Compound VALUES(712,716,1,907);
INSERT INTO Compound VALUES(713,716,2,701);
INSERT INTO Compound VALUES(714,719,1,909);
INSERT INTO Compound VALUES(715,719,2,600);
INSERT INTO Compound VALUES(716,722,1,969);
INSERT INTO Compound VALUES(717,722,2,970);
INSERT INTO Compound VALUES(718,726,1,603);
INSERT INTO Compound VALUES(719,726,2,76);
INSERT INTO Compound VALUES(720,727,1,6);
INSERT INTO Compound VALUES(721,727,2,587);
INSERT INTO Compound VALUES(722,728,1,6);
INSERT INTO Compound VALUES(723,728,2,588);
INSERT INTO Compound VALUES(724,731,1,971);
INSERT INTO Compound VALUES(725,731,2,972);
INSERT INTO Compound VALUES(726,736,1,822);
INSERT INTO Compound VALUES(727,736,2,973);
INSERT INTO Compound VALUES(728,737,1,974);
INSERT INTO Compound VALUES(729,737,2,486);
INSERT INTO Compound VALUES(730,740,1,342);
INSERT INTO Compound VALUES(731,740,2,975);
INSERT INTO Compound VALUES(732,741,1,115);
INSERT INTO Compound VALUES(733,741,2,805);
INSERT INTO Compound VALUES(734,747,1,802);
INSERT INTO Compound VALUES(735,747,2,400);
INSERT INTO Compound VALUES(736,751,1,912);
INSERT INTO Compound VALUES(737,751,2,885);
INSERT INTO Compound VALUES(738,752,1,894);
INSERT INTO Compound VALUES(739,752,2,885);
INSERT INTO Compound VALUES(740,753,1,894);
INSERT INTO Compound VALUES(741,753,2,751);
INSERT INTO Compound VALUES(742,754,1,735);
INSERT INTO Compound VALUES(743,754,2,495);
INSERT INTO Compound VALUES(744,763,1,440);
INSERT INTO Compound VALUES(745,763,2,749);
INSERT INTO Compound VALUES(746,763,3,683);
INSERT INTO Compound VALUES(747,763,4,727);
INSERT INTO Compound VALUES(748,986,1,20);
INSERT INTO Compound VALUES(749,986,2,834);
INSERT INTO Compound VALUES(750,989,1,549);
INSERT INTO Compound VALUES(751,989,2,312);
INSERT INTO Compound VALUES(752,993,1,985);
INSERT INTO Compound VALUES(753,993,2,344);
INSERT INTO Compound VALUES(754,991,1,503);
INSERT INTO Compound VALUES(755,991,2,986);
INSERT INTO Compound VALUES(756,992,1,641);
INSERT INTO Compound VALUES(757,992,2,986);
INSERT INTO Compound VALUES(758,999,1,989);
INSERT INTO Compound VALUES(759,999,2,384);
INSERT INTO Compound VALUES(760,1000,1,989);
INSERT INTO Compound VALUES(761,1000,2,115);
INSERT INTO Compound VALUES(762,1003,1,6);
INSERT INTO Compound VALUES(763,1003,2,993);
INSERT INTO Compound VALUES(764,1003,3,416);
INSERT INTO Compound VALUES(765,1004,1,229);
INSERT INTO Compound VALUES(766,1004,2,546);
INSERT INTO Compound VALUES(767,292,1,870);
INSERT INTO Compound VALUES(768,292,2,863);
INSERT INTO Compound VALUES(769,313,1,868);
INSERT INTO Compound VALUES(770,313,2,863);
INSERT INTO Compound VALUES(771,987,1,996);
INSERT INTO Compound VALUES(772,987,2,997);
INSERT INTO Compound VALUES(773,988,1,998);
INSERT INTO Compound VALUES(774,988,2,999);
INSERT INTO Compound VALUES(775,990,1,381);
INSERT INTO Compound VALUES(776,990,2,1000);
INSERT INTO Compound VALUES(777,996,1,894);
INSERT INTO Compound VALUES(778,996,2,1001);
INSERT INTO Compound VALUES(779,1012,1,1004);
INSERT INTO Compound VALUES(780,1012,2,967);
INSERT INTO Compound VALUES(781,1011,1,1005);
INSERT INTO Compound VALUES(782,1011,2,357);
INSERT INTO Compound VALUES(785,1021,1,1015);
INSERT INTO Compound VALUES(786,1021,2,1016);
INSERT INTO Compound VALUES(787,1022,1,1017);
INSERT INTO Compound VALUES(788,1022,2,1016);
INSERT INTO Compound VALUES(789,1017,1,1010);
INSERT INTO Compound VALUES(790,1017,2,1011);
INSERT INTO Compound VALUES(791,180,1,425);
INSERT INTO Compound VALUES(792,180,2,1018);
INSERT INTO Compound VALUES(793,1027,1,1020);
INSERT INTO Compound VALUES(794,1027,2,1005);
INSERT INTO Compound VALUES(795,1029,1,1022);
INSERT INTO Compound VALUES(796,1029,2,1023);
INSERT INTO Compound VALUES(797,1032,1,132);
INSERT INTO Compound VALUES(798,1032,2,1025);
INSERT INTO Compound VALUES(799,1032,3,583);
INSERT INTO Compound VALUES(800,1034,1,561);
INSERT INTO Compound VALUES(801,1034,2,230);
INSERT INTO Compound VALUES(802,1038,1,1029);
INSERT INTO Compound VALUES(803,1038,2,121);
INSERT INTO Compound VALUES(804,1039,1,1032);
INSERT INTO Compound VALUES(805,1039,2,964);
INSERT INTO Compound VALUES(806,1041,1,1004);
INSERT INTO Compound VALUES(807,1041,2,964);
INSERT INTO Compound VALUES(808,1042,1,73);
INSERT INTO Compound VALUES(809,1042,2,331);
INSERT INTO Compound VALUES(810,1043,1,1036);
INSERT INTO Compound VALUES(811,1043,2,1037);
INSERT INTO Compound VALUES(812,1046,1,971);
INSERT INTO Compound VALUES(813,1046,2,1039);
INSERT INTO Compound VALUES(814,1048,1,597);
INSERT INTO Compound VALUES(815,1048,2,826);
INSERT INTO Compound VALUES(816,1049,1,942);
INSERT INTO Compound VALUES(817,1049,2,69);
INSERT INTO Compound VALUES(818,1050,1,168);
INSERT INTO Compound VALUES(819,1050,2,817);
INSERT INTO Compound VALUES(820,1050,3,805);
INSERT INTO Compound VALUES(821,1051,1,1044);
INSERT INTO Compound VALUES(822,1051,2,430);
INSERT INTO Compound VALUES(823,1053,1,1046);
INSERT INTO Compound VALUES(824,1053,2,1047);
INSERT INTO Compound VALUES(825,1057,1,344);
INSERT INTO Compound VALUES(826,1057,2,1050);
INSERT INTO Compound VALUES(827,1059,1,344);
INSERT INTO Compound VALUES(828,1059,2,1052);
INSERT INTO Compound VALUES(829,1061,1,859);
INSERT INTO Compound VALUES(830,1061,2,384);
INSERT INTO Compound VALUES(831,1062,1,6);
INSERT INTO Compound VALUES(832,1062,2,1055);
INSERT INTO Compound VALUES(833,1062,3,414);
INSERT INTO Compound VALUES(834,149,1,523);
INSERT INTO Compound VALUES(835,149,2,40);
INSERT INTO Compound VALUES(836,152,1,523);
INSERT INTO Compound VALUES(837,152,2,38);
INSERT INTO Compound VALUES(838,151,1,523);
INSERT INTO Compound VALUES(839,151,2,39);
INSERT INTO Compound VALUES(840,150,1,523);
INSERT INTO Compound VALUES(841,150,2,41);
INSERT INTO Compound VALUES(842,1065,1,7);
INSERT INTO Compound VALUES(843,1065,2,1056);
INSERT INTO Compound VALUES(844,1065,3,340);
INSERT INTO Compound VALUES(845,1066,1,1059);
INSERT INTO Compound VALUES(846,1066,2,1060);
INSERT INTO Compound VALUES(847,1069,1,1062);
INSERT INTO Compound VALUES(848,1069,2,1063);
INSERT INTO Compound VALUES(849,1072,1,402);
INSERT INTO Compound VALUES(850,1072,2,1065);
INSERT INTO Compound VALUES(851,1072,3,805);
INSERT INTO Compound VALUES(852,1077,1,1070);
INSERT INTO Compound VALUES(853,1077,2,827);
INSERT INTO Compound VALUES(854,1082,1,1076);
INSERT INTO Compound VALUES(855,1082,2,1077);
INSERT INTO Compound VALUES(856,1086,1,1080);
INSERT INTO Compound VALUES(857,1086,2,331);
INSERT INTO Compound VALUES(858,1091,1,331);
INSERT INTO Compound VALUES(859,1091,2,821);
INSERT INTO Compound VALUES(860,1092,1,331);
INSERT INTO Compound VALUES(861,1092,2,1086);
INSERT INTO Compound VALUES(862,1094,1,7);
INSERT INTO Compound VALUES(863,1094,2,486);
INSERT INTO Compound VALUES(864,1094,3,772);
INSERT INTO Compound VALUES(865,1095,1,8);
INSERT INTO Compound VALUES(866,1095,2,486);
INSERT INTO Compound VALUES(867,1095,3,772);
INSERT INTO Compound VALUES(868,1096,1,9);
INSERT INTO Compound VALUES(869,1096,2,486);
INSERT INTO Compound VALUES(870,1096,3,772);
INSERT INTO Compound VALUES(871,1097,1,10);
INSERT INTO Compound VALUES(872,1097,2,486);
INSERT INTO Compound VALUES(873,1097,3,772);
INSERT INTO Compound VALUES(874,1098,1,7);
INSERT INTO Compound VALUES(875,1098,2,486);
INSERT INTO Compound VALUES(876,1098,3,356);
INSERT INTO Compound VALUES(877,1099,1,8);
INSERT INTO Compound VALUES(878,1099,2,486);
INSERT INTO Compound VALUES(879,1099,3,356);
INSERT INTO Compound VALUES(880,1100,1,9);
INSERT INTO Compound VALUES(881,1100,2,486);
INSERT INTO Compound VALUES(882,1100,3,356);
INSERT INTO Compound VALUES(883,1101,1,10);
INSERT INTO Compound VALUES(884,1101,2,486);
INSERT INTO Compound VALUES(885,1101,3,356);
INSERT INTO Compound VALUES(886,1107,1,1101);
INSERT INTO Compound VALUES(887,1107,2,1102);
INSERT INTO Compound VALUES(888,1112,1,1106);
INSERT INTO Compound VALUES(889,1112,2,37);
INSERT INTO Compound VALUES(890,1114,1,1108);
INSERT INTO Compound VALUES(891,1114,2,954);
INSERT INTO Compound VALUES(892,1118,1,1110);
INSERT INTO Compound VALUES(893,1118,2,402);
INSERT INTO Compound VALUES(894,1123,1,1115);
INSERT INTO Compound VALUES(895,1123,2,341);
INSERT INTO Compound VALUES(896,1127,1,1121);
INSERT INTO Compound VALUES(897,1127,2,230);
INSERT INTO Compound VALUES(898,1130,1,639);
INSERT INTO Compound VALUES(899,1130,2,1122);
INSERT INTO Compound VALUES(900,1131,1,581);
INSERT INTO Compound VALUES(901,1131,2,1125);
INSERT INTO Compound VALUES(902,1134,1,6);
INSERT INTO Compound VALUES(903,1134,2,1126);
INSERT INTO Compound VALUES(904,1134,3,706);
INSERT INTO Compound VALUES(905,1138,1,1132);
INSERT INTO Compound VALUES(906,1138,2,1074);
INSERT INTO Compound VALUES(907,1141,1,820);
INSERT INTO Compound VALUES(908,1141,2,130);
INSERT INTO Compound VALUES(909,1142,1,574);
INSERT INTO Compound VALUES(910,1142,2,445);
INSERT INTO Compound VALUES(911,1143,1,1110);
INSERT INTO Compound VALUES(912,1143,2,954);
INSERT INTO Compound VALUES(913,1144,1,1138);
INSERT INTO Compound VALUES(914,1144,2,1139);
INSERT INTO Compound VALUES(915,1147,1,1141);
INSERT INTO Compound VALUES(916,1147,2,1142);
INSERT INTO Compound VALUES(917,1153,1,177);
INSERT INTO Compound VALUES(918,1153,2,1147);
INSERT INTO Compound VALUES(919,1155,1,603);
INSERT INTO Compound VALUES(920,1155,2,585);
INSERT INTO Compound VALUES(921,1156,1,909);
INSERT INTO Compound VALUES(922,1156,2,660);
INSERT INTO Compound VALUES(923,1158,1,1152);
INSERT INTO Compound VALUES(924,1158,2,1153);
INSERT INTO Compound VALUES(925,1161,1,354);
INSERT INTO Compound VALUES(926,1161,2,112);
INSERT INTO Compound VALUES(927,1161,3,1155);
INSERT INTO Compound VALUES(928,1163,1,1157);
INSERT INTO Compound VALUES(929,1163,2,988);
INSERT INTO Compound VALUES(930,1163,3,474);
INSERT INTO Compound VALUES(931,1166,1,1160);
INSERT INTO Compound VALUES(932,1166,2,268);
INSERT INTO Compound VALUES(933,1166,3,1161);
INSERT INTO Compound VALUES(934,1169,1,129);
INSERT INTO Compound VALUES(935,1169,2,268);
INSERT INTO Compound VALUES(936,1170,1,114);
INSERT INTO Compound VALUES(937,1170,2,1164);
INSERT INTO Compound VALUES(938,1177,1,1171);
INSERT INTO Compound VALUES(939,1177,2,1172);
INSERT INTO Compound VALUES(940,1180,1,1168);
INSERT INTO Compound VALUES(941,1180,2,341);
CREATE TABLE TranslationExtra (
    id integer primary key,
    translation_id integer,
    info text,
    foreign key(translation_id) references Translation(id)
);
INSERT INTO TranslationExtra VALUES(1,98,'This is sort of like a contraction of **da bou**. Traditionally, the son is thought of as the child who _stays_ with the family, as opposed to the daughter, who gets married into a different family.');
INSERT INTO TranslationExtra VALUES(2,6,'The original character for this is actually , however you typically see the character  instead');
INSERT INTO TranslationExtra VALUES(3,401,' is not the "official" character used for **gian**, but I''m using it because it has the same sound and I''m not sure what a more appropriate character would be');
INSERT INTO TranslationExtra VALUES(4,665,'I took the character from [the wiktionary](https://en.wiktionary.org/wiki/%E5%A3%8F). Apparently it''s the traditional version, but my computer can''t render the simplified one so I''m only displaying traditional here');
INSERT INTO TranslationExtra VALUES(5,696,replace('These characters were chosen because they match phonetically, and it has nothing to do with the meaning of the individual characters\n','\n',char(10)));
INSERT INTO TranslationExtra VALUES(6,34,replace(' is the original character for this word, though  seems to be the more common and widely understood character\n','\n',char(10)));
INSERT INTO TranslationExtra VALUES(7,200,replace('These characters were chosen because they match phonetically, and it has nothing to do with the meaning of the individual characters\n','\n',char(10)));
INSERT INTO TranslationExtra VALUES(8,100,replace('I think this is just a shortening of **ja1 bhou(6) gian2**, and the character  was chosen because it matched the pronunciation.\n','\n',char(10)));
INSERT INTO TranslationExtra VALUES(9,977,replace('Note that the  character by itself actually has readings of "dang", "dong", and "diong", and it might have just been shortened to "da" in this particular phrase. You might also see it as "dan".\n\nThe second syllable  might also be read as "ng", but the sounds "eung" and "ng" are pretty similar to my ears.\n','\n',char(10)));
INSERT INTO TranslationExtra VALUES(10,1071,replace('I really wasn''t sure about the character for this one, but  seems to be what was used in the Gaginang discord.\n','\n',char(10)));
INSERT INTO TranslationExtra VALUES(11,1095,replace('The character  is part of CJK Unified Ideographs Extension B, which is often not included in system Chinese fonts. In order to make sure it''s displayed here, I''ve included it using a different font, which is why it might look stylistically different than the other Chinese characters on the site.\n','\n',char(10)));
INSERT INTO TranslationExtra VALUES(12,1165,replace('This is a contraction of **m(7) si6**\n','\n',char(10)));
CREATE TABLE PhraseTranslations (
    id integer primary key,
    phrase_id integer,
    words text,
    foreign key(phrase_id) references Phrases(id)
);
INSERT INTO PhraseTranslations VALUES(1,1,'I to_know_(information)');
INSERT INTO PhraseTranslations VALUES(2,2,'I name');
INSERT INTO PhraseTranslations VALUES(3,3,'you name what');
INSERT INTO PhraseTranslations VALUES(4,4,'you to_do what');
INSERT INTO PhraseTranslations VALUES(5,5,'you good| bad');
INSERT INTO PhraseTranslations VALUES(6,6,'I not-m6 to_know_(information)');
INSERT INTO PhraseTranslations VALUES(7,7,'how_many time_(hour)');
INSERT INTO PhraseTranslations VALUES(8,8,'you to_be_at where');
INSERT INTO PhraseTranslations VALUES(9,9,'you to_go where');
INSERT INTO PhraseTranslations VALUES(10,10,'I to_be_at house-lai6');
INSERT INTO PhraseTranslations VALUES(13,13,'this| how_many dollar');
INSERT INTO PhraseTranslations VALUES(14,14,'I to_go store');
INSERT INTO PhraseTranslations VALUES(15,15,'I to_go to_buy vegetables');
INSERT INTO PhraseTranslations VALUES(16,16,'I $personadjective');
INSERT INTO PhraseTranslations VALUES(17,17,'I to_want to_eat $drink');
INSERT INTO PhraseTranslations VALUES(18,18,'you to_like what color');
INSERT INTO PhraseTranslations VALUES(19,19,'you how_many age');
INSERT INTO PhraseTranslations VALUES(20,20,'today-ging1yik8| you to_have time no_(don''t_have)');
INSERT INTO PhraseTranslations VALUES(21,21,'I to_learn to_say Teochew_language');
INSERT INTO PhraseTranslations VALUES(22,22,'you when to_come');
INSERT INTO PhraseTranslations VALUES(23,23,'you to_have free_time| no_(don''t_have)');
INSERT INTO PhraseTranslations VALUES(24,24,'I busy');
INSERT INTO PhraseTranslations VALUES(25,25,'I 30 age');
INSERT INTO PhraseTranslations VALUES(26,26,'I to_wash bowl');
INSERT INTO PhraseTranslations VALUES(27,27,'I must to_brush_teeth');
INSERT INTO PhraseTranslations VALUES(28,28,'you to_eat rice done| no_(not_yet)');
INSERT INTO PhraseTranslations VALUES(29,29,'I done no_(not_yet) to_eat');
INSERT INTO PhraseTranslations VALUES(30,30,'she to_be_in_the_process_of to_see television');
INSERT INTO PhraseTranslations VALUES(31,31,'she to_sleep| already');
INSERT INTO PhraseTranslations VALUES(32,32,'I to_eat done| already');
INSERT INTO PhraseTranslations VALUES(33,33,'to_eat completed');
INSERT INTO PhraseTranslations VALUES(34,34,'don''t_need_to to_turn_on air_conditioner');
INSERT INTO PhraseTranslations VALUES(35,35,'I to_know_(how_to_do_something) to_do');
INSERT INTO PhraseTranslations VALUES(36,36,'you to_come house-lai6| no_(not_yet)');
INSERT INTO PhraseTranslations VALUES(37,37,'I to_want to_say word_(spoken) with-gah4 you');
INSERT INTO PhraseTranslations VALUES(38,38,'tonight| I to_go restaurant| to_eat');
INSERT INTO PhraseTranslations VALUES(39,38,'tonight| I to_go to_eat to_be_at-na7 restaurant');
INSERT INTO PhraseTranslations VALUES(40,22,'you to_come when');
INSERT INTO PhraseTranslations VALUES(41,39,'don''t too late_(at_night)| to_go to_sleep');
INSERT INTO PhraseTranslations VALUES(42,40,'I with I classifier_(generic) friend| to_go to_go_on_a_walk');
INSERT INTO PhraseTranslations VALUES(43,41,'she to_live_in to_be_at California');
INSERT INTO PhraseTranslations VALUES(44,41,'she to_live_in to_be_at-na7 California');
INSERT INTO PhraseTranslations VALUES(45,42,'she not-m6 to_know_(how_to_do_something) to_say Chinese_language');
INSERT INTO PhraseTranslations VALUES(46,43,'I to_say word_(spoken) with you tomorrow-mua32ki2| more');
INSERT INTO PhraseTranslations VALUES(47,44,'to_offer_good_wishes you happy_birthday');
INSERT INTO PhraseTranslations VALUES(48,45,'I no_(don''t_have) to_hear-tian1giang3');
INSERT INTO PhraseTranslations VALUES(49,46,'we_(including_person_spoken_to)| to_go| already');
INSERT INTO PhraseTranslations VALUES(50,47,'I just_now to_come');
INSERT INTO PhraseTranslations VALUES(51,48,'time_(it''s_time)| I to_go to_meet I friend| already');
CREATE TABLE Tags (id integer primary key, name text);
INSERT INTO Tags VALUES(1,'question words');
INSERT INTO Tags VALUES(2,'kitchenware');
INSERT INTO Tags VALUES(3,'food adjectives');
CREATE TABLE EnglishTags (
id integer primary key,
english_id integer references English(id),
tag_id integer references Tag(id)
);
INSERT INTO EnglishTags VALUES(1,282,1);
INSERT INTO EnglishTags VALUES(2,281,1);
INSERT INTO EnglishTags VALUES(3,119,1);
INSERT INTO EnglishTags VALUES(4,283,1);
INSERT INTO EnglishTags VALUES(5,284,1);
INSERT INTO EnglishTags VALUES(6,640,2);
INSERT INTO EnglishTags VALUES(7,455,2);
INSERT INTO EnglishTags VALUES(8,380,2);
INSERT INTO EnglishTags VALUES(9,569,2);
INSERT INTO EnglishTags VALUES(10,382,2);
INSERT INTO EnglishTags VALUES(11,381,2);
INSERT INTO EnglishTags VALUES(12,379,2);
INSERT INTO EnglishTags VALUES(13,628,2);
INSERT INTO EnglishTags VALUES(14,653,3);
INSERT INTO EnglishTags VALUES(15,430,3);
INSERT INTO EnglishTags VALUES(16,428,3);
INSERT INTO EnglishTags VALUES(17,532,3);
INSERT INTO EnglishTags VALUES(18,520,3);
INSERT INTO EnglishTags VALUES(19,504,3);
INSERT INTO EnglishTags VALUES(20,587,3);
INSERT INTO EnglishTags VALUES(21,503,3);
INSERT INTO EnglishTags VALUES(22,583,3);
INSERT INTO EnglishTags VALUES(23,673,2);
CREATE TABLE GrammarDefinitions (
id integer primary key,
english_id integer references English(id));
INSERT INTO GrammarDefinitions VALUES(1,671);
INSERT INTO GrammarDefinitions VALUES(2,605);
INSERT INTO GrammarDefinitions VALUES(3,664);
INSERT INTO GrammarDefinitions VALUES(4,665);
INSERT INTO GrammarDefinitions VALUES(5,696);
INSERT INTO GrammarDefinitions VALUES(6,720);
INSERT INTO GrammarDefinitions VALUES(7,750);
INSERT INTO GrammarDefinitions VALUES(8,726);
INSERT INTO GrammarDefinitions VALUES(9,766);
INSERT INTO GrammarDefinitions VALUES(10,803);
INSERT INTO GrammarDefinitions VALUES(11,814);
CREATE UNIQUE INDEX translation_english_teochew on Translation(english_id, teochew_id);
CREATE UNIQUE INDEX tag_id ON Tags(id);
CREATE UNIQUE INDEX english_tag_id ON EnglishTags(english_id, tag_id);
COMMIT;
